order_id,delivery_partner_id,promised_time,actual_time,delivery_time_minutes,distance_km,delivery_status,reasons_if_delayed
1961864118,63230,2024-07-17 08:52:00,2024-07-17 08:47:00,-5,0.96,On Time,
1549769649,14983,2024-05-28 13:25:00,2024-05-28 13:27:00,2,0.98,On Time,Traffic
9185164487,39859,2024-09-23 13:25:00,2024-09-23 13:29:00,4,3.83,On Time,Traffic
9644738826,61497,2023-11-24 16:34:00,2023-11-24 16:33:00,-1,2.76,On Time,
5427684290,84315,2023-11-20 05:17:00,2023-11-20 05:18:00,1,2.63,On Time,Traffic
3265154092,554,2023-03-18 16:49:00,2023-03-18 16:48:00,-1,1.94,On Time,
4898355547,14630,2023-04-16 19:01:00,2023-04-16 19:02:00,1,2.2,On Time,Traffic
6568151549,67714,2024-03-31 06:37:00,2024-03-31 06:39:00,2,1.3,On Time,Traffic
6006693867,91362,2023-07-14 00:02:00,2023-07-14 00:05:00,3,3.38,On Time,Traffic
374186990,77203,2023-08-09 01:37:00,2023-08-09 01:44:00,7,1.47,Slightly Delayed,Traffic
4455336265,64046,2023-08-30 19:47:00,2023-08-30 19:45:00,-2,0.76,On Time,
3539286337,94899,2023-04-25 20:44:00,2023-04-25 20:39:00,-5,3.68,On Time,
9171116867,73907,2023-10-22 11:25:00,2023-10-22 11:37:00,12,2.23,Slightly Delayed,Traffic
5504941865,56077,2024-01-28 02:55:00,2024-01-28 03:06:00,11,4.45,Slightly Delayed,Traffic
5868326481,94140,2024-03-15 21:24:00,2024-03-15 21:21:00,-3,2.8,On Time,
2137046916,12377,2024-02-03 09:03:00,2024-02-03 09:01:00,-2,1.78,On Time,
8195544338,102,2023-04-26 04:20:00,2023-04-26 04:28:00,8,1.16,Slightly Delayed,Traffic
2889700050,45032,2024-04-30 16:33:00,2024-04-30 16:36:00,3,3.07,On Time,Traffic
65827885,1108,2023-07-27 00:25:00,2023-07-27 00:20:00,-5,1.65,On Time,
4656471694,62782,2023-12-09 08:27:00,2023-12-09 08:35:00,8,3.7,Slightly Delayed,Traffic
6625178717,74906,2023-07-01 04:40:00,2023-07-01 04:53:00,13,4.22,Slightly Delayed,Traffic
7169557514,79516,2023-03-21 05:38:00,2023-03-21 05:50:00,12,3.28,Slightly Delayed,Traffic
2268306684,65733,2024-05-28 15:11:00,2024-05-28 15:10:00,-1,1.82,On Time,
6905293278,53868,2024-06-16 10:36:00,2024-06-16 11:02:00,26,0.58,Significantly Delayed,Traffic
1769493463,22954,2024-06-26 07:29:00,2024-06-26 07:24:00,-5,1.21,On Time,
5003387344,21004,2024-06-23 11:05:00,2024-06-23 11:00:00,-5,4.52,On Time,
2064484752,43022,2024-05-07 23:00:00,2024-05-07 22:55:00,-5,2.29,On Time,
964822979,42914,2024-07-13 10:49:00,2024-07-13 10:47:00,-2,1.09,On Time,
6037899648,59131,2024-03-27 18:00:00,2024-03-27 18:04:00,4,4.56,On Time,Traffic
9347571484,88612,2024-11-02 17:26:00,2024-11-02 17:39:00,13,3.29,Slightly Delayed,Traffic
3286177534,90038,2023-06-25 00:09:00,2023-06-25 00:07:00,-2,3.07,On Time,
9073572548,28575,2023-05-02 23:25:00,2023-05-02 23:47:00,22,4.77,Significantly Delayed,Traffic
8395583761,84816,2024-08-04 23:53:00,2024-08-04 23:48:00,-5,3.53,On Time,
6355378227,23910,2023-08-11 17:06:00,2023-08-11 17:05:00,-1,3.91,On Time,
277376321,78589,2024-07-28 04:45:00,2024-07-28 04:44:00,-1,3.85,On Time,
8559748526,93002,2023-04-05 18:27:00,2023-04-05 18:28:00,1,0.94,On Time,Traffic
1458051433,61040,2024-04-26 09:30:00,2024-04-26 09:26:00,-4,2.75,On Time,
5838302640,30907,2023-05-12 06:02:00,2023-05-12 06:09:00,7,1.7,Slightly Delayed,Traffic
1380971977,52614,2024-06-02 13:21:00,2024-06-02 13:16:00,-5,4.09,On Time,
1221099013,60689,2023-07-23 11:01:00,2023-07-23 11:03:00,2,3.15,On Time,Traffic
6771166303,98179,2023-07-24 04:36:00,2023-07-24 04:48:00,12,2.55,Slightly Delayed,Traffic
7111337755,84833,2023-05-06 06:07:00,2023-05-06 06:04:00,-3,3.44,On Time,
5562922993,73904,2023-12-06 02:14:00,2023-12-06 02:17:00,3,1.64,On Time,Traffic
5630957897,14408,2024-06-18 07:32:00,2024-06-18 07:36:00,4,3.92,On Time,Traffic
1787380558,95835,2023-11-08 17:43:00,2023-11-08 17:45:00,2,2.8,On Time,Traffic
32613017,77303,2023-03-17 00:36:00,2023-03-17 00:36:00,0,4.0,On Time,
2039041670,31963,2024-11-01 10:05:00,2024-11-01 10:20:00,15,2.12,Slightly Delayed,Traffic
210693801,14789,2024-08-21 04:10:00,2024-08-21 04:12:00,2,2.5,On Time,Traffic
8120002258,61526,2024-01-01 00:15:00,2024-01-01 00:11:00,-4,2.43,On Time,
2177917034,75636,2024-02-08 20:16:00,2024-02-08 20:25:00,9,0.73,Slightly Delayed,Traffic
4254814926,1761,2024-04-21 06:34:00,2024-04-21 06:33:00,-1,1.74,On Time,
6074172790,3481,2023-07-26 02:26:00,2023-07-26 02:30:00,4,2.48,On Time,Traffic
3381573131,50582,2024-07-16 00:47:00,2024-07-16 00:42:00,-5,4.91,On Time,
3773745777,97135,2024-05-02 14:58:00,2024-05-02 14:58:00,0,3.31,On Time,
9251939156,57095,2023-12-30 12:51:00,2023-12-30 12:58:00,7,2.35,Slightly Delayed,Traffic
3872982303,60234,2024-02-03 01:24:00,2024-02-03 01:25:00,1,2.6,On Time,Traffic
2625987757,51273,2023-08-01 07:54:00,2023-08-01 07:56:00,2,4.7,On Time,Traffic
3162249401,47552,2024-05-03 13:31:00,2024-05-03 13:31:00,0,1.72,On Time,
3108986741,60867,2023-10-17 19:43:00,2023-10-17 19:44:00,1,2.09,On Time,Traffic
1851474741,12879,2023-11-01 13:42:00,2023-11-01 13:51:00,9,4.09,Slightly Delayed,Traffic
2425099132,44245,2023-08-15 01:30:00,2023-08-15 01:34:00,4,1.07,On Time,Traffic
6706793332,76503,2024-10-09 22:04:00,2024-10-09 22:16:00,12,2.99,Slightly Delayed,Traffic
2149289255,25251,2024-11-01 15:20:00,2024-11-01 15:39:00,19,2.56,Significantly Delayed,Traffic
1971008155,30330,2023-10-23 22:43:00,2023-10-23 22:39:00,-4,0.86,On Time,
2087093460,27478,2024-07-11 11:42:00,2024-07-11 11:41:00,-1,0.77,On Time,
2116712588,34078,2023-11-11 20:48:00,2023-11-11 20:51:00,3,4.26,On Time,Traffic
6054358790,52564,2024-01-26 10:31:00,2024-01-26 10:26:00,-5,3.96,On Time,
532660797,97547,2024-05-20 06:37:00,2024-05-20 06:51:00,14,4.9,Slightly Delayed,Traffic
1491991005,85285,2024-03-04 09:01:00,2024-03-04 09:01:00,0,0.89,On Time,
4136019599,34667,2024-03-23 18:52:00,2024-03-23 18:55:00,3,4.58,On Time,Traffic
2122832513,39396,2024-02-17 19:58:00,2024-02-17 20:18:00,20,3.97,Significantly Delayed,Traffic
3717703595,8041,2023-04-24 21:52:00,2023-04-24 21:51:00,-1,2.48,On Time,
3194733693,16623,2023-07-05 10:30:00,2023-07-05 10:37:00,7,1.74,Slightly Delayed,Traffic
4471162437,54708,2024-02-06 12:52:00,2024-02-06 12:52:00,0,3.78,On Time,
1609331948,58721,2024-01-04 14:19:00,2024-01-04 14:19:00,0,1.56,On Time,
6920030794,38745,2024-06-24 02:51:00,2024-06-24 02:49:00,-2,3.47,On Time,
5127172657,80034,2024-06-11 18:30:00,2024-06-11 18:50:00,20,4.41,Significantly Delayed,Traffic
8607115856,85718,2023-10-09 04:52:00,2023-10-09 04:49:00,-3,2.33,On Time,
7154957395,63099,2023-04-09 10:21:00,2023-04-09 10:21:00,0,2.28,On Time,
2070762702,64950,2023-10-04 10:37:00,2023-10-04 10:52:00,15,3.61,Slightly Delayed,Traffic
3697242439,67408,2024-10-15 12:47:00,2024-10-15 12:46:00,-1,4.71,On Time,
3063427913,24100,2023-09-21 02:34:00,2023-09-21 02:37:00,3,4.76,On Time,Traffic
2060061337,50748,2023-04-15 23:10:00,2023-04-15 23:22:00,12,3.08,Slightly Delayed,Traffic
4625892678,40337,2023-06-18 19:35:00,2023-06-18 19:39:00,4,2.74,On Time,Traffic
6045698170,16848,2024-01-24 17:14:00,2024-01-24 17:19:00,5,3.86,On Time,Traffic
7876289647,28786,2024-08-07 08:06:00,2024-08-07 08:18:00,12,2.54,Slightly Delayed,Traffic
3434084714,58201,2024-02-02 03:06:00,2024-02-02 03:04:00,-2,3.51,On Time,
9031695663,43200,2024-01-17 01:35:00,2024-01-17 01:41:00,6,3.71,Slightly Delayed,Traffic
1955989715,8135,2023-12-27 07:06:00,2023-12-27 07:08:00,2,4.81,On Time,Traffic
3459500455,20504,2023-12-18 00:52:00,2023-12-18 00:54:00,2,2.66,On Time,Traffic
5953376503,34929,2024-05-25 04:08:00,2024-05-25 04:24:00,16,0.56,Significantly Delayed,Traffic
121874867,69733,2023-03-28 01:10:00,2023-03-28 01:05:00,-5,3.08,On Time,
2460545397,50527,2024-10-27 11:38:00,2024-10-27 11:49:00,11,2.53,Slightly Delayed,Traffic
9690050839,76868,2024-01-13 02:44:00,2024-01-13 02:49:00,5,3.82,On Time,Traffic
2574349065,406,2024-04-17 14:43:00,2024-04-17 14:44:00,1,1.72,On Time,Traffic
2461936988,77590,2023-07-20 23:29:00,2023-07-20 23:48:00,19,4.4,Significantly Delayed,Traffic
6447596416,45656,2023-10-08 18:30:00,2023-10-08 18:26:00,-4,4.27,On Time,
7228452275,96211,2023-05-13 01:25:00,2023-05-13 01:25:00,0,4.62,On Time,
6696750742,89976,2023-04-02 17:54:00,2023-04-02 17:54:00,0,4.39,On Time,
822235931,1773,2023-08-09 07:27:00,2023-08-09 07:42:00,15,1.42,Slightly Delayed,Traffic
7678251499,60822,2023-04-23 13:37:00,2023-04-23 13:42:00,5,1.85,On Time,Traffic
2497341976,42711,2023-09-21 09:19:00,2023-09-21 09:20:00,1,1.33,On Time,Traffic
9107314128,21125,2024-05-20 16:37:00,2024-05-20 16:36:00,-1,2.2,On Time,
9855726256,59743,2023-05-17 08:05:00,2023-05-17 08:03:00,-2,0.96,On Time,
9398719862,4852,2024-07-19 09:40:00,2024-07-19 09:44:00,4,0.85,On Time,Traffic
379494532,99227,2024-07-07 13:42:00,2024-07-07 13:44:00,2,3.39,On Time,Traffic
1048784963,35552,2023-09-07 13:35:00,2023-09-07 13:30:00,-5,2.18,On Time,
4386246924,56384,2024-08-27 10:26:00,2024-08-27 10:52:00,26,3.44,Significantly Delayed,Traffic
2050362692,16076,2024-10-30 11:36:00,2024-10-30 11:39:00,3,3.48,On Time,Traffic
4142963293,74308,2024-11-03 04:04:00,2024-11-03 04:07:00,3,1.26,On Time,Traffic
9753528654,63454,2024-07-26 07:35:00,2024-07-26 07:33:00,-2,1.84,On Time,
8126970833,83636,2024-09-14 20:41:00,2024-09-14 21:07:00,26,1.13,Significantly Delayed,Traffic
9747814712,33342,2023-12-16 15:52:00,2023-12-16 15:55:00,3,1.23,On Time,Traffic
6281619403,12086,2023-04-09 19:15:00,2023-04-09 19:10:00,-5,4.51,On Time,
436184281,59936,2023-11-20 12:55:00,2023-11-20 13:22:00,27,0.74,Significantly Delayed,Traffic
9799231260,58378,2024-03-07 09:17:00,2024-03-07 09:21:00,4,0.9,On Time,Traffic
4071811527,27993,2023-07-26 15:51:00,2023-07-26 16:00:00,9,2.39,Slightly Delayed,Traffic
5645359563,45180,2024-08-08 23:45:00,2024-08-08 23:40:00,-5,4.78,On Time,
9411813703,32773,2023-09-25 23:11:00,2023-09-25 23:16:00,5,0.65,On Time,Traffic
4270217473,4904,2024-02-01 09:02:00,2024-02-01 09:02:00,0,1.23,On Time,
279851011,73623,2023-04-11 09:58:00,2023-04-11 09:57:00,-1,4.34,On Time,
6260524887,22883,2024-06-01 07:00:00,2024-06-01 06:56:00,-4,3.76,On Time,
5853998391,23606,2023-09-08 02:58:00,2023-09-08 02:55:00,-3,4.67,On Time,
9931976872,97297,2024-06-24 05:32:00,2024-06-24 05:28:00,-4,3.03,On Time,
8432209832,18907,2024-03-20 03:42:00,2024-03-20 03:54:00,12,4.17,Slightly Delayed,Traffic
6023721507,72197,2024-04-07 00:36:00,2024-04-07 00:35:00,-1,2.05,On Time,
3042338919,70995,2023-05-17 15:05:00,2023-05-17 15:02:00,-3,1.33,On Time,
233646065,56968,2023-09-19 22:43:00,2023-09-19 22:48:00,5,4.89,On Time,Traffic
9870610018,44706,2024-02-08 05:36:00,2024-02-08 05:35:00,-1,0.86,On Time,
1398230967,92744,2024-04-22 10:13:00,2024-04-22 10:09:00,-4,4.81,On Time,
8615488922,1328,2023-11-04 00:21:00,2023-11-04 00:42:00,21,3.94,Significantly Delayed,Traffic
2748841057,11008,2023-12-30 05:19:00,2023-12-30 05:43:00,24,0.84,Significantly Delayed,Traffic
1375867721,21511,2024-07-15 17:08:00,2024-07-15 17:05:00,-3,4.45,On Time,
8595141097,19332,2024-03-31 10:36:00,2024-03-31 10:39:00,3,4.33,On Time,Traffic
4673382071,97477,2024-01-16 13:40:00,2024-01-16 13:49:00,9,4.9,Slightly Delayed,Traffic
2948696008,89164,2024-04-10 10:22:00,2024-04-10 10:19:00,-3,2.28,On Time,
6839692624,44627,2023-11-19 02:10:00,2023-11-19 02:35:00,25,1.17,Significantly Delayed,Traffic
5770951298,4946,2023-10-02 18:23:00,2023-10-02 18:21:00,-2,0.95,On Time,
5084771819,66403,2024-08-29 22:05:00,2024-08-29 22:18:00,13,1.37,Slightly Delayed,Traffic
422403644,23782,2023-05-27 23:46:00,2023-05-27 23:54:00,8,0.56,Slightly Delayed,Traffic
7176758896,75492,2023-07-13 13:00:00,2023-07-13 13:01:00,1,2.94,On Time,Traffic
8252905093,40596,2024-04-21 23:29:00,2024-04-21 23:30:00,1,3.25,On Time,Traffic
1488561572,31495,2024-08-27 08:32:00,2024-08-27 08:31:00,-1,2.51,On Time,
6212984517,15665,2024-03-16 22:05:00,2024-03-16 22:03:00,-2,1.27,On Time,
6309784337,23009,2024-05-06 17:53:00,2024-05-06 17:53:00,0,4.05,On Time,
4613890018,82638,2023-10-24 13:00:00,2023-10-24 13:00:00,0,3.82,On Time,
3429728472,77476,2023-03-31 08:48:00,2023-03-31 08:57:00,9,1.25,Slightly Delayed,Traffic
267738904,73022,2023-10-24 23:24:00,2023-10-24 23:38:00,14,4.28,Slightly Delayed,Traffic
3850416839,32659,2024-07-01 02:23:00,2024-07-01 02:36:00,13,1.32,Slightly Delayed,Traffic
3412702479,35140,2023-12-24 07:46:00,2023-12-24 07:51:00,5,1.11,On Time,Traffic
2016183232,38755,2023-07-19 04:35:00,2023-07-19 04:46:00,11,1.63,Slightly Delayed,Traffic
3810280204,70290,2023-10-26 18:06:00,2023-10-26 18:10:00,4,0.75,On Time,Traffic
2416767295,28144,2024-07-05 03:50:00,2024-07-05 03:59:00,9,1.13,Slightly Delayed,Traffic
2283439407,58922,2023-07-14 02:28:00,2023-07-14 02:32:00,4,0.57,On Time,Traffic
4328802292,66985,2023-06-14 19:57:00,2023-06-14 20:15:00,18,3.65,Significantly Delayed,Traffic
7072715691,82046,2023-12-25 19:28:00,2023-12-25 19:29:00,1,3.65,On Time,Traffic
5640741373,20090,2024-05-10 06:57:00,2024-05-10 06:57:00,0,4.34,On Time,
6931094066,66225,2023-11-15 22:18:00,2023-11-15 22:14:00,-4,3.82,On Time,
3417088709,63738,2024-05-30 17:37:00,2024-05-30 17:58:00,21,1.29,Significantly Delayed,Traffic
4424404315,8506,2023-07-16 07:36:00,2023-07-16 07:40:00,4,2.43,On Time,Traffic
2444087306,75692,2023-07-28 08:35:00,2023-07-28 08:37:00,2,4.67,On Time,Traffic
486085268,90390,2023-12-11 19:51:00,2023-12-11 19:56:00,5,0.53,On Time,Traffic
1731312620,75316,2023-05-08 20:42:00,2023-05-08 20:41:00,-1,2.13,On Time,
6475582506,52304,2023-09-23 05:01:00,2023-09-23 05:05:00,4,2.09,On Time,Traffic
1868581378,38861,2024-03-29 18:43:00,2024-03-29 18:47:00,4,3.94,On Time,Traffic
8884235937,81977,2024-08-09 12:01:00,2024-08-09 12:09:00,8,4.57,Slightly Delayed,Traffic
4590662628,18200,2024-01-10 12:02:00,2024-01-10 12:17:00,15,2.1,Slightly Delayed,Traffic
992302540,12863,2023-11-26 21:51:00,2023-11-26 21:54:00,3,3.48,On Time,Traffic
7169974633,69861,2024-10-16 16:22:00,2024-10-16 16:21:00,-1,2.57,On Time,
6703651257,4285,2024-01-17 01:43:00,2024-01-17 01:46:00,3,2.43,On Time,Traffic
7180810221,59848,2023-09-10 16:58:00,2023-09-10 17:07:00,9,0.51,Slightly Delayed,Traffic
7875587578,40025,2024-07-15 08:59:00,2024-07-15 09:09:00,10,3.53,Slightly Delayed,Traffic
2578671497,64618,2024-01-25 00:16:00,2024-01-25 00:21:00,5,0.79,On Time,Traffic
6284350691,9053,2024-06-20 01:13:00,2024-06-20 01:13:00,0,4.5,On Time,
5383261788,94840,2023-10-18 21:34:00,2023-10-18 21:30:00,-4,2.11,On Time,
6590867973,23582,2023-11-20 08:55:00,2023-11-20 08:54:00,-1,0.73,On Time,
8787105023,54795,2024-05-07 23:09:00,2024-05-07 23:12:00,3,3.68,On Time,Traffic
1402916311,57649,2024-04-23 13:05:00,2024-04-23 13:09:00,4,2.72,On Time,Traffic
9715205272,21783,2024-10-21 22:09:00,2024-10-21 22:11:00,2,4.93,On Time,Traffic
3946852375,92389,2024-07-04 12:45:00,2024-07-04 12:45:00,0,4.04,On Time,
3367039425,72408,2024-03-10 03:58:00,2024-03-10 04:00:00,2,1.38,On Time,Traffic
687711388,44884,2024-02-02 10:28:00,2024-02-02 10:40:00,12,1.67,Slightly Delayed,Traffic
647012431,94183,2024-06-16 13:27:00,2024-06-16 13:45:00,18,0.92,Significantly Delayed,Traffic
7143278295,89680,2024-02-13 15:39:00,2024-02-13 15:35:00,-4,1.65,On Time,
9736844695,87624,2024-04-09 20:18:00,2024-04-09 20:13:00,-5,1.4,On Time,
5933289680,1722,2023-12-07 04:49:00,2023-12-07 05:09:00,20,2.24,Significantly Delayed,Traffic
9494303116,12071,2024-07-21 11:04:00,2024-07-21 11:09:00,5,3.87,On Time,Traffic
9337878102,15234,2023-05-16 04:09:00,2023-05-16 04:05:00,-4,0.63,On Time,
6872621077,42244,2023-09-14 18:29:00,2023-09-14 18:24:00,-5,3.42,On Time,
7330237253,18688,2023-12-07 12:38:00,2023-12-07 12:37:00,-1,3.63,On Time,
7942616242,76694,2023-09-30 08:27:00,2023-09-30 08:52:00,25,4.96,Significantly Delayed,Traffic
238520071,91088,2024-02-20 05:44:00,2024-02-20 05:47:00,3,1.92,On Time,Traffic
5812379362,68969,2023-08-05 11:05:00,2023-08-05 11:01:00,-4,4.52,On Time,
2616623847,43649,2024-01-19 19:22:00,2024-01-19 19:37:00,15,4.33,Slightly Delayed,Traffic
2040854480,11814,2023-12-10 00:22:00,2023-12-10 00:47:00,25,2.48,Significantly Delayed,Traffic
5456484560,32681,2024-09-26 02:10:00,2024-09-26 02:35:00,25,3.76,Significantly Delayed,Traffic
883309006,23074,2024-04-09 08:22:00,2024-04-09 08:30:00,8,3.46,Slightly Delayed,Traffic
6528341992,50910,2024-01-29 03:43:00,2024-01-29 03:54:00,11,2.7,Slightly Delayed,Traffic
3263203775,38308,2024-09-28 15:37:00,2024-09-28 15:36:00,-1,3.36,On Time,
3660010934,17404,2024-01-31 15:44:00,2024-01-31 15:49:00,5,2.74,On Time,Traffic
7944885043,16741,2024-05-26 08:31:00,2024-05-26 08:29:00,-2,2.23,On Time,
2506369831,62473,2023-06-16 13:22:00,2023-06-16 13:35:00,13,4.07,Slightly Delayed,Traffic
697061213,80729,2023-03-25 09:52:00,2023-03-25 09:55:00,3,1.48,On Time,Traffic
7079057004,16501,2023-09-30 09:10:00,2023-09-30 09:32:00,22,3.58,Significantly Delayed,Traffic
1556153632,45137,2024-05-04 08:54:00,2024-05-04 09:03:00,9,0.75,Slightly Delayed,Traffic
2161235338,96206,2024-04-12 15:12:00,2024-04-12 15:21:00,9,4.68,Slightly Delayed,Traffic
1247978468,30662,2024-07-19 02:13:00,2024-07-19 02:12:00,-1,1.56,On Time,
5437627061,39894,2024-08-22 02:15:00,2024-08-22 02:16:00,1,4.76,On Time,Traffic
9091960039,51540,2024-02-11 10:04:00,2024-02-11 10:04:00,0,2.76,On Time,
619198317,83654,2023-11-20 17:16:00,2023-11-20 17:11:00,-5,4.77,On Time,
9833179291,97223,2023-05-04 18:52:00,2023-05-04 18:48:00,-4,0.59,On Time,
4148760273,55805,2024-05-22 01:55:00,2024-05-22 01:58:00,3,4.35,On Time,Traffic
7206041763,1128,2023-05-30 19:35:00,2023-05-30 19:37:00,2,2.69,On Time,Traffic
690097648,92460,2023-12-27 20:30:00,2023-12-27 20:40:00,10,1.87,Slightly Delayed,Traffic
4197061567,48139,2024-02-04 03:31:00,2024-02-04 03:33:00,2,0.66,On Time,Traffic
2009394836,71878,2023-10-24 22:25:00,2023-10-24 22:23:00,-2,3.18,On Time,
277502363,18055,2023-12-28 14:04:00,2023-12-28 14:09:00,5,4.14,On Time,Traffic
4356959622,94308,2024-01-16 07:56:00,2024-01-16 07:51:00,-5,3.45,On Time,
174306009,35598,2024-08-09 00:35:00,2024-08-09 01:02:00,27,1.41,Significantly Delayed,Traffic
9582674091,16055,2024-08-16 11:39:00,2024-08-16 12:01:00,22,3.55,Significantly Delayed,Traffic
8675579025,13158,2024-07-06 12:15:00,2024-07-06 12:17:00,2,3.41,On Time,Traffic
5195999941,12987,2024-07-19 19:07:00,2024-07-19 19:21:00,14,2.34,Slightly Delayed,Traffic
5210007923,94672,2024-10-01 05:24:00,2024-10-01 05:25:00,1,2.16,On Time,Traffic
6595771960,72175,2023-04-05 03:36:00,2023-04-05 03:40:00,4,1.75,On Time,Traffic
4247338382,85815,2023-12-05 02:11:00,2023-12-05 02:40:00,29,4.26,Significantly Delayed,Traffic
819143326,73801,2024-01-10 19:34:00,2024-01-10 19:39:00,5,4.37,On Time,Traffic
3830844750,95930,2023-08-06 16:07:00,2023-08-06 16:04:00,-3,4.35,On Time,
1687314172,86120,2024-03-13 19:00:00,2024-03-13 19:03:00,3,3.7,On Time,Traffic
6756007265,48609,2023-07-27 18:37:00,2023-07-27 18:42:00,5,4.05,On Time,Traffic
489762747,93825,2024-09-27 16:52:00,2024-09-27 17:18:00,26,3.26,Significantly Delayed,Traffic
7509195875,96839,2023-11-26 20:11:00,2023-11-26 20:14:00,3,4.89,On Time,Traffic
2370917070,13883,2023-07-25 06:11:00,2023-07-25 06:16:00,5,2.92,On Time,Traffic
2055388266,80608,2023-06-23 06:41:00,2023-06-23 06:49:00,8,1.43,Slightly Delayed,Traffic
8969304162,67811,2023-10-12 15:03:00,2023-10-12 15:02:00,-1,1.66,On Time,
5412674107,15617,2024-10-06 22:00:00,2024-10-06 22:02:00,2,1.75,On Time,Traffic
1536516619,44378,2023-11-25 08:10:00,2023-11-25 08:15:00,5,2.48,On Time,Traffic
3858907413,29907,2023-07-27 18:45:00,2023-07-27 18:45:00,0,4.53,On Time,
4976389251,89142,2023-09-05 10:13:00,2023-09-05 10:08:00,-5,1.42,On Time,
2218319201,957,2024-11-01 03:12:00,2024-11-01 03:11:00,-1,3.58,On Time,
6729422433,99898,2023-07-19 13:55:00,2023-07-19 14:01:00,6,2.81,Slightly Delayed,Traffic
1354097448,10089,2023-06-21 17:53:00,2023-06-21 17:55:00,2,1.71,On Time,Traffic
8952275304,95373,2024-08-31 08:22:00,2024-08-31 08:22:00,0,1.27,On Time,
436603801,64535,2023-12-28 10:14:00,2023-12-28 10:11:00,-3,3.24,On Time,
5273875984,60888,2023-05-31 03:45:00,2023-05-31 03:59:00,14,0.98,Slightly Delayed,Traffic
9290203003,44829,2024-04-01 12:31:00,2024-04-01 12:36:00,5,1.9,On Time,Traffic
6240982373,16774,2023-04-26 03:27:00,2023-04-26 03:24:00,-3,0.97,On Time,
2718348206,66580,2023-11-08 10:37:00,2023-11-08 10:33:00,-4,2.16,On Time,
4903544026,7486,2024-05-11 04:45:00,2024-05-11 04:50:00,5,4.24,On Time,Traffic
2827266949,24708,2024-09-17 08:10:00,2024-09-17 08:18:00,8,0.86,Slightly Delayed,Traffic
4278423074,23667,2023-12-17 05:02:00,2023-12-17 05:05:00,3,1.71,On Time,Traffic
645916247,98927,2023-10-10 03:03:00,2023-10-10 03:32:00,29,3.22,Significantly Delayed,Traffic
5816647866,84702,2024-09-26 05:23:00,2024-09-26 05:40:00,17,1.15,Significantly Delayed,Traffic
7282397914,26008,2024-07-14 01:35:00,2024-07-14 01:40:00,5,2.19,On Time,Traffic
3260611473,28392,2024-02-06 13:54:00,2024-02-06 14:12:00,18,2.73,Significantly Delayed,Traffic
8638163868,29019,2023-06-07 03:41:00,2023-06-07 03:46:00,5,1.66,On Time,Traffic
177850987,61247,2023-11-07 14:25:00,2023-11-07 14:22:00,-3,2.9,On Time,
9653859166,72058,2023-03-16 19:36:00,2023-03-16 19:50:00,14,0.95,Slightly Delayed,Traffic
9991338690,50037,2024-07-29 11:45:00,2024-07-29 11:46:00,1,2.15,On Time,Traffic
1714593246,11180,2024-10-20 10:02:00,2024-10-20 10:04:00,2,1.89,On Time,Traffic
9742461226,16877,2024-01-01 00:43:00,2024-01-01 00:40:00,-3,1.16,On Time,
3314393477,37197,2024-10-26 13:49:00,2024-10-26 13:52:00,3,4.51,On Time,Traffic
4188317986,48031,2023-03-20 01:56:00,2023-03-20 02:06:00,10,2.74,Slightly Delayed,Traffic
1646665366,59753,2024-07-26 19:01:00,2024-07-26 19:13:00,12,3.22,Slightly Delayed,Traffic
9558804585,32740,2024-03-15 12:09:00,2024-03-15 12:15:00,6,1.81,Slightly Delayed,Traffic
9047652469,27774,2024-08-05 03:28:00,2024-08-05 03:23:00,-5,3.21,On Time,
2893800377,54327,2024-03-22 11:57:00,2024-03-22 11:53:00,-4,4.56,On Time,
6139157985,23927,2024-02-03 13:51:00,2024-02-03 14:13:00,22,1.17,Significantly Delayed,Traffic
6029394789,28593,2023-04-30 06:23:00,2023-04-30 06:32:00,9,2.43,Slightly Delayed,Traffic
5874940276,22218,2024-04-11 06:45:00,2024-04-11 06:40:00,-5,1.62,On Time,
5205211911,38835,2024-09-27 18:52:00,2024-09-27 19:06:00,14,0.86,Slightly Delayed,Traffic
5314758068,68342,2024-02-03 00:36:00,2024-02-03 00:46:00,10,2.53,Slightly Delayed,Traffic
484869710,41598,2023-09-09 12:05:00,2023-09-09 12:08:00,3,4.8,On Time,Traffic
9957728938,64839,2024-08-05 21:43:00,2024-08-05 21:59:00,16,4.11,Significantly Delayed,Traffic
3136056666,60976,2024-04-29 03:40:00,2024-04-29 03:52:00,12,2.35,Slightly Delayed,Traffic
4926104391,13060,2023-10-24 08:02:00,2023-10-24 08:16:00,14,3.91,Slightly Delayed,Traffic
1827844756,78517,2023-04-07 11:43:00,2023-04-07 11:46:00,3,1.67,On Time,Traffic
7032037874,59618,2024-06-13 19:17:00,2024-06-13 19:17:00,0,2.75,On Time,
3779230503,52785,2023-07-11 05:30:00,2023-07-11 05:29:00,-1,2.32,On Time,
3473012553,99684,2024-02-16 21:48:00,2024-02-16 22:14:00,26,3.48,Significantly Delayed,Traffic
7988504487,86506,2024-05-14 11:42:00,2024-05-14 11:41:00,-1,1.73,On Time,
7193792738,91241,2024-06-05 15:49:00,2024-06-05 15:53:00,4,2.36,On Time,Traffic
1533583386,40902,2023-08-28 20:27:00,2023-08-28 20:24:00,-3,4.03,On Time,
7750989397,42583,2024-01-07 01:20:00,2024-01-07 01:24:00,4,2.23,On Time,Traffic
4434816229,17469,2023-09-14 07:10:00,2023-09-14 07:05:00,-5,4.05,On Time,
6896732047,29664,2024-04-18 18:08:00,2024-04-18 18:06:00,-2,4.18,On Time,
4740837071,70,2023-11-01 15:42:00,2023-11-01 15:47:00,5,4.31,On Time,Traffic
6649631729,9599,2024-09-30 09:39:00,2024-09-30 09:38:00,-1,0.86,On Time,
5351526726,18337,2023-03-28 19:08:00,2023-03-28 19:04:00,-4,2.79,On Time,
1506082041,80462,2023-05-04 08:00:00,2023-05-04 07:57:00,-3,1.04,On Time,
1023260165,93967,2024-02-16 19:23:00,2024-02-16 19:23:00,0,3.36,On Time,
8257032403,71946,2024-09-18 21:34:00,2024-09-18 21:37:00,3,2.03,On Time,Traffic
7216524192,79713,2024-09-01 16:33:00,2024-09-01 16:30:00,-3,3.33,On Time,
8619795820,68794,2024-09-04 09:30:00,2024-09-04 09:51:00,21,4.22,Significantly Delayed,Traffic
6494708839,36208,2023-06-18 16:18:00,2023-06-18 16:19:00,1,4.68,On Time,Traffic
9859249765,19900,2024-05-13 14:10:00,2024-05-13 14:07:00,-3,4.49,On Time,
3528020011,32566,2023-11-12 12:01:00,2023-11-12 12:04:00,3,2.96,On Time,Traffic
5937934264,41221,2024-09-11 19:35:00,2024-09-11 19:50:00,15,1.83,Slightly Delayed,Traffic
2976477423,2591,2023-08-17 07:47:00,2023-08-17 07:47:00,0,2.26,On Time,
1002438039,52508,2024-02-17 03:44:00,2024-02-17 03:43:00,-1,1.4,On Time,
2571163022,59402,2024-02-06 22:20:00,2024-02-06 22:34:00,14,4.14,Slightly Delayed,Traffic
6850221497,43013,2024-07-21 22:52:00,2024-07-21 22:47:00,-5,3.02,On Time,
4706569127,74560,2023-07-27 18:51:00,2023-07-27 18:56:00,5,4.56,On Time,Traffic
8168261752,18998,2024-04-22 06:30:00,2024-04-22 06:53:00,23,2.24,Significantly Delayed,Traffic
5828325906,34564,2023-12-04 11:59:00,2023-12-04 11:57:00,-2,4.29,On Time,
5012271549,31783,2024-09-21 10:19:00,2024-09-21 10:47:00,28,2.59,Significantly Delayed,Traffic
8110316958,29001,2024-01-30 19:48:00,2024-01-30 19:45:00,-3,1.73,On Time,
3190808443,42099,2024-01-10 09:00:00,2024-01-10 08:56:00,-4,0.54,On Time,
7175472728,95658,2023-09-12 12:01:00,2023-09-12 12:01:00,0,4.77,On Time,
6011117738,8264,2024-01-07 11:01:00,2024-01-07 11:04:00,3,1.47,On Time,Traffic
5592928753,96131,2024-08-23 20:59:00,2024-08-23 21:10:00,11,3.13,Slightly Delayed,Traffic
3952040848,16761,2024-05-09 00:41:00,2024-05-09 00:39:00,-2,4.44,On Time,
7026479520,82300,2024-07-17 22:17:00,2024-07-17 22:19:00,2,3.2,On Time,Traffic
6572695161,11353,2024-03-18 08:32:00,2024-03-18 08:32:00,0,0.88,On Time,
9090769419,45133,2024-09-02 03:29:00,2024-09-02 03:25:00,-4,2.74,On Time,
5979489110,8681,2023-09-07 08:03:00,2023-09-07 08:05:00,2,1.9,On Time,Traffic
964698323,88842,2024-09-30 23:34:00,2024-09-30 23:39:00,5,2.87,On Time,Traffic
2304242664,76144,2024-03-21 08:47:00,2024-03-21 08:47:00,0,2.7,On Time,
2483843748,62504,2023-05-24 09:35:00,2023-05-24 09:38:00,3,0.78,On Time,Traffic
2560588609,48964,2024-06-21 01:35:00,2024-06-21 01:36:00,1,1.87,On Time,Traffic
9268920928,26193,2023-07-05 12:44:00,2023-07-05 12:48:00,4,1.7,On Time,Traffic
9554019312,24936,2023-09-08 02:10:00,2023-09-08 02:05:00,-5,3.54,On Time,
3749174258,32618,2024-02-13 07:59:00,2024-02-13 08:10:00,11,2.28,Slightly Delayed,Traffic
3947164241,82928,2024-11-04 20:43:00,2024-11-04 20:47:00,4,3.26,On Time,Traffic
487327038,84314,2023-10-05 00:41:00,2023-10-05 00:44:00,3,1.42,On Time,Traffic
8830321199,6336,2024-08-10 06:17:00,2024-08-10 06:32:00,15,1.29,Slightly Delayed,Traffic
3811318591,44363,2023-07-07 13:10:00,2023-07-07 13:08:00,-2,4.0,On Time,
6795601573,52656,2023-12-13 02:49:00,2023-12-13 02:45:00,-4,3.02,On Time,
2348495717,80421,2023-06-27 01:11:00,2023-06-27 01:11:00,0,3.49,On Time,
9505736584,32176,2024-06-04 05:50:00,2024-06-04 06:08:00,18,2.92,Significantly Delayed,Traffic
1857227304,24481,2024-03-19 08:01:00,2024-03-19 08:05:00,4,3.14,On Time,Traffic
5506485302,21250,2023-05-19 06:53:00,2023-05-19 06:48:00,-5,2.4,On Time,
6074837981,2837,2024-04-20 13:08:00,2024-04-20 13:06:00,-2,3.59,On Time,
4150569633,40413,2023-10-29 11:37:00,2023-10-29 12:01:00,24,3.71,Significantly Delayed,Traffic
609838437,34363,2023-12-13 05:18:00,2023-12-13 05:13:00,-5,1.66,On Time,
5229657139,96161,2023-10-03 12:08:00,2023-10-03 12:21:00,13,2.36,Slightly Delayed,Traffic
2589639350,90443,2023-08-01 11:06:00,2023-08-01 11:03:00,-3,3.06,On Time,
7656948165,8275,2023-06-07 10:41:00,2023-06-07 10:54:00,13,2.72,Slightly Delayed,Traffic
1806563605,16607,2023-12-24 00:41:00,2023-12-24 00:45:00,4,2.11,On Time,Traffic
359819834,70910,2023-12-27 12:56:00,2023-12-27 13:25:00,29,1.31,Significantly Delayed,Traffic
1908423841,62488,2023-10-28 05:07:00,2023-10-28 05:08:00,1,1.43,On Time,Traffic
299859815,62089,2024-01-16 03:03:00,2024-01-16 03:13:00,10,4.11,Slightly Delayed,Traffic
923659418,24003,2023-04-16 13:32:00,2023-04-16 13:33:00,1,2.11,On Time,Traffic
3560625119,64562,2023-05-13 20:04:00,2023-05-13 20:14:00,10,2.61,Slightly Delayed,Traffic
7111490680,9546,2024-01-24 19:29:00,2024-01-24 19:37:00,8,1.85,Slightly Delayed,Traffic
5766981431,55608,2024-01-14 04:42:00,2024-01-14 04:47:00,5,4.34,On Time,Traffic
8609945311,66475,2024-05-03 10:10:00,2024-05-03 10:07:00,-3,3.22,On Time,
1691260635,74826,2024-06-17 10:35:00,2024-06-17 10:39:00,4,3.43,On Time,Traffic
8742091504,69967,2023-07-03 23:41:00,2023-07-03 23:54:00,13,3.54,Slightly Delayed,Traffic
1997833025,77103,2023-07-28 23:39:00,2023-07-28 23:37:00,-2,2.37,On Time,
3588296877,73215,2024-08-13 08:19:00,2024-08-13 08:44:00,25,3.92,Significantly Delayed,Traffic
2404804990,38923,2023-12-24 12:50:00,2023-12-24 12:59:00,9,3.6,Slightly Delayed,Traffic
8091385479,66240,2024-04-09 15:31:00,2024-04-09 15:36:00,5,1.44,On Time,Traffic
7133174424,63462,2023-06-22 03:42:00,2023-06-22 03:43:00,1,1.38,On Time,Traffic
6110446321,60577,2024-10-27 02:11:00,2024-10-27 02:14:00,3,4.49,On Time,Traffic
6964586050,40358,2024-08-04 18:49:00,2024-08-04 18:45:00,-4,2.19,On Time,
2351986014,34744,2023-04-21 13:04:00,2023-04-21 13:16:00,12,1.66,Slightly Delayed,Traffic
352569720,23236,2023-06-23 00:39:00,2023-06-23 00:34:00,-5,4.29,On Time,
1235280275,90779,2023-08-09 22:57:00,2023-08-09 22:58:00,1,1.62,On Time,Traffic
9399859705,31133,2023-10-29 01:29:00,2023-10-29 01:24:00,-5,1.12,On Time,
7530379037,79485,2024-08-02 19:58:00,2024-08-02 20:03:00,5,4.3,On Time,Traffic
5952886441,23150,2024-03-12 11:39:00,2024-03-12 11:37:00,-2,3.27,On Time,
5815833211,78640,2024-02-08 19:27:00,2024-02-08 19:27:00,0,4.11,On Time,
7307394687,28767,2024-05-01 11:04:00,2024-05-01 10:59:00,-5,4.97,On Time,
6033014029,31624,2024-10-21 14:09:00,2024-10-21 14:20:00,11,2.16,Slightly Delayed,Traffic
1409944718,92890,2023-08-19 14:25:00,2023-08-19 14:28:00,3,4.11,On Time,Traffic
1811382200,97252,2023-08-25 19:20:00,2023-08-25 19:16:00,-4,1.62,On Time,
4485391413,91131,2023-12-21 09:15:00,2023-12-21 09:19:00,4,3.19,On Time,Traffic
4076279641,25713,2023-07-12 17:35:00,2023-07-12 17:43:00,8,3.35,Slightly Delayed,Traffic
2965387566,57502,2023-08-16 11:55:00,2023-08-16 12:00:00,5,3.9,On Time,Traffic
9397774189,38813,2023-06-28 08:29:00,2023-06-28 08:26:00,-3,3.57,On Time,
1437159967,69843,2024-06-07 01:59:00,2024-06-07 01:58:00,-1,0.58,On Time,
8397785448,99345,2024-09-04 03:11:00,2024-09-04 03:15:00,4,1.34,On Time,Traffic
2778606949,16105,2024-10-13 14:09:00,2024-10-13 14:09:00,0,2.56,On Time,
1774096863,51118,2023-06-13 05:47:00,2023-06-13 05:47:00,0,3.85,On Time,
1497256618,24651,2023-04-26 23:38:00,2023-04-26 23:41:00,3,3.64,On Time,Traffic
734095510,6790,2024-06-03 21:44:00,2024-06-03 21:47:00,3,4.78,On Time,Traffic
5755859055,8522,2024-10-30 14:37:00,2024-10-30 14:54:00,17,1.07,Significantly Delayed,Traffic
5840290569,92356,2023-09-18 04:09:00,2023-09-18 04:08:00,-1,4.15,On Time,
8200985533,92929,2024-01-08 07:39:00,2024-01-08 07:36:00,-3,4.54,On Time,
3255590064,88039,2023-04-21 04:51:00,2023-04-21 04:54:00,3,0.57,On Time,Traffic
4258404747,91951,2024-10-11 02:30:00,2024-10-11 02:29:00,-1,1.33,On Time,
2455161115,23471,2024-01-29 09:17:00,2024-01-29 09:17:00,0,0.68,On Time,
4448004569,49742,2024-01-10 02:13:00,2024-01-10 02:08:00,-5,1.77,On Time,
5951090793,35150,2024-04-20 19:26:00,2024-04-20 19:29:00,3,4.97,On Time,Traffic
7402491996,15459,2024-07-14 07:02:00,2024-07-14 07:04:00,2,1.19,On Time,Traffic
8532411923,82328,2024-07-16 19:12:00,2024-07-16 19:19:00,7,4.22,Slightly Delayed,Traffic
7130555385,48673,2024-01-16 14:55:00,2024-01-16 15:07:00,12,4.26,Slightly Delayed,Traffic
4338197132,9198,2024-10-11 07:23:00,2024-10-11 07:19:00,-4,4.4,On Time,
8044366071,31310,2023-04-30 14:14:00,2023-04-30 14:19:00,5,3.38,On Time,Traffic
4135251774,81045,2024-10-09 12:06:00,2024-10-09 12:05:00,-1,2.86,On Time,
6331483812,45259,2024-09-06 22:57:00,2024-09-06 23:06:00,9,0.54,Slightly Delayed,Traffic
6705171000,64847,2023-09-04 20:42:00,2023-09-04 20:42:00,0,4.31,On Time,
7850128898,29466,2024-06-28 07:48:00,2024-06-28 08:05:00,17,3.07,Significantly Delayed,Traffic
3602554049,77387,2023-07-28 15:16:00,2023-07-28 15:35:00,19,1.84,Significantly Delayed,Traffic
1070259187,61963,2023-06-09 11:18:00,2023-06-09 11:19:00,1,1.5,On Time,Traffic
8412338399,67313,2024-10-28 19:05:00,2024-10-28 19:11:00,6,2.1,Slightly Delayed,Traffic
1478022303,23035,2023-12-31 16:13:00,2023-12-31 16:08:00,-5,1.19,On Time,
2376108199,27586,2024-05-13 16:23:00,2024-05-13 16:27:00,4,4.27,On Time,Traffic
5243035202,1015,2024-10-20 00:49:00,2024-10-20 00:45:00,-4,2.6,On Time,
3687581971,63325,2024-10-05 14:15:00,2024-10-05 14:28:00,13,4.62,Slightly Delayed,Traffic
7008586055,67465,2023-05-24 05:23:00,2023-05-24 05:41:00,18,3.94,Significantly Delayed,Traffic
5142069216,60557,2024-02-25 15:21:00,2024-02-25 15:21:00,0,4.56,On Time,
4152441944,46535,2023-04-25 10:33:00,2023-04-25 10:32:00,-1,2.98,On Time,
5601670348,47213,2024-10-29 00:34:00,2024-10-29 00:45:00,11,4.64,Slightly Delayed,Traffic
605105099,39281,2023-12-30 08:32:00,2023-12-30 08:30:00,-2,2.32,On Time,
4054936140,5888,2024-04-19 08:19:00,2024-04-19 08:24:00,5,4.95,On Time,Traffic
8741892156,10769,2023-11-15 05:02:00,2023-11-15 05:12:00,10,1.27,Slightly Delayed,Traffic
9143640828,902,2023-07-18 13:25:00,2023-07-18 13:33:00,8,0.83,Slightly Delayed,Traffic
6900876252,80644,2024-02-21 17:10:00,2024-02-21 17:05:00,-5,0.55,On Time,
9801174908,33767,2024-04-27 11:59:00,2024-04-27 12:07:00,8,2.38,Slightly Delayed,Traffic
551343632,89726,2024-02-20 20:04:00,2024-02-20 20:06:00,2,0.79,On Time,Traffic
7961173808,3302,2023-06-05 00:42:00,2023-06-05 00:37:00,-5,0.58,On Time,
328909145,32899,2024-09-26 16:53:00,2024-09-26 16:57:00,4,1.52,On Time,Traffic
5551173528,16125,2024-11-03 06:17:00,2024-11-03 06:21:00,4,1.24,On Time,Traffic
4461788759,90986,2024-04-23 20:56:00,2024-04-23 21:01:00,5,3.67,On Time,Traffic
7256212429,87815,2024-03-16 22:15:00,2024-03-16 22:15:00,0,1.74,On Time,
9104077642,20446,2024-10-24 13:36:00,2024-10-24 13:35:00,-1,2.5,On Time,
2914056235,86053,2024-01-02 13:10:00,2024-01-02 13:10:00,0,2.9,On Time,
9127632807,72143,2023-05-30 13:25:00,2023-05-30 13:30:00,5,0.77,On Time,Traffic
6070154414,72709,2023-06-19 19:24:00,2023-06-19 19:29:00,5,1.12,On Time,Traffic
2318969828,37500,2023-03-26 20:22:00,2023-03-26 20:19:00,-3,1.54,On Time,
3813047994,90983,2023-12-20 00:11:00,2023-12-20 00:07:00,-4,4.11,On Time,
1416102774,99752,2024-04-27 16:46:00,2024-04-27 16:59:00,13,3.89,Slightly Delayed,Traffic
8086834412,90596,2024-03-08 19:36:00,2024-03-08 19:34:00,-2,2.96,On Time,
6193826826,81908,2023-08-05 01:25:00,2023-08-05 01:28:00,3,4.12,On Time,Traffic
8444509148,85993,2024-02-21 22:45:00,2024-02-21 22:46:00,1,2.07,On Time,Traffic
42332130,54725,2024-10-17 17:18:00,2024-10-17 17:15:00,-3,4.62,On Time,
6009342120,11837,2024-03-02 09:13:00,2024-03-02 09:20:00,7,2.55,Slightly Delayed,Traffic
4818516411,14473,2023-10-09 12:27:00,2023-10-09 12:24:00,-3,0.77,On Time,
1039229544,89340,2024-08-10 17:14:00,2024-08-10 17:10:00,-4,4.0,On Time,
1515943657,65345,2023-09-07 18:40:00,2023-09-07 18:44:00,4,2.85,On Time,Traffic
9183547951,76728,2024-01-20 20:10:00,2024-01-20 20:09:00,-1,3.84,On Time,
8478376092,68285,2023-04-17 02:17:00,2023-04-17 02:18:00,1,4.44,On Time,Traffic
1454073903,31737,2023-09-16 09:09:00,2023-09-16 09:16:00,7,1.07,Slightly Delayed,Traffic
2855402284,28578,2023-07-30 01:02:00,2023-07-30 01:05:00,3,1.43,On Time,Traffic
7245730533,51934,2024-05-26 08:09:00,2024-05-26 08:22:00,13,3.72,Slightly Delayed,Traffic
2272892659,68804,2023-07-26 10:59:00,2023-07-26 11:10:00,11,3.17,Slightly Delayed,Traffic
9087377568,37895,2024-02-21 02:34:00,2024-02-21 02:33:00,-1,0.61,On Time,
8443685057,52458,2023-07-02 01:57:00,2023-07-02 01:59:00,2,4.12,On Time,Traffic
1590988730,33843,2023-12-21 22:41:00,2023-12-21 22:41:00,0,1.82,On Time,
7357811417,7496,2024-09-29 09:54:00,2024-09-29 09:53:00,-1,2.74,On Time,
394951937,34174,2024-04-24 18:12:00,2024-04-24 18:17:00,5,2.64,On Time,Traffic
3967445448,61413,2023-11-02 15:08:00,2023-11-02 15:07:00,-1,1.0,On Time,
6101022928,8083,2024-10-02 18:26:00,2024-10-02 18:31:00,5,2.35,On Time,Traffic
6322372546,8035,2024-02-19 10:16:00,2024-02-19 10:35:00,19,3.99,Significantly Delayed,Traffic
9778782281,10170,2023-04-14 21:54:00,2023-04-14 22:07:00,13,1.54,Slightly Delayed,Traffic
3867563962,7531,2023-12-24 17:39:00,2023-12-24 17:34:00,-5,1.13,On Time,
9277710098,71248,2023-04-02 16:48:00,2023-04-02 16:58:00,10,1.62,Slightly Delayed,Traffic
7669322773,58926,2023-08-29 13:20:00,2023-08-29 13:22:00,2,4.08,On Time,Traffic
3917427529,26537,2024-10-12 12:18:00,2024-10-12 12:33:00,15,3.25,Slightly Delayed,Traffic
1934158144,30587,2024-04-02 17:23:00,2024-04-02 17:28:00,5,2.0,On Time,Traffic
3157338466,92146,2023-08-24 16:16:00,2023-08-24 16:11:00,-5,0.71,On Time,
9640662474,20774,2024-04-09 14:27:00,2024-04-09 14:38:00,11,3.54,Slightly Delayed,Traffic
2356272189,68709,2024-04-09 02:20:00,2024-04-09 02:21:00,1,1.61,On Time,Traffic
1380510406,52711,2024-07-27 20:31:00,2024-07-27 20:35:00,4,0.78,On Time,Traffic
8008377895,43415,2023-06-26 13:29:00,2023-06-26 13:58:00,29,4.97,Significantly Delayed,Traffic
3680678403,7068,2023-03-31 00:33:00,2023-03-31 00:34:00,1,1.06,On Time,Traffic
2847236502,97878,2024-07-16 11:07:00,2024-07-16 11:10:00,3,4.81,On Time,Traffic
5212392063,31900,2024-06-17 03:00:00,2024-06-17 02:58:00,-2,3.59,On Time,
3804024939,17974,2024-01-27 21:31:00,2024-01-27 21:32:00,1,3.59,On Time,Traffic
5395870775,66722,2024-08-01 19:33:00,2024-08-01 19:29:00,-4,4.3,On Time,
511736499,49116,2024-10-24 21:33:00,2024-10-24 21:38:00,5,1.88,On Time,Traffic
2895886759,67136,2023-09-07 22:39:00,2023-09-07 22:45:00,6,2.56,Slightly Delayed,Traffic
6638513435,33099,2024-08-04 13:21:00,2024-08-04 13:18:00,-3,2.01,On Time,
4168083780,55172,2024-06-09 04:48:00,2024-06-09 04:49:00,1,1.79,On Time,Traffic
2501516144,56299,2024-10-01 09:25:00,2024-10-01 09:23:00,-2,3.25,On Time,
7141387557,73154,2023-08-18 21:32:00,2023-08-18 21:30:00,-2,1.86,On Time,
2747350024,13307,2024-08-16 13:31:00,2024-08-16 13:30:00,-1,4.75,On Time,
9503407492,40500,2023-08-25 22:56:00,2023-08-25 23:14:00,18,4.98,Significantly Delayed,Traffic
4845607487,84614,2023-03-17 19:02:00,2023-03-17 19:05:00,3,3.65,On Time,Traffic
2051769691,58157,2023-09-06 16:38:00,2023-09-06 16:33:00,-5,0.58,On Time,
1092990139,53064,2024-10-01 01:33:00,2024-10-01 01:37:00,4,4.37,On Time,Traffic
5527612319,48508,2024-09-12 00:12:00,2024-09-12 00:12:00,0,1.13,On Time,
8852367079,5117,2024-04-07 05:25:00,2024-04-07 05:27:00,2,1.95,On Time,Traffic
1666202264,32884,2023-05-07 10:39:00,2023-05-07 10:45:00,6,1.93,Slightly Delayed,Traffic
8606484804,49631,2024-06-18 15:37:00,2024-06-18 15:43:00,6,4.72,Slightly Delayed,Traffic
8905341102,5762,2024-02-08 04:28:00,2024-02-08 04:27:00,-1,4.88,On Time,
5418735913,92033,2024-07-11 11:56:00,2024-07-11 11:54:00,-2,3.74,On Time,
970377475,2460,2024-09-03 22:57:00,2024-09-03 22:56:00,-1,3.62,On Time,
7320527109,76831,2024-01-18 12:58:00,2024-01-18 12:57:00,-1,1.77,On Time,
5120698,48582,2023-06-09 12:25:00,2023-06-09 12:40:00,15,4.82,Slightly Delayed,Traffic
3812396179,54016,2023-07-22 08:46:00,2023-07-22 08:41:00,-5,4.05,On Time,
8178951021,80840,2024-03-24 19:08:00,2024-03-24 19:26:00,18,2.67,Significantly Delayed,Traffic
2479115586,6845,2024-03-14 18:51:00,2024-03-14 18:55:00,4,2.28,On Time,Traffic
6239453389,63625,2023-10-08 01:30:00,2023-10-08 01:26:00,-4,4.5,On Time,
3136508414,94346,2024-07-22 15:33:00,2024-07-22 15:30:00,-3,4.05,On Time,
5521273487,98929,2024-05-18 15:16:00,2024-05-18 15:42:00,26,1.94,Significantly Delayed,Traffic
5445047872,66,2023-10-17 05:49:00,2023-10-17 05:54:00,5,1.85,On Time,Traffic
3678525130,82096,2023-03-20 18:33:00,2023-03-20 18:35:00,2,4.74,On Time,Traffic
9328056960,99744,2024-08-14 06:36:00,2024-08-14 06:43:00,7,2.58,Slightly Delayed,Traffic
2109203997,72612,2024-05-04 18:35:00,2024-05-04 18:47:00,12,3.92,Slightly Delayed,Traffic
556665455,18521,2024-02-08 01:22:00,2024-02-08 01:49:00,27,2.43,Significantly Delayed,Traffic
6573705785,13849,2023-11-23 12:49:00,2023-11-23 12:45:00,-4,4.68,On Time,
2609502403,70771,2024-10-31 18:35:00,2024-10-31 18:37:00,2,0.9,On Time,Traffic
1463293930,55394,2024-06-06 14:41:00,2024-06-06 14:36:00,-5,0.57,On Time,
8132887999,7931,2024-02-25 16:24:00,2024-02-25 16:35:00,11,3.77,Slightly Delayed,Traffic
7178789018,53062,2023-09-12 09:09:00,2023-09-12 09:06:00,-3,3.9,On Time,
2295700159,61371,2024-03-11 12:48:00,2024-03-11 12:55:00,7,1.35,Slightly Delayed,Traffic
9277089038,75267,2023-04-15 20:21:00,2023-04-15 20:29:00,8,4.2,Slightly Delayed,Traffic
145057465,2353,2024-11-02 09:09:00,2024-11-02 09:04:00,-5,1.62,On Time,
9452353274,4535,2024-10-10 19:37:00,2024-10-10 19:38:00,1,4.42,On Time,Traffic
5434328922,57029,2024-02-08 07:46:00,2024-02-08 07:44:00,-2,0.77,On Time,
3327051807,26018,2023-10-02 17:06:00,2023-10-02 17:09:00,3,0.96,On Time,Traffic
1461604569,49871,2024-04-26 02:18:00,2024-04-26 02:17:00,-1,3.85,On Time,
606518084,96049,2023-10-28 16:21:00,2023-10-28 16:21:00,0,4.31,On Time,
7637625389,47591,2023-10-15 20:38:00,2023-10-15 20:43:00,5,1.57,On Time,Traffic
7311621328,62428,2024-04-07 02:48:00,2024-04-07 03:18:00,30,0.52,Significantly Delayed,Traffic
8790217194,60118,2024-03-25 01:39:00,2024-03-25 01:52:00,13,1.76,Slightly Delayed,Traffic
1772445313,87117,2023-07-21 00:41:00,2023-07-21 00:44:00,3,1.4,On Time,Traffic
159394992,28600,2024-08-06 06:59:00,2024-08-06 07:00:00,1,2.13,On Time,Traffic
7992910755,85359,2023-07-12 09:26:00,2023-07-12 09:54:00,28,1.99,Significantly Delayed,Traffic
1786931285,76004,2023-06-29 04:59:00,2023-06-29 04:55:00,-4,3.08,On Time,
2225520858,13646,2023-11-22 13:18:00,2023-11-22 13:16:00,-2,3.21,On Time,
5635738740,49965,2023-09-28 14:45:00,2023-09-28 14:45:00,0,0.82,On Time,
2230824358,47833,2023-05-24 15:39:00,2023-05-24 15:53:00,14,1.33,Slightly Delayed,Traffic
9217211301,89404,2023-06-15 10:35:00,2023-06-15 10:32:00,-3,1.26,On Time,
4501870609,42567,2024-07-10 08:28:00,2024-07-10 08:33:00,5,2.15,On Time,Traffic
838401679,83793,2023-07-23 07:40:00,2023-07-23 07:55:00,15,3.0,Slightly Delayed,Traffic
9587315528,92673,2024-08-07 00:21:00,2024-08-07 00:26:00,5,1.12,On Time,Traffic
3122936945,65301,2023-05-06 23:26:00,2023-05-06 23:25:00,-1,0.97,On Time,
6093390755,60889,2023-11-24 13:36:00,2023-11-24 13:39:00,3,1.17,On Time,Traffic
2032956677,17988,2024-05-02 21:43:00,2024-05-02 21:50:00,7,3.45,Slightly Delayed,Traffic
1488430001,40079,2024-08-04 15:26:00,2024-08-04 15:40:00,14,3.83,Slightly Delayed,Traffic
615391848,2990,2024-09-12 21:57:00,2024-09-12 21:53:00,-4,3.51,On Time,
8686093533,5503,2024-02-06 06:08:00,2024-02-06 06:04:00,-4,4.08,On Time,
7038758506,88037,2023-05-08 06:34:00,2023-05-08 06:39:00,5,3.71,On Time,Traffic
2385966456,8862,2023-08-22 08:04:00,2023-08-22 08:11:00,7,3.99,Slightly Delayed,Traffic
259622674,43788,2023-05-05 00:47:00,2023-05-05 00:52:00,5,4.25,On Time,Traffic
2580381935,19165,2024-05-05 10:03:00,2024-05-05 10:03:00,0,0.56,On Time,
5035471587,221,2024-01-05 02:16:00,2024-01-05 02:17:00,1,3.86,On Time,Traffic
9421270813,26657,2024-04-22 06:18:00,2024-04-22 06:23:00,5,4.69,On Time,Traffic
1831516625,25932,2024-03-29 20:21:00,2024-03-29 20:28:00,7,4.68,Slightly Delayed,Traffic
1918841793,10305,2024-06-17 21:18:00,2024-06-17 21:14:00,-4,2.34,On Time,
1757159071,38383,2024-03-13 10:13:00,2024-03-13 10:21:00,8,1.28,Slightly Delayed,Traffic
7589464630,17706,2024-07-12 13:30:00,2024-07-12 13:39:00,9,4.41,Slightly Delayed,Traffic
1577085460,52709,2023-09-22 10:11:00,2023-09-22 10:08:00,-3,2.54,On Time,
2279018877,88797,2024-06-10 14:43:00,2024-06-10 14:57:00,14,3.4,Slightly Delayed,Traffic
7431412128,77224,2023-05-29 04:19:00,2023-05-29 04:22:00,3,2.93,On Time,Traffic
8781520615,42606,2024-04-14 08:26:00,2024-04-14 08:27:00,1,1.71,On Time,Traffic
1276192882,15637,2024-01-08 07:45:00,2024-01-08 07:42:00,-3,4.08,On Time,
4065794921,43280,2024-03-21 11:25:00,2024-03-21 11:50:00,25,2.02,Significantly Delayed,Traffic
1690800946,16850,2023-03-29 14:57:00,2023-03-29 14:59:00,2,0.73,On Time,Traffic
877883470,55423,2023-06-07 13:50:00,2023-06-07 13:58:00,8,1.93,Slightly Delayed,Traffic
7322044533,92064,2023-10-13 23:54:00,2023-10-14 00:06:00,12,4.98,Slightly Delayed,Traffic
5243163885,12230,2023-05-19 13:45:00,2023-05-19 13:48:00,3,2.88,On Time,Traffic
4360255357,68222,2023-05-14 08:13:00,2023-05-14 08:21:00,8,3.72,Slightly Delayed,Traffic
9623306038,56254,2023-11-10 05:43:00,2023-11-10 05:42:00,-1,3.54,On Time,
6282385286,9399,2023-10-28 07:01:00,2023-10-28 07:05:00,4,2.21,On Time,Traffic
1001900652,85241,2024-09-08 20:19:00,2024-09-08 20:32:00,13,0.53,Slightly Delayed,Traffic
5161988291,53927,2024-07-01 01:10:00,2024-07-01 01:05:00,-5,4.28,On Time,
3597752998,71654,2024-04-03 13:44:00,2024-04-03 13:44:00,0,3.13,On Time,
9074325310,83788,2024-04-23 16:27:00,2024-04-23 16:32:00,5,3.35,On Time,Traffic
8875965392,6325,2024-01-22 19:19:00,2024-01-22 19:20:00,1,2.12,On Time,Traffic
971081962,62842,2024-08-29 01:55:00,2024-08-29 01:53:00,-2,0.56,On Time,
1948332638,84415,2024-06-08 17:27:00,2024-06-08 17:32:00,5,2.86,On Time,Traffic
1785558780,85573,2024-06-28 17:10:00,2024-06-28 17:06:00,-4,2.32,On Time,
7590462053,235,2024-06-26 16:49:00,2024-06-26 16:50:00,1,0.69,On Time,Traffic
2135743860,22083,2024-03-22 08:34:00,2024-03-22 08:39:00,5,2.05,On Time,Traffic
9851365751,83505,2023-10-03 16:23:00,2023-10-03 16:18:00,-5,3.35,On Time,
9243090480,95377,2023-03-21 20:03:00,2023-03-21 20:32:00,29,1.48,Significantly Delayed,Traffic
7168596454,1608,2023-03-22 02:56:00,2023-03-22 03:04:00,8,3.42,Slightly Delayed,Traffic
2483565595,25691,2023-03-24 06:30:00,2023-03-24 06:33:00,3,2.28,On Time,Traffic
2484470052,54869,2024-01-09 19:48:00,2024-01-09 19:51:00,3,3.52,On Time,Traffic
7702588270,93742,2024-04-26 20:57:00,2024-04-26 20:54:00,-3,3.23,On Time,
5992338333,91077,2023-04-03 23:47:00,2023-04-03 23:47:00,0,1.51,On Time,
9196796718,37270,2023-07-06 22:00:00,2023-07-06 22:04:00,4,1.05,On Time,Traffic
3291765954,20788,2023-08-30 07:17:00,2023-08-30 07:22:00,5,0.79,On Time,Traffic
652616858,25092,2023-05-22 12:10:00,2023-05-22 12:17:00,7,4.0,Slightly Delayed,Traffic
2613508245,74072,2023-12-28 17:01:00,2023-12-28 16:56:00,-5,3.67,On Time,
8169361928,2274,2024-01-10 15:31:00,2024-01-10 15:35:00,4,2.97,On Time,Traffic
9395982132,33721,2023-07-05 12:31:00,2023-07-05 12:35:00,4,3.3,On Time,Traffic
1914701538,84345,2023-07-09 14:19:00,2023-07-09 14:22:00,3,4.07,On Time,Traffic
6236279358,24906,2024-05-26 05:36:00,2024-05-26 06:03:00,27,3.51,Significantly Delayed,Traffic
2288561509,92861,2023-12-04 19:39:00,2023-12-04 19:46:00,7,2.78,Slightly Delayed,Traffic
2010415757,80134,2024-06-20 09:00:00,2024-06-20 08:57:00,-3,0.75,On Time,
7164827734,62683,2023-03-16 08:27:00,2023-03-16 08:24:00,-3,2.41,On Time,
7971819985,65541,2024-04-15 02:58:00,2024-04-15 02:53:00,-5,1.42,On Time,
8234021674,28230,2024-01-29 11:13:00,2024-01-29 11:16:00,3,2.96,On Time,Traffic
4274404843,59305,2024-09-30 02:01:00,2024-09-30 02:04:00,3,3.88,On Time,Traffic
7353519273,49934,2023-09-22 13:15:00,2023-09-22 13:18:00,3,4.96,On Time,Traffic
8539612501,14166,2024-09-20 13:41:00,2024-09-20 13:55:00,14,1.39,Slightly Delayed,Traffic
5894327065,29930,2024-03-15 13:47:00,2024-03-15 13:56:00,9,3.0,Slightly Delayed,Traffic
77053363,3429,2023-05-04 19:38:00,2023-05-04 19:38:00,0,2.79,On Time,
4467084478,68868,2024-03-03 12:58:00,2024-03-03 13:12:00,14,1.25,Slightly Delayed,Traffic
3514036230,93410,2023-07-11 03:17:00,2023-07-11 03:22:00,5,4.9,On Time,Traffic
4720421794,35894,2024-01-16 07:09:00,2024-01-16 07:24:00,15,3.78,Slightly Delayed,Traffic
3202903413,52139,2023-08-04 18:51:00,2023-08-04 18:53:00,2,3.39,On Time,Traffic
6938082428,60137,2024-03-08 20:53:00,2024-03-08 20:59:00,6,4.41,Slightly Delayed,Traffic
9202941711,2000,2024-03-24 14:58:00,2024-03-24 15:02:00,4,4.85,On Time,Traffic
8963522960,58520,2023-11-02 03:00:00,2023-11-02 03:03:00,3,2.14,On Time,Traffic
9266835891,69070,2024-06-13 02:31:00,2024-06-13 02:30:00,-1,0.85,On Time,
5265722064,46962,2023-07-16 02:49:00,2023-07-16 02:48:00,-1,1.85,On Time,
5514326011,75658,2024-02-04 16:28:00,2024-02-04 16:29:00,1,1.6,On Time,Traffic
9578652103,79729,2024-03-13 05:30:00,2024-03-13 05:27:00,-3,2.62,On Time,
3559061334,57403,2023-06-09 13:38:00,2023-06-09 13:49:00,11,3.12,Slightly Delayed,Traffic
637944734,35435,2023-04-01 09:35:00,2023-04-01 09:39:00,4,2.16,On Time,Traffic
7454643275,72097,2024-07-14 09:00:00,2024-07-14 08:57:00,-3,3.9,On Time,
4319342350,11958,2024-08-27 20:34:00,2024-08-27 20:56:00,22,4.35,Significantly Delayed,Traffic
7568450733,63512,2023-04-09 08:33:00,2023-04-09 08:30:00,-3,4.36,On Time,
734744305,80005,2024-06-08 12:14:00,2024-06-08 12:17:00,3,2.06,On Time,Traffic
5233331050,84617,2023-05-01 16:53:00,2023-05-01 16:56:00,3,3.36,On Time,Traffic
8326867788,56875,2023-09-20 01:25:00,2023-09-20 01:25:00,0,2.53,On Time,
8368819094,11640,2024-08-15 03:08:00,2024-08-15 03:07:00,-1,2.67,On Time,
8700151605,74364,2023-08-04 09:32:00,2023-08-04 09:57:00,25,4.17,Significantly Delayed,Traffic
6269179048,23727,2023-11-11 16:04:00,2023-11-11 16:02:00,-2,1.07,On Time,
1265254177,16267,2023-09-24 14:29:00,2023-09-24 14:27:00,-2,3.55,On Time,
9858963919,50340,2023-07-02 07:02:00,2023-07-02 07:31:00,29,3.87,Significantly Delayed,Traffic
7279564594,45499,2024-01-19 10:03:00,2024-01-19 09:59:00,-4,1.86,On Time,
6983253839,83688,2024-04-03 20:46:00,2024-04-03 20:47:00,1,4.36,On Time,Traffic
9479808024,72459,2023-10-16 05:54:00,2023-10-16 05:50:00,-4,2.46,On Time,
3583522679,68563,2023-09-06 12:08:00,2023-09-06 12:09:00,1,0.96,On Time,Traffic
1923226423,76715,2024-07-28 07:54:00,2024-07-28 07:56:00,2,3.73,On Time,Traffic
664198080,4941,2023-08-12 06:42:00,2023-08-12 06:41:00,-1,2.9,On Time,
4224700084,78588,2024-08-28 23:36:00,2024-08-28 23:36:00,0,2.73,On Time,
969621016,16277,2024-01-23 19:34:00,2024-01-23 19:39:00,5,2.17,On Time,Traffic
8178275820,78985,2024-04-05 10:00:00,2024-04-05 10:12:00,12,2.27,Slightly Delayed,Traffic
4949766982,86551,2024-09-11 00:33:00,2024-09-11 00:37:00,4,2.3,On Time,Traffic
5258344385,16549,2023-10-14 18:08:00,2023-10-14 18:12:00,4,1.13,On Time,Traffic
8101930640,50876,2023-06-12 06:00:00,2023-06-12 06:05:00,5,4.71,On Time,Traffic
6703316563,91135,2024-01-25 18:07:00,2024-01-25 18:22:00,15,4.65,Slightly Delayed,Traffic
7680297690,79007,2024-02-12 07:11:00,2024-02-12 07:13:00,2,4.55,On Time,Traffic
7256340388,87987,2023-10-08 07:35:00,2023-10-08 08:04:00,29,3.92,Significantly Delayed,Traffic
2538269668,36761,2023-06-23 08:27:00,2023-06-23 08:27:00,0,2.15,On Time,
7506762237,17180,2023-06-10 01:56:00,2023-06-10 02:19:00,23,4.76,Significantly Delayed,Traffic
6585436114,97963,2024-03-13 22:01:00,2024-03-13 22:08:00,7,2.49,Slightly Delayed,Traffic
9852996866,4260,2024-06-26 12:54:00,2024-06-26 12:49:00,-5,1.69,On Time,
1991135167,17609,2023-12-19 20:30:00,2023-12-19 20:31:00,1,1.43,On Time,Traffic
7765110772,66182,2024-06-01 22:10:00,2024-06-01 22:07:00,-3,3.16,On Time,
3520718052,91411,2023-07-07 23:52:00,2023-07-07 23:52:00,0,3.85,On Time,
5388573375,45401,2024-03-07 13:01:00,2024-03-07 13:01:00,0,4.54,On Time,
8977771682,45258,2023-04-29 18:30:00,2023-04-29 18:27:00,-3,3.31,On Time,
3596900942,46019,2023-11-03 09:55:00,2023-11-03 10:08:00,13,2.24,Slightly Delayed,Traffic
155295996,5364,2024-06-29 03:16:00,2024-06-29 03:20:00,4,2.14,On Time,Traffic
1945536198,34218,2023-05-03 15:08:00,2023-05-03 15:12:00,4,2.21,On Time,Traffic
2550246555,36017,2023-04-06 14:39:00,2023-04-06 14:47:00,8,2.42,Slightly Delayed,Traffic
4287631655,18788,2023-11-15 04:35:00,2023-11-15 04:56:00,21,0.53,Significantly Delayed,Traffic
2033683703,62688,2024-01-24 17:49:00,2024-01-24 18:05:00,16,0.78,Significantly Delayed,Traffic
9453583714,39114,2023-09-01 04:29:00,2023-09-01 04:26:00,-3,2.23,On Time,
852886125,85502,2023-07-14 02:18:00,2023-07-14 02:14:00,-4,3.55,On Time,
5705899665,75481,2024-05-27 19:31:00,2024-05-27 19:30:00,-1,4.91,On Time,
5706043483,86219,2024-07-17 19:10:00,2024-07-17 19:14:00,4,4.04,On Time,Traffic
5190422833,17583,2023-03-27 11:43:00,2023-03-27 11:42:00,-1,4.34,On Time,
7178188501,70846,2024-04-18 13:46:00,2024-04-18 13:45:00,-1,3.33,On Time,
2864819888,42803,2024-04-19 19:49:00,2024-04-19 19:53:00,4,3.51,On Time,Traffic
7107216633,30190,2024-06-27 05:20:00,2024-06-27 05:26:00,6,1.41,Slightly Delayed,Traffic
1685382357,76806,2023-05-04 18:54:00,2023-05-04 19:10:00,16,1.64,Significantly Delayed,Traffic
7562902958,74174,2023-06-08 22:44:00,2023-06-08 22:45:00,1,3.27,On Time,Traffic
2819953077,76823,2023-11-22 08:49:00,2023-11-22 09:01:00,12,4.25,Slightly Delayed,Traffic
8453462258,98449,2024-02-10 11:57:00,2024-02-10 11:53:00,-4,0.83,On Time,
4605056279,33098,2024-05-04 16:43:00,2024-05-04 16:46:00,3,3.2,On Time,Traffic
5998035939,25912,2024-02-22 01:33:00,2024-02-22 01:31:00,-2,3.32,On Time,
2311501690,81872,2024-03-26 05:08:00,2024-03-26 05:06:00,-2,4.33,On Time,
356495722,57795,2024-06-02 00:34:00,2024-06-02 00:34:00,0,4.52,On Time,
2695448838,56011,2023-06-11 00:08:00,2023-06-11 00:15:00,7,1.36,Slightly Delayed,Traffic
6986791144,75461,2023-09-08 14:34:00,2023-09-08 14:46:00,12,4.04,Slightly Delayed,Traffic
8619571588,12944,2024-01-17 05:42:00,2024-01-17 05:39:00,-3,2.34,On Time,
4088553674,65634,2023-08-25 10:31:00,2023-08-25 10:58:00,27,4.81,Significantly Delayed,Traffic
8177907004,92178,2024-01-08 21:31:00,2024-01-08 21:56:00,25,3.11,Significantly Delayed,Traffic
8533749006,95607,2024-10-30 16:51:00,2024-10-30 16:59:00,8,4.51,Slightly Delayed,Traffic
8694014791,73862,2023-08-06 05:54:00,2023-08-06 06:02:00,8,1.27,Slightly Delayed,Traffic
6311012195,20432,2023-07-27 15:11:00,2023-07-27 15:09:00,-2,3.44,On Time,
1312767771,97744,2024-09-17 06:17:00,2024-09-17 06:22:00,5,1.58,On Time,Traffic
214919848,66328,2024-01-06 08:00:00,2024-01-06 08:05:00,5,2.87,On Time,Traffic
5521682945,20204,2024-07-24 07:41:00,2024-07-24 07:49:00,8,4.67,Slightly Delayed,Traffic
5305770811,76080,2024-10-31 07:27:00,2024-10-31 07:33:00,6,1.74,Slightly Delayed,Traffic
5842420654,60389,2024-05-06 12:16:00,2024-05-06 12:22:00,6,2.08,Slightly Delayed,Traffic
4566893863,40507,2023-10-28 09:45:00,2023-10-28 09:44:00,-1,3.38,On Time,
1523729855,84566,2024-09-03 05:03:00,2024-09-03 05:02:00,-1,4.46,On Time,
2899786983,14386,2023-10-24 12:20:00,2023-10-24 12:21:00,1,4.79,On Time,Traffic
9202528884,33556,2024-05-27 14:06:00,2024-05-27 14:36:00,30,4.54,Significantly Delayed,Traffic
4338327693,98866,2024-05-19 02:36:00,2024-05-19 02:49:00,13,4.94,Slightly Delayed,Traffic
6295686357,81081,2024-01-10 08:05:00,2024-01-10 08:04:00,-1,4.41,On Time,
6396194687,43588,2024-01-20 20:57:00,2024-01-20 21:01:00,4,3.68,On Time,Traffic
5662786245,39082,2023-04-21 00:37:00,2023-04-21 00:38:00,1,3.05,On Time,Traffic
4868150114,52501,2024-01-08 03:37:00,2024-01-08 03:54:00,17,3.86,Significantly Delayed,Traffic
502764834,88857,2024-08-02 18:13:00,2024-08-02 18:18:00,5,3.37,On Time,Traffic
5056125341,39430,2023-05-23 02:11:00,2023-05-23 02:22:00,11,0.77,Slightly Delayed,Traffic
6388618916,62559,2024-01-26 22:11:00,2024-01-26 22:12:00,1,4.19,On Time,Traffic
3508668494,92900,2024-01-25 01:14:00,2024-01-25 01:14:00,0,2.62,On Time,
5289436093,77152,2024-04-18 13:35:00,2024-04-18 14:01:00,26,3.44,Significantly Delayed,Traffic
7596333614,24475,2023-03-30 05:36:00,2023-03-30 05:39:00,3,4.44,On Time,Traffic
6284076508,39939,2024-07-19 22:50:00,2024-07-19 22:51:00,1,3.07,On Time,Traffic
340050407,68329,2024-10-15 13:32:00,2024-10-15 13:29:00,-3,4.06,On Time,
5927472701,95432,2024-01-12 17:06:00,2024-01-12 17:04:00,-2,2.81,On Time,
9216536492,83077,2024-10-04 03:52:00,2024-10-04 03:53:00,1,2.87,On Time,Traffic
3742662928,75517,2023-06-03 07:03:00,2023-06-03 07:00:00,-3,2.81,On Time,
4797768073,88543,2023-07-06 03:49:00,2023-07-06 04:07:00,18,3.18,Significantly Delayed,Traffic
6767935470,44553,2024-04-17 01:42:00,2024-04-17 01:43:00,1,4.68,On Time,Traffic
1963703928,70919,2024-07-06 00:30:00,2024-07-06 00:27:00,-3,1.88,On Time,
552470423,27605,2024-02-27 02:45:00,2024-02-27 02:41:00,-4,3.92,On Time,
739434870,55365,2023-09-05 23:22:00,2023-09-05 23:27:00,5,1.83,On Time,Traffic
7930373606,54606,2023-08-09 22:26:00,2023-08-09 22:31:00,5,4.4,On Time,Traffic
5374978054,63238,2024-07-08 14:13:00,2024-07-08 14:17:00,4,3.18,On Time,Traffic
4361797433,59493,2023-08-05 07:36:00,2023-08-05 07:39:00,3,0.64,On Time,Traffic
2002067527,71608,2023-11-06 23:18:00,2023-11-06 23:20:00,2,3.85,On Time,Traffic
4228110436,24964,2023-07-23 19:32:00,2023-07-23 20:02:00,30,3.94,Significantly Delayed,Traffic
1251118825,17178,2023-05-04 00:23:00,2023-05-04 00:36:00,13,1.52,Slightly Delayed,Traffic
7165265639,71534,2023-08-20 19:14:00,2023-08-20 19:09:00,-5,4.19,On Time,
1255323701,78929,2024-03-06 12:08:00,2024-03-06 12:06:00,-2,3.42,On Time,
807934194,59454,2024-01-13 01:58:00,2024-01-13 02:00:00,2,4.99,On Time,Traffic
7968718292,56005,2023-10-30 20:16:00,2023-10-30 20:17:00,1,4.24,On Time,Traffic
2620531979,23093,2024-02-24 12:53:00,2024-02-24 13:02:00,9,1.54,Slightly Delayed,Traffic
6943430459,75360,2024-10-05 17:32:00,2024-10-05 17:34:00,2,3.14,On Time,Traffic
5607355353,2135,2023-06-23 09:45:00,2023-06-23 10:06:00,21,3.49,Significantly Delayed,Traffic
6696352636,98726,2023-06-18 15:23:00,2023-06-18 15:53:00,30,2.78,Significantly Delayed,Traffic
9325920156,98397,2024-10-12 10:46:00,2024-10-12 10:56:00,10,3.0,Slightly Delayed,Traffic
2286477025,85060,2023-06-02 22:16:00,2023-06-02 22:20:00,4,3.01,On Time,Traffic
6704773223,34344,2024-07-22 09:59:00,2024-07-22 10:21:00,22,4.68,Significantly Delayed,Traffic
1435353007,64672,2024-01-19 09:23:00,2024-01-19 09:24:00,1,3.36,On Time,Traffic
8080970647,70168,2023-11-25 17:55:00,2023-11-25 18:00:00,5,1.56,On Time,Traffic
5881633926,40430,2023-04-21 19:00:00,2023-04-21 19:03:00,3,3.38,On Time,Traffic
4435459085,66771,2023-08-19 14:58:00,2023-08-19 14:58:00,0,1.72,On Time,
6172529406,29606,2024-05-21 02:22:00,2024-05-21 02:51:00,29,4.24,Significantly Delayed,Traffic
9127879048,82835,2024-08-27 07:27:00,2024-08-27 07:29:00,2,4.96,On Time,Traffic
3806545110,52602,2024-08-17 12:06:00,2024-08-17 12:07:00,1,0.92,On Time,Traffic
6919395718,23311,2024-02-16 21:46:00,2024-02-16 21:42:00,-4,2.54,On Time,
5277462976,95207,2024-10-19 15:56:00,2024-10-19 15:57:00,1,3.75,On Time,Traffic
3606274277,83884,2023-08-08 10:57:00,2023-08-08 10:53:00,-4,3.95,On Time,
2065203676,34566,2024-01-15 09:47:00,2024-01-15 09:52:00,5,3.91,On Time,Traffic
4042066387,33983,2024-01-03 04:15:00,2024-01-03 04:23:00,8,4.43,Slightly Delayed,Traffic
3604982656,87446,2024-09-19 17:23:00,2024-09-19 17:31:00,8,3.17,Slightly Delayed,Traffic
1149676745,84700,2023-10-20 20:29:00,2023-10-20 20:29:00,0,1.02,On Time,
3895011687,81696,2024-03-23 19:56:00,2024-03-23 20:01:00,5,4.37,On Time,Traffic
772505056,3187,2023-07-13 01:20:00,2023-07-13 01:17:00,-3,3.9,On Time,
5574765914,8665,2024-10-25 23:45:00,2024-10-25 23:42:00,-3,0.72,On Time,
8812616740,66152,2023-06-26 21:25:00,2023-06-26 21:29:00,4,2.53,On Time,Traffic
1486655525,69381,2024-04-21 13:27:00,2024-04-21 13:29:00,2,3.44,On Time,Traffic
8423025639,63484,2024-06-06 13:25:00,2024-06-06 13:39:00,14,2.22,Slightly Delayed,Traffic
9020705185,92943,2023-12-29 19:30:00,2023-12-29 19:31:00,1,4.57,On Time,Traffic
7719808698,28450,2023-08-18 11:48:00,2023-08-18 11:50:00,2,3.05,On Time,Traffic
3414036630,37389,2024-04-05 03:13:00,2024-04-05 03:09:00,-4,3.73,On Time,
4157869967,51334,2023-05-05 14:32:00,2023-05-05 14:34:00,2,2.57,On Time,Traffic
4873887251,769,2023-09-20 00:58:00,2023-09-20 01:01:00,3,2.77,On Time,Traffic
8031946454,89696,2023-08-29 21:07:00,2023-08-29 21:06:00,-1,2.72,On Time,
8168056170,85462,2023-08-28 05:02:00,2023-08-28 05:16:00,14,0.57,Slightly Delayed,Traffic
3108512811,30893,2024-02-10 08:35:00,2024-02-10 08:37:00,2,2.16,On Time,Traffic
1680591951,96631,2024-03-11 21:19:00,2024-03-11 21:16:00,-3,4.57,On Time,
559245731,20247,2024-09-08 16:06:00,2024-09-08 16:11:00,5,2.33,On Time,Traffic
8655600303,71557,2024-04-27 17:51:00,2024-04-27 17:48:00,-3,1.6,On Time,
8247327365,11031,2024-09-25 11:28:00,2024-09-25 11:42:00,14,3.86,Slightly Delayed,Traffic
9153347285,3684,2023-06-22 03:11:00,2023-06-22 03:11:00,0,2.46,On Time,
1977533409,4601,2023-12-18 12:21:00,2023-12-18 12:18:00,-3,1.34,On Time,
2433646621,67633,2024-11-03 11:19:00,2024-11-03 11:28:00,9,1.03,Slightly Delayed,Traffic
22830983,39491,2023-06-04 21:26:00,2023-06-04 21:44:00,18,1.59,Significantly Delayed,Traffic
1143763031,61900,2024-08-09 21:58:00,2024-08-09 21:59:00,1,1.67,On Time,Traffic
8524056436,33639,2023-09-06 13:57:00,2023-09-06 13:54:00,-3,3.93,On Time,
4262338791,37767,2024-10-17 07:57:00,2024-10-17 07:57:00,0,1.32,On Time,
187728451,36559,2023-11-27 21:16:00,2023-11-27 21:15:00,-1,3.79,On Time,
6754346312,88168,2023-06-19 12:49:00,2023-06-19 12:48:00,-1,2.23,On Time,
5790622967,37995,2024-02-27 00:35:00,2024-02-27 00:34:00,-1,4.92,On Time,
4305348838,11295,2024-03-03 20:45:00,2024-03-03 21:10:00,25,1.16,Significantly Delayed,Traffic
2902411553,73699,2023-11-01 02:39:00,2023-11-01 02:36:00,-3,1.16,On Time,
3691199770,72299,2024-05-13 05:37:00,2024-05-13 05:40:00,3,4.77,On Time,Traffic
775709102,73558,2023-08-26 03:14:00,2023-08-26 03:13:00,-1,1.0,On Time,
5262508570,196,2024-07-06 11:25:00,2024-07-06 11:25:00,0,3.11,On Time,
192109127,98838,2024-09-16 08:39:00,2024-09-16 08:49:00,10,2.64,Slightly Delayed,Traffic
1108215973,3643,2023-12-17 09:46:00,2023-12-17 09:52:00,6,0.96,Slightly Delayed,Traffic
1719134546,3235,2024-07-10 13:29:00,2024-07-10 13:31:00,2,1.4,On Time,Traffic
5280263316,81900,2024-06-28 12:47:00,2024-06-28 13:15:00,28,1.87,Significantly Delayed,Traffic
9448306266,70480,2024-04-16 04:59:00,2024-04-16 04:54:00,-5,0.55,On Time,
8023626961,50594,2023-09-26 01:50:00,2023-09-26 01:59:00,9,1.49,Slightly Delayed,Traffic
1118405605,72673,2023-06-26 11:37:00,2023-06-26 11:46:00,9,0.56,Slightly Delayed,Traffic
8226034341,39659,2023-11-25 02:55:00,2023-11-25 02:58:00,3,4.97,On Time,Traffic
6976835753,67913,2024-02-22 14:06:00,2024-02-22 14:03:00,-3,0.59,On Time,
9171564499,39820,2023-12-04 00:12:00,2023-12-04 00:20:00,8,2.2,Slightly Delayed,Traffic
5393607402,32010,2023-12-17 20:15:00,2023-12-17 20:11:00,-4,3.76,On Time,
5670040592,57209,2024-05-25 05:59:00,2024-05-25 06:01:00,2,3.5,On Time,Traffic
6736891890,72028,2024-10-21 09:46:00,2024-10-21 09:58:00,12,3.45,Slightly Delayed,Traffic
1223255075,4873,2023-08-18 00:18:00,2023-08-18 00:19:00,1,3.99,On Time,Traffic
8158413630,56303,2024-08-30 16:59:00,2024-08-30 16:57:00,-2,4.08,On Time,
7867573412,62986,2023-09-14 02:09:00,2023-09-14 02:29:00,20,2.24,Significantly Delayed,Traffic
1624690598,41423,2024-03-23 04:10:00,2024-03-23 04:06:00,-4,1.09,On Time,
8968945932,53832,2024-09-07 07:16:00,2024-09-07 07:42:00,26,1.18,Significantly Delayed,Traffic
1645212433,77571,2024-08-07 04:41:00,2024-08-07 05:08:00,27,4.25,Significantly Delayed,Traffic
9187046038,84082,2023-06-13 14:54:00,2023-06-13 14:58:00,4,1.42,On Time,Traffic
9305357757,84853,2023-05-12 22:25:00,2023-05-12 22:22:00,-3,1.02,On Time,
8312320295,27452,2024-06-29 22:36:00,2024-06-29 22:36:00,0,2.96,On Time,
3256941332,18290,2023-11-22 09:00:00,2023-11-22 08:56:00,-4,1.42,On Time,
8980502814,67937,2024-10-15 19:47:00,2024-10-15 19:47:00,0,4.79,On Time,
9270396838,46248,2023-07-06 08:58:00,2023-07-06 08:57:00,-1,1.87,On Time,
2892588628,59145,2024-04-19 18:52:00,2024-04-19 18:59:00,7,4.94,Slightly Delayed,Traffic
8774158800,69717,2023-12-12 08:42:00,2023-12-12 08:56:00,14,2.44,Slightly Delayed,Traffic
2056131802,36835,2023-09-02 05:12:00,2023-09-02 05:32:00,20,4.41,Significantly Delayed,Traffic
3528007192,53884,2023-07-11 10:10:00,2023-07-11 10:12:00,2,0.97,On Time,Traffic
2845333894,52847,2024-04-28 13:32:00,2024-04-28 13:43:00,11,2.58,Slightly Delayed,Traffic
6602340187,94455,2024-03-11 12:23:00,2024-03-11 12:44:00,21,4.65,Significantly Delayed,Traffic
721004875,61840,2023-10-09 05:13:00,2023-10-09 05:09:00,-4,2.71,On Time,
7435895360,89661,2024-09-04 00:53:00,2024-09-04 00:58:00,5,2.26,On Time,Traffic
4217659083,94726,2024-01-18 19:48:00,2024-01-18 20:01:00,13,0.56,Slightly Delayed,Traffic
9710865146,9882,2023-05-11 05:49:00,2023-05-11 05:54:00,5,0.69,On Time,Traffic
5375295409,21882,2024-10-05 06:17:00,2024-10-05 06:19:00,2,0.61,On Time,Traffic
6286044248,56074,2023-05-05 22:37:00,2023-05-05 22:34:00,-3,3.31,On Time,
1708282193,34773,2024-01-25 10:19:00,2024-01-25 10:22:00,3,3.62,On Time,Traffic
5746303677,24730,2024-06-08 13:48:00,2024-06-08 13:47:00,-1,3.82,On Time,
3271726381,5783,2024-03-15 00:52:00,2024-03-15 01:11:00,19,1.76,Significantly Delayed,Traffic
9802569856,93443,2024-04-07 09:25:00,2024-04-07 09:22:00,-3,4.31,On Time,
662460037,2466,2024-10-11 01:08:00,2024-10-11 01:19:00,11,4.74,Slightly Delayed,Traffic
8664447334,49008,2024-03-08 04:49:00,2024-03-08 05:18:00,29,4.11,Significantly Delayed,Traffic
3886370975,38359,2024-05-08 19:49:00,2024-05-08 19:53:00,4,3.43,On Time,Traffic
3547006553,31328,2024-05-29 22:21:00,2024-05-29 22:40:00,19,4.41,Significantly Delayed,Traffic
2575965518,33262,2024-10-25 23:41:00,2024-10-25 23:36:00,-5,1.24,On Time,
1529363954,55211,2024-03-27 00:35:00,2024-03-27 00:38:00,3,0.78,On Time,Traffic
8463856241,18824,2023-04-10 21:20:00,2023-04-10 21:27:00,7,4.41,Slightly Delayed,Traffic
2485242479,76138,2023-04-11 06:35:00,2023-04-11 06:34:00,-1,3.71,On Time,
9850673433,19635,2023-05-06 05:56:00,2023-05-06 06:03:00,7,1.39,Slightly Delayed,Traffic
2558680592,91792,2023-05-31 22:36:00,2023-05-31 22:36:00,0,1.77,On Time,
2859167116,34127,2024-10-15 17:55:00,2024-10-15 18:10:00,15,0.66,Slightly Delayed,Traffic
1222236371,94531,2024-08-15 00:13:00,2024-08-15 00:24:00,11,4.79,Slightly Delayed,Traffic
344177904,86602,2023-08-18 00:49:00,2023-08-18 00:58:00,9,2.27,Slightly Delayed,Traffic
6126334783,33084,2024-07-03 08:44:00,2024-07-03 08:49:00,5,2.26,On Time,Traffic
3742575364,22416,2023-05-08 17:43:00,2023-05-08 17:45:00,2,3.47,On Time,Traffic
9272166174,31701,2023-07-27 06:36:00,2023-07-27 06:38:00,2,1.13,On Time,Traffic
9416522701,14560,2024-01-22 03:22:00,2024-01-22 03:22:00,0,2.82,On Time,
7305871805,57764,2024-09-11 14:39:00,2024-09-11 14:38:00,-1,0.87,On Time,
80296810,15362,2024-06-05 03:52:00,2024-06-05 03:51:00,-1,2.47,On Time,
2806868282,5821,2024-09-26 15:30:00,2024-09-26 15:27:00,-3,3.65,On Time,
707033578,33360,2024-01-30 00:48:00,2024-01-30 00:49:00,1,3.54,On Time,Traffic
9026783092,51457,2023-10-09 16:44:00,2023-10-09 16:59:00,15,4.1,Slightly Delayed,Traffic
6229466619,63864,2023-06-05 07:30:00,2023-06-05 07:38:00,8,1.71,Slightly Delayed,Traffic
408720270,2311,2024-06-26 22:22:00,2024-06-26 22:38:00,16,1.09,Significantly Delayed,Traffic
8870165072,53009,2023-11-03 10:20:00,2023-11-03 10:25:00,5,0.8,On Time,Traffic
1979319490,28727,2024-01-14 01:37:00,2024-01-14 01:41:00,4,1.06,On Time,Traffic
840761323,88697,2024-03-09 06:30:00,2024-03-09 06:34:00,4,3.99,On Time,Traffic
744721438,47635,2024-02-25 13:03:00,2024-02-25 13:15:00,12,4.3,Slightly Delayed,Traffic
7421707488,29051,2023-11-03 23:02:00,2023-11-03 22:58:00,-4,1.44,On Time,
1212718824,72361,2024-01-01 10:13:00,2024-01-01 10:08:00,-5,4.18,On Time,
9603256001,5981,2023-05-08 16:06:00,2023-05-08 16:18:00,12,2.98,Slightly Delayed,Traffic
5626888972,53381,2024-04-13 17:26:00,2024-04-13 17:29:00,3,2.32,On Time,Traffic
2300753276,88145,2023-12-07 04:30:00,2023-12-07 04:39:00,9,1.49,Slightly Delayed,Traffic
869629562,80715,2023-05-05 21:38:00,2023-05-05 21:35:00,-3,4.42,On Time,
3429137520,82673,2024-03-16 19:42:00,2024-03-16 19:39:00,-3,1.67,On Time,
9957927297,17981,2023-06-07 05:30:00,2023-06-07 05:32:00,2,0.97,On Time,Traffic
202466684,51649,2023-08-08 06:16:00,2023-08-08 06:11:00,-5,1.48,On Time,
8465721207,56612,2024-06-21 09:15:00,2024-06-21 09:10:00,-5,2.05,On Time,
6194827199,674,2023-12-20 19:11:00,2023-12-20 19:07:00,-4,0.62,On Time,
3942174431,9886,2024-02-17 05:12:00,2024-02-17 05:22:00,10,3.08,Slightly Delayed,Traffic
3189863462,54721,2024-06-17 13:44:00,2024-06-17 13:41:00,-3,2.7,On Time,
5923573134,74712,2024-02-17 20:16:00,2024-02-17 20:21:00,5,2.43,On Time,Traffic
6659747528,93772,2024-09-28 18:45:00,2024-09-28 18:45:00,0,2.52,On Time,
6037541687,39815,2023-12-10 22:43:00,2023-12-10 22:45:00,2,2.23,On Time,Traffic
2585438297,93144,2023-08-20 13:11:00,2023-08-20 13:16:00,5,3.99,On Time,Traffic
8065774615,66569,2023-12-12 11:10:00,2023-12-12 11:35:00,25,4.95,Significantly Delayed,Traffic
1816814476,42751,2024-11-04 14:02:00,2024-11-04 14:05:00,3,0.55,On Time,Traffic
5278014717,87933,2024-04-15 03:59:00,2024-04-15 04:04:00,5,4.94,On Time,Traffic
4265447949,34338,2024-08-16 02:36:00,2024-08-16 03:01:00,25,4.0,Significantly Delayed,Traffic
6752221435,71642,2024-02-10 16:10:00,2024-02-10 16:14:00,4,0.55,On Time,Traffic
8943989258,43725,2023-12-10 11:17:00,2023-12-10 11:20:00,3,0.8,On Time,Traffic
4068367936,95706,2024-09-21 02:09:00,2024-09-21 02:08:00,-1,3.56,On Time,
5735156904,89407,2023-04-01 16:40:00,2023-04-01 16:53:00,13,4.91,Slightly Delayed,Traffic
2405929115,83049,2024-09-09 09:19:00,2024-09-09 09:42:00,23,2.23,Significantly Delayed,Traffic
7913167260,69504,2023-04-19 01:10:00,2023-04-19 01:39:00,29,3.92,Significantly Delayed,Traffic
1989751369,1261,2023-05-18 23:10:00,2023-05-18 23:22:00,12,2.92,Slightly Delayed,Traffic
7338050095,68204,2024-10-15 03:19:00,2024-10-15 03:17:00,-2,2.31,On Time,
9950986048,46130,2023-09-09 08:50:00,2023-09-09 08:53:00,3,3.9,On Time,Traffic
5098703807,46866,2024-06-10 02:13:00,2024-06-10 02:11:00,-2,4.46,On Time,
6937485392,42361,2023-05-23 22:57:00,2023-05-23 23:05:00,8,4.79,Slightly Delayed,Traffic
1266440097,43520,2024-01-01 03:47:00,2024-01-01 03:42:00,-5,4.01,On Time,
7415490509,48639,2023-07-08 14:15:00,2023-07-08 14:14:00,-1,4.12,On Time,
7284991749,4135,2023-12-10 09:47:00,2023-12-10 09:46:00,-1,2.92,On Time,
4645792703,36301,2023-12-04 23:23:00,2023-12-04 23:18:00,-5,2.04,On Time,
3174938939,50364,2023-03-27 06:25:00,2023-03-27 06:25:00,0,3.76,On Time,
1752712049,67307,2024-08-31 16:13:00,2024-08-31 16:25:00,12,4.33,Slightly Delayed,Traffic
8187201830,55955,2024-04-30 04:43:00,2024-04-30 04:39:00,-4,4.44,On Time,
6900896329,97185,2024-02-01 02:39:00,2024-02-01 02:41:00,2,2.14,On Time,Traffic
3793977529,52853,2023-09-02 19:22:00,2023-09-02 19:22:00,0,4.5,On Time,
194459698,66295,2023-06-15 15:59:00,2023-06-15 15:58:00,-1,1.01,On Time,
9330447952,8867,2024-03-30 18:40:00,2024-03-30 18:45:00,5,3.13,On Time,Traffic
2097372277,42338,2024-01-25 05:00:00,2024-01-25 04:56:00,-4,0.71,On Time,
7060954153,21872,2023-11-01 21:12:00,2023-11-01 21:07:00,-5,1.89,On Time,
2921310646,45581,2024-07-08 14:42:00,2024-07-08 14:42:00,0,4.35,On Time,
3983082555,75005,2023-06-05 06:14:00,2023-06-05 06:36:00,22,2.56,Significantly Delayed,Traffic
4867298468,88574,2024-04-23 09:51:00,2024-04-23 09:55:00,4,1.6,On Time,Traffic
3402631472,82219,2024-05-03 21:43:00,2024-05-03 21:43:00,0,4.47,On Time,
1648146562,49114,2023-05-14 23:26:00,2023-05-14 23:23:00,-3,3.06,On Time,
5907766010,85975,2024-10-07 14:22:00,2024-10-07 14:33:00,11,4.11,Slightly Delayed,Traffic
9233577456,29353,2023-12-30 04:14:00,2023-12-30 04:13:00,-1,4.29,On Time,
4084808075,65980,2024-10-11 17:56:00,2024-10-11 17:54:00,-2,0.66,On Time,
7217049550,56744,2024-07-11 09:45:00,2024-07-11 10:09:00,24,2.87,Significantly Delayed,Traffic
1831943568,31014,2024-05-23 17:34:00,2024-05-23 17:39:00,5,1.86,On Time,Traffic
8707473624,54941,2023-12-20 08:46:00,2023-12-20 08:43:00,-3,4.9,On Time,
7075868285,69398,2024-03-01 06:16:00,2024-03-01 06:20:00,4,3.48,On Time,Traffic
5164162918,69542,2023-11-18 15:16:00,2023-11-18 15:15:00,-1,3.51,On Time,
2175298644,37111,2024-05-11 05:30:00,2024-05-11 05:28:00,-2,2.91,On Time,
5882568464,93909,2023-04-13 08:39:00,2023-04-13 08:37:00,-2,2.42,On Time,
7847708619,9898,2023-10-23 01:17:00,2023-10-23 01:18:00,1,2.54,On Time,Traffic
6366048116,82257,2024-08-05 09:08:00,2024-08-05 09:06:00,-2,2.19,On Time,
4926287333,94821,2023-08-08 02:59:00,2023-08-08 03:00:00,1,2.68,On Time,Traffic
5532838325,57010,2024-07-24 23:40:00,2024-07-24 23:37:00,-3,3.85,On Time,
2567996236,61790,2023-10-31 08:21:00,2023-10-31 08:20:00,-1,1.0,On Time,
2655613624,94896,2024-06-26 13:33:00,2024-06-26 14:02:00,29,1.78,Significantly Delayed,Traffic
7706089549,35200,2023-10-08 04:24:00,2023-10-08 04:24:00,0,3.96,On Time,
8257370396,11969,2023-12-24 08:26:00,2023-12-24 08:42:00,16,1.33,Significantly Delayed,Traffic
8623808984,79827,2024-04-13 05:49:00,2024-04-13 05:55:00,6,3.27,Slightly Delayed,Traffic
7579506101,80056,2023-04-06 01:28:00,2023-04-06 01:25:00,-3,2.05,On Time,
8861024199,53729,2023-11-29 06:03:00,2023-11-29 05:59:00,-4,0.54,On Time,
7666131311,35447,2023-05-01 15:57:00,2023-05-01 16:02:00,5,4.09,On Time,Traffic
103589925,83678,2024-05-17 23:42:00,2024-05-17 23:52:00,10,1.05,Slightly Delayed,Traffic
7346858138,83804,2023-11-22 16:58:00,2023-11-22 16:55:00,-3,1.78,On Time,
4963962664,10652,2023-09-28 12:02:00,2023-09-28 11:58:00,-4,4.59,On Time,
9069936094,80189,2024-06-23 13:08:00,2024-06-23 13:31:00,23,3.6,Significantly Delayed,Traffic
4665363191,15760,2024-10-13 20:05:00,2024-10-13 20:11:00,6,1.61,Slightly Delayed,Traffic
888510905,21909,2024-06-27 18:18:00,2024-06-27 18:30:00,12,1.18,Slightly Delayed,Traffic
6876091286,77863,2024-10-05 00:38:00,2024-10-05 00:36:00,-2,1.57,On Time,
2592923105,23178,2023-04-23 00:14:00,2023-04-23 00:37:00,23,4.84,Significantly Delayed,Traffic
2468550508,24846,2024-08-21 14:03:00,2024-08-21 14:06:00,3,3.31,On Time,Traffic
5302956276,6274,2024-01-22 22:52:00,2024-01-22 22:52:00,0,3.16,On Time,
9409714182,4084,2023-05-25 05:29:00,2023-05-25 05:41:00,12,0.86,Slightly Delayed,Traffic
1446221570,213,2024-09-26 10:13:00,2024-09-26 10:12:00,-1,1.43,On Time,
8250036360,65016,2024-06-21 14:20:00,2024-06-21 14:21:00,1,4.62,On Time,Traffic
447464341,85334,2024-03-03 13:06:00,2024-03-03 13:13:00,7,4.08,Slightly Delayed,Traffic
15642223,43306,2023-11-06 21:24:00,2023-11-06 21:27:00,3,1.44,On Time,Traffic
3285378238,8991,2024-08-15 05:41:00,2024-08-15 05:56:00,15,1.46,Slightly Delayed,Traffic
2356483296,38401,2023-07-25 17:24:00,2023-07-25 17:32:00,8,3.25,Slightly Delayed,Traffic
3382911339,84662,2023-12-12 14:53:00,2023-12-12 14:52:00,-1,4.92,On Time,
3690872026,56377,2023-07-09 08:21:00,2023-07-09 08:26:00,5,3.81,On Time,Traffic
6755367585,56444,2024-09-03 19:00:00,2024-09-03 18:57:00,-3,4.56,On Time,
6835850079,92568,2023-08-13 23:06:00,2023-08-13 23:09:00,3,3.44,On Time,Traffic
9345418784,24395,2024-02-22 10:23:00,2024-02-22 10:27:00,4,4.58,On Time,Traffic
7185243614,27663,2024-01-10 19:20:00,2024-01-10 19:22:00,2,2.47,On Time,Traffic
2319044818,66486,2024-04-06 20:45:00,2024-04-06 20:41:00,-4,1.98,On Time,
931834374,48992,2024-09-30 13:11:00,2024-09-30 13:11:00,0,1.72,On Time,
8485398781,70167,2024-04-20 19:17:00,2024-04-20 19:17:00,0,0.62,On Time,
9806464912,89278,2024-08-21 12:19:00,2024-08-21 12:33:00,14,4.41,Slightly Delayed,Traffic
8214365128,68269,2024-07-10 18:18:00,2024-07-10 18:14:00,-4,2.87,On Time,
137089318,32581,2024-05-23 15:53:00,2024-05-23 15:48:00,-5,3.62,On Time,
7615602420,91821,2024-05-30 09:32:00,2024-05-30 09:37:00,5,2.32,On Time,Traffic
3995348964,62259,2024-06-03 16:34:00,2024-06-03 16:38:00,4,4.1,On Time,Traffic
3816542830,38895,2023-08-18 15:04:00,2023-08-18 15:00:00,-4,1.05,On Time,
9665004924,98396,2023-07-29 15:48:00,2023-07-29 15:47:00,-1,3.11,On Time,
1728547597,80933,2024-06-09 08:04:00,2024-06-09 08:23:00,19,2.16,Significantly Delayed,Traffic
5311190131,30345,2024-03-04 01:01:00,2024-03-04 01:02:00,1,2.18,On Time,Traffic
9581592141,70962,2024-01-22 23:30:00,2024-01-22 23:30:00,0,1.44,On Time,
4848863693,56307,2024-09-12 04:54:00,2024-09-12 04:51:00,-3,3.47,On Time,
6374883107,32067,2023-08-19 08:20:00,2023-08-19 08:41:00,21,4.8,Significantly Delayed,Traffic
3270131216,44043,2024-02-10 15:14:00,2024-02-10 15:28:00,14,4.44,Slightly Delayed,Traffic
2643382562,74374,2023-07-24 22:48:00,2023-07-24 22:48:00,0,1.49,On Time,
5212524996,13215,2023-12-10 22:25:00,2023-12-10 22:26:00,1,4.2,On Time,Traffic
9594095277,61215,2024-03-10 04:56:00,2024-03-10 04:54:00,-2,1.97,On Time,
8375863419,89921,2024-08-26 12:29:00,2024-08-26 12:44:00,15,1.19,Slightly Delayed,Traffic
7523880783,23850,2024-10-13 14:06:00,2024-10-13 14:01:00,-5,3.8,On Time,
9670158103,18477,2024-03-11 13:08:00,2024-03-11 13:10:00,2,1.07,On Time,Traffic
4344108631,39923,2023-03-29 11:27:00,2023-03-29 11:37:00,10,3.98,Slightly Delayed,Traffic
2237858,97945,2023-04-02 04:00:00,2023-04-02 04:03:00,3,3.86,On Time,Traffic
3217791988,30480,2023-08-10 14:06:00,2023-08-10 14:04:00,-2,2.99,On Time,
3355718103,84679,2023-09-10 22:54:00,2023-09-10 22:51:00,-3,1.81,On Time,
9590518103,39579,2024-03-01 19:32:00,2024-03-01 19:33:00,1,3.73,On Time,Traffic
6610120274,83714,2024-07-19 01:30:00,2024-07-19 01:31:00,1,0.9,On Time,Traffic
1180899898,24863,2023-04-17 03:12:00,2023-04-17 03:15:00,3,2.5,On Time,Traffic
8758992688,722,2024-06-22 17:12:00,2024-06-22 17:37:00,25,1.35,Significantly Delayed,Traffic
6965716176,48850,2023-04-13 02:32:00,2023-04-13 02:34:00,2,4.53,On Time,Traffic
5527742274,98520,2023-12-16 05:32:00,2023-12-16 05:27:00,-5,2.61,On Time,
826610039,72915,2023-08-17 14:04:00,2023-08-17 14:03:00,-1,3.04,On Time,
3303891913,49372,2024-01-15 21:43:00,2024-01-15 21:48:00,5,2.77,On Time,Traffic
2489292878,88759,2023-10-01 09:02:00,2023-10-01 08:57:00,-5,4.76,On Time,
8589851630,4917,2024-05-28 14:22:00,2024-05-28 14:24:00,2,1.23,On Time,Traffic
4598897781,7752,2023-07-12 20:54:00,2023-07-12 21:04:00,10,3.07,Slightly Delayed,Traffic
6932356214,27028,2023-04-04 05:52:00,2023-04-04 06:06:00,14,1.35,Slightly Delayed,Traffic
3499004322,21541,2023-05-04 18:23:00,2023-05-04 18:22:00,-1,2.4,On Time,
7517620171,48840,2023-04-16 18:26:00,2023-04-16 18:21:00,-5,0.54,On Time,
172987148,66833,2024-11-03 16:56:00,2024-11-03 17:21:00,25,2.52,Significantly Delayed,Traffic
8347207794,88105,2024-08-17 22:18:00,2024-08-17 22:21:00,3,1.12,On Time,Traffic
9472355181,69066,2024-01-23 06:52:00,2024-01-23 06:55:00,3,2.8,On Time,Traffic
1315064289,62602,2024-07-27 03:16:00,2024-07-27 03:39:00,23,2.35,Significantly Delayed,Traffic
9371869941,6805,2023-10-12 00:13:00,2023-10-12 00:13:00,0,4.35,On Time,
5184568404,17462,2024-03-27 13:05:00,2024-03-27 13:01:00,-4,0.93,On Time,
5891002534,79352,2023-09-29 16:16:00,2023-09-29 16:26:00,10,3.92,Slightly Delayed,Traffic
1479730711,36251,2024-09-02 10:08:00,2024-09-02 10:29:00,21,4.51,Significantly Delayed,Traffic
7651037338,62537,2023-11-21 18:52:00,2023-11-21 18:52:00,0,2.86,On Time,
8763754537,16963,2024-10-07 05:47:00,2024-10-07 05:44:00,-3,0.83,On Time,
7683813608,86476,2023-06-06 21:44:00,2023-06-06 21:47:00,3,3.63,On Time,Traffic
6722955128,18697,2023-03-19 22:05:00,2023-03-19 22:01:00,-4,3.37,On Time,
8259274680,17260,2023-04-11 06:45:00,2023-04-11 06:43:00,-2,3.76,On Time,
4620484274,25174,2024-09-10 16:05:00,2024-09-10 16:18:00,13,4.36,Slightly Delayed,Traffic
8260569466,74085,2023-12-15 04:16:00,2023-12-15 04:12:00,-4,4.84,On Time,
8498916204,89588,2024-03-22 19:44:00,2024-03-22 19:44:00,0,4.77,On Time,
3209538967,78212,2024-05-07 09:35:00,2024-05-07 09:39:00,4,3.13,On Time,Traffic
2570640420,99899,2023-04-28 10:44:00,2023-04-28 10:48:00,4,2.92,On Time,Traffic
2066843639,37046,2024-05-25 00:32:00,2024-05-25 00:27:00,-5,3.92,On Time,
7402125753,26429,2023-11-01 18:26:00,2023-11-01 18:36:00,10,4.99,Slightly Delayed,Traffic
9171089443,27400,2024-09-10 20:21:00,2024-09-10 20:21:00,0,2.95,On Time,
3272079644,98992,2023-06-06 14:43:00,2023-06-06 14:46:00,3,2.67,On Time,Traffic
438111050,24502,2024-05-03 23:56:00,2024-05-03 23:54:00,-2,1.32,On Time,
7416160835,11914,2023-04-30 11:20:00,2023-04-30 11:17:00,-3,1.33,On Time,
4075074492,29293,2023-12-13 11:18:00,2023-12-13 11:41:00,23,2.96,Significantly Delayed,Traffic
5536024334,20631,2023-04-30 16:44:00,2023-04-30 16:40:00,-4,0.83,On Time,
2013140214,10693,2024-05-14 16:30:00,2024-05-14 16:35:00,5,0.51,On Time,Traffic
1113582397,38869,2023-12-17 14:40:00,2023-12-17 14:42:00,2,3.55,On Time,Traffic
1083928258,78940,2023-12-21 19:54:00,2023-12-21 19:58:00,4,0.64,On Time,Traffic
4906957374,2235,2023-09-16 20:06:00,2023-09-16 20:03:00,-3,0.79,On Time,
1876614122,4985,2023-08-23 23:38:00,2023-08-23 23:35:00,-3,4.12,On Time,
6556180328,83805,2024-06-03 20:57:00,2024-06-03 20:56:00,-1,4.26,On Time,
7960553477,75158,2024-02-24 05:40:00,2024-02-24 05:35:00,-5,4.56,On Time,
6335972517,51928,2023-07-08 20:14:00,2023-07-08 20:26:00,12,1.39,Slightly Delayed,Traffic
6254948159,72597,2023-10-16 07:34:00,2023-10-16 07:34:00,0,4.42,On Time,
7527936057,67699,2023-12-10 14:18:00,2023-12-10 14:20:00,2,2.96,On Time,Traffic
6257851675,91732,2024-04-23 22:26:00,2024-04-23 22:48:00,22,4.45,Significantly Delayed,Traffic
6832610950,37323,2023-09-01 09:33:00,2023-09-01 09:57:00,24,1.51,Significantly Delayed,Traffic
5085005195,92179,2024-03-05 20:13:00,2024-03-05 20:17:00,4,4.3,On Time,Traffic
2177207547,63474,2024-02-09 05:01:00,2024-02-09 04:59:00,-2,1.62,On Time,
3043364543,64723,2023-07-25 10:58:00,2023-07-25 11:00:00,2,0.6,On Time,Traffic
2823404098,52689,2024-03-03 03:33:00,2024-03-03 03:31:00,-2,4.66,On Time,
646676955,90187,2023-11-09 00:55:00,2023-11-09 00:51:00,-4,3.76,On Time,
5756607486,19872,2023-10-22 05:53:00,2023-10-22 05:51:00,-2,0.99,On Time,
9373691795,89555,2024-03-23 21:31:00,2024-03-23 21:35:00,4,1.26,On Time,Traffic
2611601543,21230,2023-07-23 00:49:00,2023-07-23 00:59:00,10,3.19,Slightly Delayed,Traffic
1491360686,45751,2023-03-21 16:00:00,2023-03-21 16:11:00,11,2.67,Slightly Delayed,Traffic
1824533423,37442,2023-05-21 13:13:00,2023-05-21 13:16:00,3,2.97,On Time,Traffic
2913841018,45079,2023-11-26 04:08:00,2023-11-26 04:08:00,0,4.32,On Time,
3141803761,54528,2023-10-09 15:35:00,2023-10-09 15:54:00,19,0.73,Significantly Delayed,Traffic
6184484468,97219,2024-10-14 03:45:00,2024-10-14 03:46:00,1,4.75,On Time,Traffic
4599327740,43635,2023-08-25 15:52:00,2023-08-25 15:52:00,0,0.55,On Time,
7479207574,23426,2024-04-03 02:03:00,2024-04-03 02:32:00,29,3.74,Significantly Delayed,Traffic
2996133401,8541,2024-04-14 22:16:00,2024-04-14 22:14:00,-2,1.35,On Time,
5972410040,62822,2024-08-11 07:38:00,2024-08-11 07:41:00,3,2.11,On Time,Traffic
4007593324,36657,2024-06-21 10:23:00,2024-06-21 10:27:00,4,3.37,On Time,Traffic
3428454405,81368,2023-08-13 22:57:00,2023-08-13 22:56:00,-1,1.63,On Time,
1160646195,53869,2023-04-24 17:17:00,2023-04-24 17:38:00,21,1.48,Significantly Delayed,Traffic
4376524554,75544,2023-03-16 09:25:00,2023-03-16 09:30:00,5,1.55,On Time,Traffic
1519072771,40607,2024-08-01 04:22:00,2024-08-01 04:24:00,2,1.52,On Time,Traffic
8203685394,92523,2024-02-23 07:17:00,2024-02-23 07:18:00,1,4.11,On Time,Traffic
7906789850,16598,2024-10-08 20:35:00,2024-10-08 20:41:00,6,1.17,Slightly Delayed,Traffic
8073770046,37431,2024-05-14 03:12:00,2024-05-14 03:25:00,13,3.42,Slightly Delayed,Traffic
5190202949,98623,2023-09-09 12:49:00,2023-09-09 13:01:00,12,1.62,Slightly Delayed,Traffic
8542325207,38846,2024-07-17 17:47:00,2024-07-17 17:50:00,3,4.04,On Time,Traffic
7566730050,47294,2023-05-14 13:12:00,2023-05-14 13:13:00,1,2.52,On Time,Traffic
176509722,60612,2023-10-16 22:46:00,2023-10-16 22:44:00,-2,1.92,On Time,
1894603222,90546,2023-10-16 07:27:00,2023-10-16 07:30:00,3,3.9,On Time,Traffic
2694800415,70355,2024-04-04 07:44:00,2024-04-04 07:39:00,-5,3.85,On Time,
5879390688,87608,2023-09-07 19:48:00,2023-09-07 19:54:00,6,2.02,Slightly Delayed,Traffic
1197715978,76039,2023-11-12 07:40:00,2023-11-12 07:43:00,3,3.68,On Time,Traffic
7790696031,60613,2023-05-12 17:13:00,2023-05-12 17:08:00,-5,4.31,On Time,
2189360099,48011,2023-08-19 06:16:00,2023-08-19 06:13:00,-3,4.48,On Time,
3542041943,91300,2024-09-06 01:23:00,2024-09-06 01:25:00,2,3.35,On Time,Traffic
9202469009,39748,2023-11-13 01:31:00,2023-11-13 01:28:00,-3,3.89,On Time,
3985829990,39267,2024-07-19 01:14:00,2024-07-19 01:28:00,14,1.63,Slightly Delayed,Traffic
4341872315,20388,2023-11-03 13:19:00,2023-11-03 13:20:00,1,1.37,On Time,Traffic
4748123248,93163,2023-08-01 10:15:00,2023-08-01 10:14:00,-1,2.43,On Time,
99905061,1750,2023-11-16 20:26:00,2023-11-16 20:34:00,8,3.18,Slightly Delayed,Traffic
9118004489,57515,2024-02-02 14:45:00,2024-02-02 14:41:00,-4,2.34,On Time,
1696936610,10006,2023-09-13 23:46:00,2023-09-13 23:50:00,4,3.08,On Time,Traffic
155669553,73940,2023-04-06 14:38:00,2023-04-06 14:36:00,-2,0.77,On Time,
2885541999,97766,2023-09-13 22:27:00,2023-09-13 22:24:00,-3,0.83,On Time,
2846340681,1441,2023-06-08 06:29:00,2023-06-08 06:32:00,3,2.36,On Time,Traffic
963715332,74026,2024-07-18 22:39:00,2024-07-18 22:54:00,15,0.55,Slightly Delayed,Traffic
2807634451,10898,2024-03-15 00:36:00,2024-03-15 00:41:00,5,4.64,On Time,Traffic
3046341241,42558,2023-10-03 17:30:00,2023-10-03 17:26:00,-4,1.4,On Time,
485687952,41920,2023-03-26 19:53:00,2023-03-26 20:05:00,12,1.05,Slightly Delayed,Traffic
7660904370,82481,2024-05-09 14:29:00,2024-05-09 14:41:00,12,4.8,Slightly Delayed,Traffic
9753033954,66167,2023-07-02 01:47:00,2023-07-02 01:46:00,-1,3.49,On Time,
9509887699,83668,2024-01-13 11:19:00,2024-01-13 11:18:00,-1,1.44,On Time,
1054122071,29382,2023-11-22 08:56:00,2023-11-22 08:58:00,2,2.96,On Time,Traffic
9135272808,58954,2024-03-01 23:24:00,2024-03-01 23:22:00,-2,3.77,On Time,
597447215,56770,2024-09-04 22:25:00,2024-09-04 22:20:00,-5,3.05,On Time,
5562099656,78737,2024-06-12 02:53:00,2024-06-12 02:58:00,5,4.23,On Time,Traffic
4122736828,47529,2024-07-02 13:15:00,2024-07-02 13:12:00,-3,2.49,On Time,
7238138072,70201,2024-08-26 06:00:00,2024-08-26 05:55:00,-5,2.2,On Time,
6244736404,74025,2024-08-19 09:30:00,2024-08-19 09:40:00,10,0.66,Slightly Delayed,Traffic
1297341963,78118,2024-07-28 21:58:00,2024-07-28 21:56:00,-2,1.23,On Time,
3842442278,34292,2024-10-27 03:01:00,2024-10-27 02:57:00,-4,3.4,On Time,
9576684860,49015,2023-04-28 20:17:00,2023-04-28 20:25:00,8,3.99,Slightly Delayed,Traffic
1592757566,26609,2024-07-17 15:24:00,2024-07-17 15:44:00,20,2.61,Significantly Delayed,Traffic
5060677329,2549,2024-03-29 08:32:00,2024-03-29 08:47:00,15,3.19,Slightly Delayed,Traffic
2241930006,48832,2023-11-05 03:20:00,2023-11-05 03:48:00,28,4.78,Significantly Delayed,Traffic
3246505078,70745,2024-08-15 20:57:00,2024-08-15 21:17:00,20,4.47,Significantly Delayed,Traffic
5870152806,41777,2024-03-23 04:07:00,2024-03-23 04:02:00,-5,0.51,On Time,
8919999754,49856,2023-12-07 13:44:00,2023-12-07 13:44:00,0,4.16,On Time,
1080338783,11061,2023-07-21 22:04:00,2023-07-21 22:03:00,-1,2.6,On Time,
4641905606,94171,2024-09-18 04:24:00,2024-09-18 04:21:00,-3,3.24,On Time,
9456413999,38461,2023-08-26 23:48:00,2023-08-26 23:50:00,2,2.21,On Time,Traffic
4764056827,25547,2024-07-19 20:19:00,2024-07-19 20:30:00,11,1.87,Slightly Delayed,Traffic
5168057633,64173,2024-07-11 01:53:00,2024-07-11 01:50:00,-3,3.82,On Time,
1442559656,4000,2023-05-10 08:12:00,2023-05-10 08:33:00,21,1.3,Significantly Delayed,Traffic
6590257283,85700,2023-10-02 09:41:00,2023-10-02 09:43:00,2,3.29,On Time,Traffic
3429671763,8472,2024-03-26 20:26:00,2024-03-26 20:45:00,19,3.56,Significantly Delayed,Traffic
4750086089,57809,2023-08-16 20:15:00,2023-08-16 20:23:00,8,1.14,Slightly Delayed,Traffic
3204128006,62365,2023-11-22 13:39:00,2023-11-22 13:52:00,13,0.62,Slightly Delayed,Traffic
3171917027,41122,2024-03-31 08:34:00,2024-03-31 08:34:00,0,0.87,On Time,
8814047085,68901,2023-04-10 10:50:00,2023-04-10 10:45:00,-5,2.67,On Time,
1889723479,87163,2024-06-24 08:11:00,2024-06-24 08:15:00,4,0.52,On Time,Traffic
942025494,56953,2024-03-02 23:04:00,2024-03-02 23:18:00,14,3.0,Slightly Delayed,Traffic
4104444500,92907,2024-10-13 02:48:00,2024-10-13 02:46:00,-2,4.02,On Time,
7562260313,38550,2024-03-23 02:32:00,2024-03-23 02:34:00,2,4.56,On Time,Traffic
7140244766,76465,2023-08-06 14:38:00,2023-08-06 14:35:00,-3,1.81,On Time,
7967974077,1899,2024-07-06 06:12:00,2024-07-06 06:21:00,9,1.08,Slightly Delayed,Traffic
7456822422,24881,2023-12-08 17:06:00,2023-12-08 17:14:00,8,1.45,Slightly Delayed,Traffic
4813468096,13299,2024-02-10 04:10:00,2024-02-10 04:12:00,2,2.52,On Time,Traffic
8618576020,64047,2024-01-18 15:01:00,2024-01-18 15:02:00,1,4.62,On Time,Traffic
3727646442,98620,2023-07-21 16:18:00,2023-07-21 16:17:00,-1,1.11,On Time,
9208156337,83940,2024-09-23 10:27:00,2024-09-23 10:27:00,0,1.92,On Time,
8328118787,13593,2023-05-14 22:16:00,2023-05-14 22:21:00,5,1.32,On Time,Traffic
580528836,72799,2023-10-20 10:34:00,2023-10-20 11:03:00,29,0.53,Significantly Delayed,Traffic
3350662630,8459,2023-07-03 22:24:00,2023-07-03 22:20:00,-4,2.73,On Time,
6716381725,96043,2023-05-05 11:18:00,2023-05-05 11:32:00,14,3.48,Slightly Delayed,Traffic
2249567137,63769,2024-04-06 10:23:00,2024-04-06 10:24:00,1,1.4,On Time,Traffic
7484465509,58978,2024-09-27 19:34:00,2024-09-27 19:30:00,-4,2.84,On Time,
2577208156,61389,2024-10-08 07:28:00,2024-10-08 07:35:00,7,0.86,Slightly Delayed,Traffic
3321905621,26660,2024-10-19 20:13:00,2024-10-19 20:18:00,5,4.53,On Time,Traffic
6686839282,53508,2023-07-24 09:41:00,2023-07-24 09:50:00,9,3.16,Slightly Delayed,Traffic
5095558661,65564,2023-05-06 13:27:00,2023-05-06 13:30:00,3,3.7,On Time,Traffic
112658009,32553,2023-07-11 17:55:00,2023-07-11 17:52:00,-3,4.54,On Time,
1343610513,14791,2023-07-17 13:55:00,2023-07-17 14:03:00,8,1.57,Slightly Delayed,Traffic
7190610535,99603,2024-03-22 07:30:00,2024-03-22 07:26:00,-4,3.79,On Time,
5069426001,23515,2024-01-13 01:57:00,2024-01-13 01:58:00,1,4.78,On Time,Traffic
5655369002,50372,2023-08-25 10:28:00,2023-08-25 10:28:00,0,1.89,On Time,
5761530160,47945,2024-02-23 18:42:00,2024-02-23 18:57:00,15,2.31,Slightly Delayed,Traffic
4772519706,27293,2023-03-28 09:03:00,2023-03-28 09:02:00,-1,2.96,On Time,
8209051735,66797,2024-02-13 22:45:00,2024-02-13 22:45:00,0,3.48,On Time,
4870391666,82421,2024-03-23 20:42:00,2024-03-23 20:44:00,2,4.36,On Time,Traffic
7777975083,89484,2024-06-24 18:05:00,2024-06-24 18:34:00,29,2.56,Significantly Delayed,Traffic
8713948756,84056,2023-11-16 00:16:00,2023-11-16 00:35:00,19,3.45,Significantly Delayed,Traffic
6191050157,71004,2023-05-11 20:53:00,2023-05-11 20:58:00,5,2.74,On Time,Traffic
4060449266,83557,2024-03-09 00:43:00,2024-03-09 00:47:00,4,4.42,On Time,Traffic
5657605506,54862,2024-05-30 20:28:00,2024-05-30 20:27:00,-1,3.88,On Time,
8851743592,70212,2024-02-13 12:15:00,2024-02-13 12:11:00,-4,2.89,On Time,
4689717606,20091,2023-07-05 07:42:00,2023-07-05 07:42:00,0,2.84,On Time,
2860246948,42770,2024-09-25 22:29:00,2024-09-25 22:58:00,29,1.18,Significantly Delayed,Traffic
2875550803,82986,2024-02-28 14:12:00,2024-02-28 14:11:00,-1,2.92,On Time,
5340575011,3517,2023-09-28 19:12:00,2023-09-28 19:15:00,3,0.68,On Time,Traffic
7717156533,89557,2023-04-04 05:14:00,2023-04-04 05:18:00,4,4.13,On Time,Traffic
8297255359,99111,2023-06-26 16:47:00,2023-06-26 16:50:00,3,1.36,On Time,Traffic
7873234939,71249,2024-09-10 22:53:00,2024-09-10 22:59:00,6,4.38,Slightly Delayed,Traffic
3668515922,9368,2023-08-23 14:31:00,2023-08-23 14:45:00,14,1.86,Slightly Delayed,Traffic
8356690330,70661,2023-07-15 18:20:00,2023-07-15 18:16:00,-4,0.86,On Time,
3508620293,79725,2023-08-03 20:57:00,2023-08-03 20:57:00,0,1.6,On Time,
9998297778,15629,2023-09-22 17:26:00,2023-09-22 17:27:00,1,4.71,On Time,Traffic
3898421710,27328,2023-08-31 07:12:00,2023-08-31 07:18:00,6,4.58,Slightly Delayed,Traffic
3960980694,61707,2024-06-21 23:01:00,2024-06-21 23:12:00,11,1.33,Slightly Delayed,Traffic
5008395294,72163,2023-12-22 09:22:00,2023-12-22 09:41:00,19,2.33,Significantly Delayed,Traffic
3722869004,80036,2023-07-20 05:53:00,2023-07-20 05:55:00,2,4.82,On Time,Traffic
8391555591,29388,2023-08-25 07:14:00,2023-08-25 07:30:00,16,4.15,Significantly Delayed,Traffic
8063730776,37119,2024-09-21 20:15:00,2024-09-21 20:13:00,-2,2.05,On Time,
9052752169,27976,2024-01-11 01:56:00,2024-01-11 02:01:00,5,0.58,On Time,Traffic
7471416647,72270,2023-03-29 15:59:00,2023-03-29 16:06:00,7,3.97,Slightly Delayed,Traffic
848332407,41823,2024-04-22 09:11:00,2024-04-22 09:09:00,-2,2.38,On Time,
4062701987,76840,2023-12-18 04:29:00,2023-12-18 04:24:00,-5,4.44,On Time,
8723912832,80138,2024-01-19 10:00:00,2024-01-19 10:03:00,3,4.96,On Time,Traffic
9099298435,21269,2024-02-22 10:36:00,2024-02-22 10:35:00,-1,3.41,On Time,
5645691241,8455,2023-12-10 07:40:00,2023-12-10 07:49:00,9,4.73,Slightly Delayed,Traffic
8258019846,96896,2024-01-24 17:58:00,2024-01-24 18:02:00,4,3.26,On Time,Traffic
2732162016,82903,2023-05-27 10:16:00,2023-05-27 10:19:00,3,4.58,On Time,Traffic
1561902412,71022,2023-06-08 20:02:00,2023-06-08 20:03:00,1,4.92,On Time,Traffic
8979476889,43855,2023-06-06 22:45:00,2023-06-06 22:46:00,1,0.91,On Time,Traffic
8373953053,37461,2024-10-25 22:11:00,2024-10-25 22:26:00,15,3.09,Slightly Delayed,Traffic
7021309133,86023,2024-08-06 13:57:00,2024-08-06 14:05:00,8,1.59,Slightly Delayed,Traffic
3447085029,97687,2023-04-25 04:43:00,2023-04-25 04:46:00,3,1.19,On Time,Traffic
9284767341,38009,2024-03-04 14:39:00,2024-03-04 14:38:00,-1,1.41,On Time,
9770431940,70163,2024-06-06 23:20:00,2024-06-06 23:15:00,-5,3.72,On Time,
9650124390,58008,2024-04-24 15:41:00,2024-04-24 15:37:00,-4,0.56,On Time,
9826894858,52555,2024-06-21 13:12:00,2024-06-21 13:16:00,4,4.28,On Time,Traffic
4466839873,15751,2023-12-09 07:17:00,2023-12-09 07:20:00,3,2.21,On Time,Traffic
4331471900,95419,2024-07-20 09:03:00,2024-07-20 09:13:00,10,3.97,Slightly Delayed,Traffic
5777824005,9630,2023-03-22 23:19:00,2023-03-22 23:14:00,-5,2.8,On Time,
8795242622,20027,2023-03-26 04:33:00,2023-03-26 04:29:00,-4,3.8,On Time,
8561878376,59539,2024-01-29 07:41:00,2024-01-29 07:44:00,3,0.99,On Time,Traffic
2113243643,46402,2023-12-17 11:13:00,2023-12-17 11:13:00,0,2.8,On Time,
8497820340,12255,2023-11-16 18:26:00,2023-11-16 18:28:00,2,1.08,On Time,Traffic
3167184563,86629,2023-09-07 17:28:00,2023-09-07 17:32:00,4,1.15,On Time,Traffic
9997121955,27103,2024-04-21 00:19:00,2024-04-21 00:16:00,-3,2.37,On Time,
2954397481,20739,2024-01-31 11:13:00,2024-01-31 11:15:00,2,2.94,On Time,Traffic
8125884987,31296,2024-05-03 01:10:00,2024-05-03 01:13:00,3,2.74,On Time,Traffic
3765873352,8612,2024-10-16 16:09:00,2024-10-16 16:13:00,4,2.25,On Time,Traffic
7733310993,31410,2023-03-31 09:57:00,2023-03-31 10:09:00,12,4.55,Slightly Delayed,Traffic
738093341,92844,2024-03-17 06:57:00,2024-03-17 07:27:00,30,4.73,Significantly Delayed,Traffic
1837574319,63956,2024-06-19 06:34:00,2024-06-19 06:52:00,18,1.22,Significantly Delayed,Traffic
2468420564,10759,2023-06-30 16:18:00,2023-06-30 16:46:00,28,2.91,Significantly Delayed,Traffic
5368005763,37844,2024-07-30 05:56:00,2024-07-30 05:51:00,-5,4.25,On Time,
3823949592,28356,2023-04-13 23:21:00,2023-04-13 23:16:00,-5,1.48,On Time,
6298008063,6083,2023-07-19 06:15:00,2023-07-19 06:22:00,7,3.69,Slightly Delayed,Traffic
2499190829,38976,2023-10-31 10:56:00,2023-10-31 10:58:00,2,1.74,On Time,Traffic
491116137,46516,2024-01-19 08:24:00,2024-01-19 08:31:00,7,3.48,Slightly Delayed,Traffic
2206269404,3395,2024-05-16 23:41:00,2024-05-16 23:38:00,-3,0.63,On Time,
1330806043,67773,2024-04-03 10:32:00,2024-04-03 10:39:00,7,0.7,Slightly Delayed,Traffic
6770858376,40291,2024-01-11 05:17:00,2024-01-11 05:37:00,20,1.3,Significantly Delayed,Traffic
4466716432,5951,2023-06-09 18:06:00,2023-06-09 18:07:00,1,3.47,On Time,Traffic
8292554686,678,2024-03-27 15:35:00,2024-03-27 15:41:00,6,1.94,Slightly Delayed,Traffic
4204069161,28632,2023-08-16 17:50:00,2023-08-16 17:48:00,-2,1.36,On Time,
2163079658,81489,2023-12-28 16:51:00,2023-12-28 16:53:00,2,1.77,On Time,Traffic
6971561757,23787,2023-12-15 19:19:00,2023-12-15 19:42:00,23,0.61,Significantly Delayed,Traffic
7965253060,3496,2024-02-13 10:22:00,2024-02-13 10:31:00,9,3.58,Slightly Delayed,Traffic
8939040193,46879,2024-09-17 13:16:00,2024-09-17 13:28:00,12,3.57,Slightly Delayed,Traffic
8322028211,20488,2023-11-04 17:14:00,2023-11-04 17:15:00,1,3.61,On Time,Traffic
6865922682,98320,2024-06-16 13:54:00,2024-06-16 13:50:00,-4,1.34,On Time,
5912729079,56995,2024-08-10 01:34:00,2024-08-10 01:49:00,15,1.04,Slightly Delayed,Traffic
8764776130,25706,2023-12-14 13:33:00,2023-12-14 13:36:00,3,4.54,On Time,Traffic
7769965629,89124,2023-04-21 17:02:00,2023-04-21 17:07:00,5,1.18,On Time,Traffic
2166463032,57294,2023-10-30 21:38:00,2023-10-30 21:40:00,2,4.57,On Time,Traffic
7035343259,71409,2024-07-11 08:46:00,2024-07-11 08:45:00,-1,3.24,On Time,
8914775994,30298,2024-02-13 23:47:00,2024-02-13 23:45:00,-2,2.16,On Time,
7565647347,1739,2024-10-24 01:31:00,2024-10-24 01:26:00,-5,0.84,On Time,
6172215120,283,2024-06-03 07:42:00,2024-06-03 07:44:00,2,1.34,On Time,Traffic
4043585691,8666,2024-02-21 22:54:00,2024-02-21 23:00:00,6,3.27,Slightly Delayed,Traffic
3735186180,55800,2024-03-16 15:46:00,2024-03-16 15:48:00,2,4.49,On Time,Traffic
5281459433,56847,2024-10-10 06:58:00,2024-10-10 07:10:00,12,4.07,Slightly Delayed,Traffic
424087401,59842,2024-04-19 10:53:00,2024-04-19 10:50:00,-3,4.06,On Time,
884327245,68768,2023-09-25 00:29:00,2023-09-25 00:35:00,6,3.13,Slightly Delayed,Traffic
6318008970,1399,2024-05-11 19:20:00,2024-05-11 19:23:00,3,3.66,On Time,Traffic
3792751421,8803,2024-08-11 20:27:00,2024-08-11 20:22:00,-5,1.97,On Time,
5471255539,90665,2023-05-31 10:24:00,2023-05-31 10:19:00,-5,4.24,On Time,
9917290378,39311,2024-01-05 13:14:00,2024-01-05 13:34:00,20,1.27,Significantly Delayed,Traffic
208989475,2365,2023-03-16 11:50:00,2023-03-16 11:48:00,-2,0.99,On Time,
7672827556,25541,2023-07-01 02:03:00,2023-07-01 02:02:00,-1,4.5,On Time,
3792912325,82865,2024-06-03 20:07:00,2024-06-03 20:04:00,-3,4.69,On Time,
2478533601,79023,2024-11-01 14:39:00,2024-11-01 14:46:00,7,2.11,Slightly Delayed,Traffic
2255745327,96569,2023-05-01 03:29:00,2023-05-01 03:25:00,-4,0.6,On Time,
8612261848,33962,2024-06-18 20:12:00,2024-06-18 20:08:00,-4,1.18,On Time,
6949810049,68356,2023-09-25 13:36:00,2023-09-25 13:35:00,-1,4.59,On Time,
2399456941,95044,2024-10-16 07:04:00,2024-10-16 07:11:00,7,1.88,Slightly Delayed,Traffic
6292969164,60860,2024-07-09 07:21:00,2024-07-09 07:34:00,13,4.22,Slightly Delayed,Traffic
2929485756,98387,2024-10-13 00:57:00,2024-10-13 01:24:00,27,2.46,Significantly Delayed,Traffic
8757869416,89940,2024-05-03 04:05:00,2024-05-03 04:05:00,0,0.84,On Time,
2653966619,20322,2024-07-12 17:19:00,2024-07-12 17:15:00,-4,3.9,On Time,
336103625,53527,2024-05-16 19:22:00,2024-05-16 19:23:00,1,4.58,On Time,Traffic
3727289407,96404,2024-06-17 12:31:00,2024-06-17 12:28:00,-3,2.24,On Time,
701250513,12426,2024-09-03 19:10:00,2024-09-03 19:11:00,1,4.12,On Time,Traffic
101816977,74586,2024-02-20 06:37:00,2024-02-20 06:41:00,4,1.45,On Time,Traffic
7838223552,32488,2023-12-07 13:46:00,2023-12-07 13:45:00,-1,4.95,On Time,
4123140013,7581,2024-11-03 01:48:00,2024-11-03 01:44:00,-4,2.59,On Time,
9821008306,9712,2023-04-05 15:52:00,2023-04-05 15:48:00,-4,0.74,On Time,
5414882934,39970,2023-12-28 21:19:00,2023-12-28 21:18:00,-1,2.98,On Time,
9257313140,71919,2024-06-16 14:29:00,2024-06-16 14:46:00,17,1.34,Significantly Delayed,Traffic
3857021231,8994,2023-09-28 20:06:00,2023-09-28 20:08:00,2,3.89,On Time,Traffic
1606381345,84799,2023-03-22 12:56:00,2023-03-22 12:51:00,-5,1.32,On Time,
239830094,64707,2023-08-17 09:17:00,2023-08-17 09:15:00,-2,4.5,On Time,
580582858,23439,2023-09-11 17:58:00,2023-09-11 17:57:00,-1,4.39,On Time,
4191340899,84191,2023-05-26 01:44:00,2023-05-26 01:44:00,0,2.05,On Time,
1013630716,36890,2024-05-19 06:39:00,2024-05-19 06:57:00,18,2.58,Significantly Delayed,Traffic
8220017366,69432,2023-05-28 08:46:00,2023-05-28 09:04:00,18,2.59,Significantly Delayed,Traffic
4353485612,67044,2024-08-31 13:25:00,2024-08-31 13:34:00,9,1.22,Slightly Delayed,Traffic
8682172393,60531,2024-10-15 02:37:00,2024-10-15 02:42:00,5,0.99,On Time,Traffic
4085089017,73060,2024-06-11 22:42:00,2024-06-11 22:49:00,7,0.95,Slightly Delayed,Traffic
1287686307,72260,2024-01-18 18:09:00,2024-01-18 18:31:00,22,3.84,Significantly Delayed,Traffic
4425450216,11470,2023-06-11 17:53:00,2023-06-11 17:49:00,-4,2.32,On Time,
7799346570,6267,2023-10-04 00:07:00,2023-10-04 00:02:00,-5,4.86,On Time,
5917975686,95635,2024-06-04 21:25:00,2024-06-04 21:26:00,1,2.29,On Time,Traffic
9588500388,25906,2024-07-05 10:16:00,2024-07-05 10:30:00,14,2.55,Slightly Delayed,Traffic
3963207709,75698,2024-01-04 20:37:00,2024-01-04 21:01:00,24,3.13,Significantly Delayed,Traffic
2217466286,55729,2023-04-08 13:27:00,2023-04-08 13:50:00,23,2.22,Significantly Delayed,Traffic
7130088913,27018,2023-06-29 14:35:00,2023-06-29 14:38:00,3,3.43,On Time,Traffic
9064682961,74646,2024-07-04 13:31:00,2024-07-04 13:30:00,-1,3.91,On Time,
6060156146,43137,2023-05-25 19:10:00,2023-05-25 19:25:00,15,3.34,Slightly Delayed,Traffic
3106610673,39962,2024-06-10 18:08:00,2024-06-10 18:16:00,8,4.04,Slightly Delayed,Traffic
442408751,31883,2023-10-19 17:42:00,2023-10-19 17:43:00,1,3.45,On Time,Traffic
353571238,49421,2024-01-01 16:06:00,2024-01-01 16:10:00,4,1.94,On Time,Traffic
4670530333,73412,2024-05-30 18:09:00,2024-05-30 18:06:00,-3,2.26,On Time,
4961370923,95563,2024-02-04 16:20:00,2024-02-04 16:25:00,5,1.03,On Time,Traffic
8946821991,7047,2024-04-29 12:12:00,2024-04-29 12:12:00,0,2.84,On Time,
5720622852,41385,2023-04-16 15:01:00,2023-04-16 14:59:00,-2,4.29,On Time,
7305353953,79920,2024-01-04 08:13:00,2024-01-04 08:41:00,28,1.58,Significantly Delayed,Traffic
1402723627,29946,2024-05-16 04:55:00,2024-05-16 05:09:00,14,4.23,Slightly Delayed,Traffic
9820620357,19268,2023-12-05 10:27:00,2023-12-05 10:32:00,5,1.35,On Time,Traffic
1930286155,22959,2024-09-02 20:26:00,2024-09-02 20:32:00,6,2.1,Slightly Delayed,Traffic
6759029950,27838,2023-12-03 13:02:00,2023-12-03 13:06:00,4,2.4,On Time,Traffic
9032188284,45176,2023-08-24 19:45:00,2023-08-24 19:56:00,11,2.56,Slightly Delayed,Traffic
9490161602,35300,2023-04-26 12:22:00,2023-04-26 12:17:00,-5,0.81,On Time,
8565257085,74770,2023-09-24 21:04:00,2023-09-24 21:00:00,-4,1.9,On Time,
4884845960,39010,2023-09-05 13:11:00,2023-09-05 13:07:00,-4,3.47,On Time,
6181604084,63800,2023-10-22 04:25:00,2023-10-22 04:22:00,-3,0.69,On Time,
2718508408,47220,2023-08-04 04:07:00,2023-08-04 04:22:00,15,4.85,Slightly Delayed,Traffic
8354866000,19057,2024-02-15 18:41:00,2024-02-15 18:49:00,8,5.0,Slightly Delayed,Traffic
8025728977,66000,2024-08-15 16:10:00,2024-08-15 16:07:00,-3,2.84,On Time,
6531356394,92872,2023-05-09 14:46:00,2023-05-09 14:46:00,0,0.83,On Time,
5489184758,69415,2024-03-15 15:36:00,2024-03-15 15:35:00,-1,3.02,On Time,
1377599881,17690,2024-08-17 10:15:00,2024-08-17 10:12:00,-3,0.53,On Time,
227162938,43553,2024-04-18 07:25:00,2024-04-18 07:23:00,-2,2.54,On Time,
3449083612,65165,2023-11-10 12:49:00,2023-11-10 13:02:00,13,3.64,Slightly Delayed,Traffic
5662514948,58053,2023-05-20 03:08:00,2023-05-20 03:03:00,-5,3.27,On Time,
2034571482,86556,2024-02-20 20:28:00,2024-02-20 20:43:00,15,2.48,Slightly Delayed,Traffic
348782569,88218,2023-09-23 08:45:00,2023-09-23 08:56:00,11,2.5,Slightly Delayed,Traffic
8697396531,59371,2023-10-23 18:54:00,2023-10-23 18:52:00,-2,1.71,On Time,
3538455450,63154,2024-09-05 21:29:00,2024-09-05 21:28:00,-1,2.89,On Time,
7513290139,96784,2023-05-21 18:52:00,2023-05-21 18:51:00,-1,3.71,On Time,
8320461939,63519,2024-04-17 04:38:00,2024-04-17 04:34:00,-4,4.38,On Time,
8217899522,15587,2024-10-08 11:51:00,2024-10-08 11:51:00,0,4.1,On Time,
4217056877,94995,2024-03-26 19:54:00,2024-03-26 20:02:00,8,3.74,Slightly Delayed,Traffic
3684167813,82021,2024-09-13 08:33:00,2024-09-13 08:31:00,-2,0.85,On Time,
5351904164,98439,2024-08-06 16:26:00,2024-08-06 16:31:00,5,1.17,On Time,Traffic
2731829604,85333,2024-02-12 20:28:00,2024-02-12 20:25:00,-3,0.89,On Time,
7162485958,64568,2023-12-06 18:42:00,2023-12-06 18:42:00,0,2.87,On Time,
4830502113,8022,2024-01-26 15:02:00,2024-01-26 15:01:00,-1,2.76,On Time,
9797013595,35734,2024-05-16 00:14:00,2024-05-16 00:23:00,9,3.93,Slightly Delayed,Traffic
9487843345,82632,2024-06-11 06:35:00,2024-06-11 06:39:00,4,2.95,On Time,Traffic
2148242015,13676,2023-05-01 00:04:00,2023-05-01 00:33:00,29,4.21,Significantly Delayed,Traffic
7465258008,63335,2023-10-25 21:34:00,2023-10-25 21:48:00,14,2.88,Slightly Delayed,Traffic
8875274470,54978,2024-04-20 16:38:00,2024-04-20 17:03:00,25,1.03,Significantly Delayed,Traffic
7049717910,10931,2024-05-11 05:58:00,2024-05-11 05:56:00,-2,0.83,On Time,
4829897426,93475,2023-06-05 01:10:00,2023-06-05 01:07:00,-3,3.29,On Time,
3532186218,34900,2023-08-08 14:15:00,2023-08-08 14:16:00,1,4.85,On Time,Traffic
6897674900,5998,2024-05-13 13:08:00,2024-05-13 13:05:00,-3,2.32,On Time,
163895717,45284,2023-11-02 05:01:00,2023-11-02 04:58:00,-3,2.3,On Time,
9857592403,36569,2023-10-24 11:51:00,2023-10-24 11:55:00,4,4.17,On Time,Traffic
2521197661,49637,2024-02-20 00:48:00,2024-02-20 01:05:00,17,0.86,Significantly Delayed,Traffic
488314125,60702,2023-04-05 18:28:00,2023-04-05 18:41:00,13,3.13,Slightly Delayed,Traffic
5073549838,20915,2024-04-28 08:15:00,2024-04-28 08:19:00,4,1.01,On Time,Traffic
6399568661,45002,2023-12-17 21:19:00,2023-12-17 21:18:00,-1,3.42,On Time,
3672658084,66143,2024-05-10 14:07:00,2024-05-10 14:07:00,0,3.4,On Time,
8273236145,8874,2024-09-02 16:06:00,2024-09-02 16:08:00,2,3.75,On Time,Traffic
3411233779,33913,2024-04-13 23:22:00,2024-04-13 23:18:00,-4,1.67,On Time,
8024667539,26395,2024-07-22 06:12:00,2024-07-22 06:24:00,12,1.85,Slightly Delayed,Traffic
6112199794,75415,2024-09-21 21:00:00,2024-09-21 21:06:00,6,4.43,Slightly Delayed,Traffic
9484473160,38707,2023-04-25 21:44:00,2023-04-25 21:53:00,9,2.47,Slightly Delayed,Traffic
9729709418,43891,2023-03-30 05:38:00,2023-03-30 05:33:00,-5,4.73,On Time,
7900224799,45482,2024-07-03 05:12:00,2024-07-03 05:25:00,13,1.48,Slightly Delayed,Traffic
1821414490,55493,2024-10-21 07:45:00,2024-10-21 07:44:00,-1,0.92,On Time,
5813507399,13303,2024-04-15 09:21:00,2024-04-15 09:16:00,-5,2.37,On Time,
3928003125,40065,2023-12-07 13:43:00,2023-12-07 13:58:00,15,1.46,Slightly Delayed,Traffic
5271866987,15044,2024-08-27 01:45:00,2024-08-27 01:43:00,-2,2.84,On Time,
9794537731,23014,2023-05-27 13:10:00,2023-05-27 13:13:00,3,3.02,On Time,Traffic
4852718488,71839,2024-04-29 20:57:00,2024-04-29 20:56:00,-1,3.31,On Time,
8300546273,80645,2023-09-05 10:27:00,2023-09-05 10:29:00,2,1.58,On Time,Traffic
976104194,65001,2024-05-07 22:16:00,2024-05-07 22:46:00,30,0.78,Significantly Delayed,Traffic
5373961125,72609,2024-11-01 04:01:00,2024-11-01 04:06:00,5,2.88,On Time,Traffic
6056126973,84012,2024-07-02 22:45:00,2024-07-02 22:45:00,0,3.31,On Time,
6352881332,21808,2024-01-22 23:20:00,2024-01-22 23:24:00,4,3.03,On Time,Traffic
1643234106,63857,2024-09-12 04:06:00,2024-09-12 04:21:00,15,4.22,Slightly Delayed,Traffic
8697966993,45795,2024-03-02 06:00:00,2024-03-02 06:22:00,22,2.95,Significantly Delayed,Traffic
2276061263,25181,2024-10-06 17:12:00,2024-10-06 17:12:00,0,1.18,On Time,
4045613782,29650,2023-08-09 08:36:00,2023-08-09 08:41:00,5,2.23,On Time,Traffic
2959828441,80243,2024-03-15 18:13:00,2024-03-15 18:17:00,4,1.62,On Time,Traffic
3514589876,24168,2023-10-17 21:20:00,2023-10-17 21:20:00,0,4.1,On Time,
9444081952,88637,2023-11-27 01:16:00,2023-11-27 01:19:00,3,1.4,On Time,Traffic
8183959589,80408,2023-12-16 14:41:00,2023-12-16 14:45:00,4,1.58,On Time,Traffic
1712832927,60377,2024-03-16 02:36:00,2024-03-16 02:50:00,14,0.78,Slightly Delayed,Traffic
8162867215,53830,2024-08-24 15:45:00,2024-08-24 15:50:00,5,2.71,On Time,Traffic
4160230443,41222,2024-04-15 04:13:00,2024-04-15 04:18:00,5,2.46,On Time,Traffic
9787535949,20817,2023-04-02 14:17:00,2023-04-02 14:27:00,10,1.96,Slightly Delayed,Traffic
3423995261,50959,2023-05-06 21:50:00,2023-05-06 21:54:00,4,3.39,On Time,Traffic
1523343168,41110,2024-07-21 19:08:00,2024-07-21 19:12:00,4,4.56,On Time,Traffic
1948066291,33207,2024-10-02 22:12:00,2024-10-02 22:15:00,3,3.15,On Time,Traffic
2021361582,88680,2024-05-20 13:48:00,2024-05-20 14:04:00,16,0.61,Significantly Delayed,Traffic
7491420331,81340,2024-05-22 03:30:00,2024-05-22 03:38:00,8,3.25,Slightly Delayed,Traffic
994840771,22900,2023-10-15 23:11:00,2023-10-15 23:25:00,14,3.72,Slightly Delayed,Traffic
6277344634,98138,2024-07-23 19:33:00,2024-07-23 19:55:00,22,2.48,Significantly Delayed,Traffic
4092653338,30910,2024-04-24 14:26:00,2024-04-24 14:21:00,-5,4.63,On Time,
7213712604,25295,2023-11-17 07:16:00,2023-11-17 07:12:00,-4,2.8,On Time,
7326709115,46549,2023-11-26 00:54:00,2023-11-26 01:01:00,7,3.53,Slightly Delayed,Traffic
9419789569,54029,2024-07-17 10:53:00,2024-07-17 10:53:00,0,2.48,On Time,
5388191488,38734,2024-03-31 04:07:00,2024-03-31 04:19:00,12,0.6,Slightly Delayed,Traffic
9065873433,61365,2023-10-23 19:27:00,2023-10-23 19:37:00,10,2.06,Slightly Delayed,Traffic
4627342297,47725,2023-08-28 11:01:00,2023-08-28 11:06:00,5,2.44,On Time,Traffic
4286971111,7124,2024-05-27 03:36:00,2024-05-27 03:31:00,-5,1.8,On Time,
645282074,19843,2023-05-25 23:55:00,2023-05-25 23:54:00,-1,0.88,On Time,
7260939789,13059,2023-10-28 13:55:00,2023-10-28 14:00:00,5,1.1,On Time,Traffic
1716322448,66774,2023-09-06 16:23:00,2023-09-06 16:26:00,3,4.92,On Time,Traffic
4293959647,72576,2023-10-03 21:34:00,2023-10-03 21:33:00,-1,2.09,On Time,
3331935300,14328,2023-06-15 21:54:00,2023-06-15 21:56:00,2,1.12,On Time,Traffic
1775389576,59128,2024-03-10 06:53:00,2024-03-10 06:52:00,-1,0.67,On Time,
8194774262,19069,2024-10-06 06:52:00,2024-10-06 07:02:00,10,3.25,Slightly Delayed,Traffic
3615279775,33091,2023-11-01 18:41:00,2023-11-01 18:40:00,-1,2.4,On Time,
11467999,1908,2023-04-23 18:57:00,2023-04-23 19:11:00,14,0.68,Slightly Delayed,Traffic
3971267196,59116,2024-01-14 02:54:00,2024-01-14 02:58:00,4,2.74,On Time,Traffic
1584863963,70947,2024-07-21 18:31:00,2024-07-21 18:48:00,17,3.64,Significantly Delayed,Traffic
1557893814,60172,2024-04-02 13:01:00,2024-04-02 13:05:00,4,1.85,On Time,Traffic
8172695964,52140,2024-07-07 09:36:00,2024-07-07 09:38:00,2,2.43,On Time,Traffic
7462800868,39973,2023-10-19 17:44:00,2023-10-19 18:12:00,28,1.77,Significantly Delayed,Traffic
5438961669,67068,2024-09-10 05:38:00,2024-09-10 05:55:00,17,2.1,Significantly Delayed,Traffic
4904849001,8244,2023-11-30 06:00:00,2023-11-30 06:05:00,5,4.42,On Time,Traffic
4816980820,28954,2023-03-27 20:41:00,2023-03-27 20:59:00,18,2.31,Significantly Delayed,Traffic
9004078716,60691,2023-08-21 08:57:00,2023-08-21 08:57:00,0,4.57,On Time,
8350353728,73339,2024-01-25 08:18:00,2024-01-25 08:23:00,5,1.62,On Time,Traffic
1204084245,55802,2023-09-26 01:48:00,2023-09-26 02:04:00,16,4.5,Significantly Delayed,Traffic
4142209897,6857,2023-09-07 20:15:00,2023-09-07 20:15:00,0,3.27,On Time,
125551624,16319,2024-08-12 21:44:00,2024-08-12 21:44:00,0,1.09,On Time,
9970545044,81093,2023-08-08 22:38:00,2023-08-08 22:43:00,5,1.76,On Time,Traffic
7976032064,39126,2024-05-03 16:16:00,2024-05-03 16:18:00,2,4.57,On Time,Traffic
8691567542,87207,2024-06-27 09:05:00,2024-06-27 09:10:00,5,1.06,On Time,Traffic
3592747590,92032,2024-04-24 12:29:00,2024-04-24 12:58:00,29,3.76,Significantly Delayed,Traffic
7495753437,20625,2023-06-02 00:45:00,2023-06-02 00:45:00,0,1.06,On Time,
3965847120,60885,2023-05-05 15:09:00,2023-05-05 15:11:00,2,4.21,On Time,Traffic
9365984533,40460,2024-06-25 20:02:00,2024-06-25 19:59:00,-3,4.34,On Time,
2948242102,55456,2023-10-12 15:14:00,2023-10-12 15:12:00,-2,4.57,On Time,
6161193691,22997,2023-05-30 13:55:00,2023-05-30 13:50:00,-5,2.46,On Time,
5964122835,98433,2024-03-29 18:29:00,2024-03-29 18:26:00,-3,4.54,On Time,
8879377902,61662,2024-03-09 06:26:00,2024-03-09 06:21:00,-5,3.82,On Time,
8158068874,93613,2024-07-25 20:41:00,2024-07-25 20:55:00,14,4.01,Slightly Delayed,Traffic
7039570964,40041,2024-04-13 03:30:00,2024-04-13 03:42:00,12,0.52,Slightly Delayed,Traffic
5482913265,84976,2024-08-08 15:30:00,2024-08-08 15:41:00,11,0.61,Slightly Delayed,Traffic
1018255782,35907,2024-09-08 06:25:00,2024-09-08 06:45:00,20,2.48,Significantly Delayed,Traffic
8441505853,58002,2023-11-10 08:31:00,2023-11-10 08:33:00,2,3.69,On Time,Traffic
3850018395,42851,2023-06-09 20:45:00,2023-06-09 21:00:00,15,1.25,Slightly Delayed,Traffic
4884197611,4714,2023-04-19 19:23:00,2023-04-19 19:48:00,25,4.29,Significantly Delayed,Traffic
5321849748,43163,2024-03-01 00:33:00,2024-03-01 00:28:00,-5,2.69,On Time,
9808738347,81334,2024-03-28 23:53:00,2024-03-28 23:50:00,-3,2.79,On Time,
8727249149,16796,2023-06-27 00:38:00,2023-06-27 00:35:00,-3,2.27,On Time,
2772154780,74237,2024-07-18 14:52:00,2024-07-18 14:51:00,-1,0.69,On Time,
9128056381,95005,2024-06-10 07:32:00,2024-06-10 07:32:00,0,0.84,On Time,
4461463308,43141,2023-06-16 08:11:00,2023-06-16 08:11:00,0,1.16,On Time,
5636483988,73517,2024-01-29 17:52:00,2024-01-29 17:51:00,-1,4.35,On Time,
1532065529,1354,2023-12-07 06:43:00,2023-12-07 06:45:00,2,1.94,On Time,Traffic
9933994647,46871,2024-02-27 06:50:00,2024-02-27 06:51:00,1,2.0,On Time,Traffic
4823026749,97537,2024-08-08 16:02:00,2024-08-08 15:58:00,-4,3.57,On Time,
7453442245,69200,2024-09-08 06:47:00,2024-09-08 06:50:00,3,2.49,On Time,Traffic
6519941559,88898,2024-05-10 19:57:00,2024-05-10 19:57:00,0,2.37,On Time,
3798769654,96996,2024-09-28 12:42:00,2024-09-28 12:38:00,-4,3.45,On Time,
5034289521,98165,2024-05-15 13:19:00,2024-05-15 13:17:00,-2,2.26,On Time,
6971088688,33387,2023-07-18 11:05:00,2023-07-18 11:14:00,9,3.13,Slightly Delayed,Traffic
5650184107,60066,2023-06-21 08:32:00,2023-06-21 08:32:00,0,1.16,On Time,
5770410311,96121,2023-12-31 10:33:00,2023-12-31 10:31:00,-2,0.96,On Time,
274530126,35596,2023-04-08 22:12:00,2023-04-08 22:34:00,22,4.22,Significantly Delayed,Traffic
4819831152,97045,2024-09-22 19:55:00,2024-09-22 19:59:00,4,2.73,On Time,Traffic
6977688323,77691,2023-06-07 22:22:00,2023-06-07 22:27:00,5,2.86,On Time,Traffic
2035952734,1616,2023-04-17 19:38:00,2023-04-17 19:37:00,-1,0.84,On Time,
3665334102,6292,2024-11-04 01:28:00,2024-11-04 01:34:00,6,1.11,Slightly Delayed,Traffic
1862413314,3855,2024-05-31 16:26:00,2024-05-31 16:29:00,3,3.96,On Time,Traffic
4466643926,37936,2024-04-08 20:48:00,2024-04-08 20:49:00,1,4.72,On Time,Traffic
4470717835,80246,2023-07-08 00:36:00,2023-07-08 00:39:00,3,1.91,On Time,Traffic
3018086191,86332,2024-02-07 16:11:00,2024-02-07 16:13:00,2,2.04,On Time,Traffic
2447983559,68149,2024-10-03 20:58:00,2024-10-03 21:25:00,27,1.82,Significantly Delayed,Traffic
5116322704,24469,2024-06-20 04:38:00,2024-06-20 04:42:00,4,2.51,On Time,Traffic
8941550852,18037,2024-04-20 22:19:00,2024-04-20 22:22:00,3,4.18,On Time,Traffic
8026773850,22178,2023-10-23 19:34:00,2023-10-23 19:37:00,3,3.97,On Time,Traffic
2102402075,81176,2024-07-14 05:46:00,2024-07-14 05:41:00,-5,5.0,On Time,
989844439,77083,2023-07-23 12:08:00,2023-07-23 12:06:00,-2,2.39,On Time,
8426805628,88737,2023-04-17 22:54:00,2023-04-17 22:52:00,-2,1.87,On Time,
7662188403,80894,2023-05-09 07:47:00,2023-05-09 07:55:00,8,3.91,Slightly Delayed,Traffic
9141654140,38063,2023-07-14 14:11:00,2023-07-14 14:12:00,1,1.33,On Time,Traffic
5696947751,58100,2023-11-06 03:48:00,2023-11-06 03:49:00,1,3.95,On Time,Traffic
8953871540,62193,2023-11-14 16:31:00,2023-11-14 16:36:00,5,1.91,On Time,Traffic
1767778760,57806,2023-04-14 03:41:00,2023-04-14 03:41:00,0,2.32,On Time,
5516201271,32490,2024-07-10 14:41:00,2024-07-10 14:39:00,-2,1.52,On Time,
9358248664,52315,2023-12-20 00:18:00,2023-12-20 00:15:00,-3,0.77,On Time,
1530424665,53811,2023-04-21 23:49:00,2023-04-21 23:51:00,2,3.67,On Time,Traffic
7816293360,81753,2023-07-27 18:14:00,2023-07-27 18:16:00,2,3.35,On Time,Traffic
1602396548,64637,2024-09-09 23:59:00,2024-09-10 00:01:00,2,1.2,On Time,Traffic
7938126128,50175,2023-06-16 08:42:00,2023-06-16 08:41:00,-1,2.11,On Time,
271744331,30354,2023-08-21 04:12:00,2023-08-21 04:10:00,-2,3.23,On Time,
387311360,7081,2023-08-07 03:11:00,2023-08-07 03:10:00,-1,4.42,On Time,
1286123100,19279,2023-12-31 00:10:00,2023-12-31 00:13:00,3,4.03,On Time,Traffic
4832392771,33654,2023-11-02 14:55:00,2023-11-02 14:58:00,3,1.61,On Time,Traffic
4800106448,38774,2023-12-10 05:31:00,2023-12-10 05:27:00,-4,3.27,On Time,
5500008514,48166,2024-05-03 18:25:00,2024-05-03 18:24:00,-1,3.12,On Time,
7879575037,85162,2024-01-07 12:32:00,2024-01-07 12:37:00,5,2.29,On Time,Traffic
50845914,95031,2023-04-09 04:37:00,2023-04-09 04:34:00,-3,3.41,On Time,
9766990467,18483,2023-06-30 08:33:00,2023-06-30 08:41:00,8,1.69,Slightly Delayed,Traffic
4215602937,38381,2023-10-04 05:44:00,2023-10-04 05:45:00,1,3.25,On Time,Traffic
238484255,87590,2024-04-11 04:18:00,2024-04-11 04:20:00,2,0.92,On Time,Traffic
3293988248,19751,2024-09-29 07:57:00,2024-09-29 08:26:00,29,2.58,Significantly Delayed,Traffic
5296157775,68713,2024-07-27 10:34:00,2024-07-27 10:37:00,3,1.35,On Time,Traffic
1143489067,68548,2023-09-14 17:21:00,2023-09-14 17:18:00,-3,4.28,On Time,
8524452029,65655,2023-11-07 01:15:00,2023-11-07 01:22:00,7,0.54,Slightly Delayed,Traffic
4256779885,71100,2023-06-01 17:39:00,2023-06-01 17:37:00,-2,2.71,On Time,
7744686996,4886,2023-09-27 21:55:00,2023-09-27 22:17:00,22,1.95,Significantly Delayed,Traffic
5427462399,87698,2024-06-21 14:15:00,2024-06-21 14:19:00,4,3.89,On Time,Traffic
8596751747,95854,2024-03-09 06:44:00,2024-03-09 06:43:00,-1,4.11,On Time,
4746468643,5235,2023-08-17 19:51:00,2023-08-17 19:52:00,1,4.62,On Time,Traffic
3010047327,65599,2023-12-15 20:24:00,2023-12-15 20:29:00,5,2.44,On Time,Traffic
1236959246,76379,2024-10-06 20:37:00,2024-10-06 20:41:00,4,1.59,On Time,Traffic
6600422315,46137,2023-09-19 00:38:00,2023-09-19 00:41:00,3,0.94,On Time,Traffic
3227252410,66386,2024-02-16 08:11:00,2024-02-16 08:09:00,-2,0.92,On Time,
6972292408,46413,2023-11-16 05:55:00,2023-11-16 06:12:00,17,2.13,Significantly Delayed,Traffic
7562754470,46136,2024-02-15 23:47:00,2024-02-15 23:48:00,1,1.58,On Time,Traffic
7361971676,18979,2023-08-23 01:02:00,2023-08-23 01:06:00,4,4.06,On Time,Traffic
8875605037,16915,2023-09-27 10:16:00,2023-09-27 10:20:00,4,1.78,On Time,Traffic
8508253527,11048,2024-09-05 21:11:00,2024-09-05 21:23:00,12,2.64,Slightly Delayed,Traffic
6798775600,81032,2023-10-09 22:54:00,2023-10-09 23:08:00,14,3.02,Slightly Delayed,Traffic
3624810422,83193,2024-08-10 01:25:00,2024-08-10 01:29:00,4,1.05,On Time,Traffic
4740213452,85085,2024-02-22 12:49:00,2024-02-22 13:01:00,12,2.62,Slightly Delayed,Traffic
3825468344,35824,2023-04-09 08:19:00,2023-04-09 08:21:00,2,4.66,On Time,Traffic
902245665,25868,2024-08-08 08:28:00,2024-08-08 08:26:00,-2,1.57,On Time,
6874299189,38460,2023-08-14 11:45:00,2023-08-14 11:48:00,3,4.85,On Time,Traffic
1127125313,81996,2023-12-15 19:36:00,2023-12-15 19:45:00,9,3.32,Slightly Delayed,Traffic
3606548818,90473,2023-05-12 05:08:00,2023-05-12 05:10:00,2,4.0,On Time,Traffic
5750044154,71543,2024-09-16 22:50:00,2024-09-16 23:01:00,11,2.04,Slightly Delayed,Traffic
3872847781,45099,2023-09-16 20:55:00,2023-09-16 20:53:00,-2,3.03,On Time,
5939554684,71726,2023-06-11 16:47:00,2023-06-11 16:51:00,4,1.97,On Time,Traffic
676412814,88453,2024-07-26 03:45:00,2024-07-26 03:45:00,0,3.44,On Time,
4248390724,49698,2023-08-22 20:35:00,2023-08-22 20:44:00,9,2.98,Slightly Delayed,Traffic
8938687150,99357,2023-04-25 06:35:00,2023-04-25 06:30:00,-5,2.03,On Time,
7898867047,51564,2023-05-03 15:31:00,2023-05-03 15:38:00,7,3.91,Slightly Delayed,Traffic
2142065357,1749,2024-01-27 08:04:00,2024-01-27 08:04:00,0,2.63,On Time,
9024719693,96400,2024-06-06 19:40:00,2024-06-06 19:41:00,1,2.56,On Time,Traffic
8976616698,46211,2023-08-23 03:36:00,2023-08-23 03:38:00,2,2.97,On Time,Traffic
8792586840,44722,2023-06-14 15:26:00,2023-06-14 15:29:00,3,4.87,On Time,Traffic
5375387413,53977,2023-04-04 23:42:00,2023-04-04 23:44:00,2,1.63,On Time,Traffic
4252164097,11104,2023-09-28 07:16:00,2023-09-28 07:24:00,8,4.88,Slightly Delayed,Traffic
8423273411,81864,2023-05-23 23:24:00,2023-05-23 23:24:00,0,1.77,On Time,
2551179741,50120,2024-04-10 02:29:00,2024-04-10 02:43:00,14,2.62,Slightly Delayed,Traffic
227511348,90637,2024-08-01 16:01:00,2024-08-01 16:02:00,1,0.84,On Time,Traffic
4434464045,84509,2023-09-22 00:21:00,2023-09-22 00:21:00,0,1.19,On Time,
7041011843,79645,2024-02-06 01:03:00,2024-02-06 01:03:00,0,3.37,On Time,
6510283268,59772,2024-06-12 01:57:00,2024-06-12 01:55:00,-2,4.4,On Time,
6853654698,57378,2023-08-06 11:36:00,2023-08-06 11:41:00,5,1.16,On Time,Traffic
9338996795,85003,2024-01-09 18:40:00,2024-01-09 18:38:00,-2,4.45,On Time,
7346145952,32434,2024-03-12 19:37:00,2024-03-12 19:33:00,-4,0.76,On Time,
6497069610,80825,2024-04-10 17:32:00,2024-04-10 17:34:00,2,1.13,On Time,Traffic
1741402363,29182,2024-06-12 11:29:00,2024-06-12 11:31:00,2,1.4,On Time,Traffic
4825878367,96209,2024-10-07 14:23:00,2024-10-07 14:23:00,0,4.4,On Time,
7019011442,15863,2023-06-30 19:54:00,2023-06-30 19:50:00,-4,2.49,On Time,
1674463798,17663,2024-09-21 13:43:00,2024-09-21 13:49:00,6,0.99,Slightly Delayed,Traffic
305684588,70029,2024-08-25 19:56:00,2024-08-25 20:12:00,16,4.53,Significantly Delayed,Traffic
5967495442,7004,2024-07-18 15:36:00,2024-07-18 15:47:00,11,1.54,Slightly Delayed,Traffic
2571047526,45704,2023-06-19 00:30:00,2023-06-19 00:25:00,-5,2.29,On Time,
7784811086,83254,2024-09-07 06:26:00,2024-09-07 06:50:00,24,1.07,Significantly Delayed,Traffic
7942005230,44185,2023-03-25 08:31:00,2023-03-25 08:41:00,10,2.99,Slightly Delayed,Traffic
6653543195,68173,2023-09-15 15:09:00,2023-09-15 15:20:00,11,2.42,Slightly Delayed,Traffic
397928918,80520,2024-09-14 04:13:00,2024-09-14 04:28:00,15,4.32,Slightly Delayed,Traffic
776120140,28491,2023-11-12 04:03:00,2023-11-12 04:19:00,16,2.58,Significantly Delayed,Traffic
8293188779,71056,2024-10-16 10:08:00,2024-10-16 10:06:00,-2,2.18,On Time,
178737268,66743,2023-06-18 20:05:00,2023-06-18 20:04:00,-1,3.03,On Time,
5246598523,67554,2023-11-22 17:04:00,2023-11-22 17:30:00,26,2.03,Significantly Delayed,Traffic
1172544737,27338,2023-11-24 07:46:00,2023-11-24 07:56:00,10,4.9,Slightly Delayed,Traffic
6419533291,32799,2023-07-28 05:15:00,2023-07-28 05:17:00,2,1.37,On Time,Traffic
882083749,42317,2023-06-18 13:09:00,2023-06-18 13:13:00,4,3.82,On Time,Traffic
3185510401,60744,2024-10-14 00:36:00,2024-10-14 00:40:00,4,2.04,On Time,Traffic
7760767006,88497,2023-08-19 12:19:00,2023-08-19 12:14:00,-5,2.21,On Time,
3833878150,27906,2024-06-23 19:07:00,2024-06-23 19:33:00,26,3.31,Significantly Delayed,Traffic
369899578,85235,2023-08-19 14:31:00,2023-08-19 14:32:00,1,2.12,On Time,Traffic
1944466212,77615,2024-09-09 14:21:00,2024-09-09 14:20:00,-1,4.02,On Time,
4064447117,36940,2024-02-25 22:34:00,2024-02-25 22:53:00,19,4.11,Significantly Delayed,Traffic
1553685597,246,2024-10-28 00:43:00,2024-10-28 01:13:00,30,2.21,Significantly Delayed,Traffic
3682284811,10177,2024-07-18 21:13:00,2024-07-18 21:10:00,-3,1.6,On Time,
291439357,8626,2023-04-11 02:30:00,2023-04-11 02:33:00,3,4.33,On Time,Traffic
8285784194,72635,2024-09-30 15:57:00,2024-09-30 15:59:00,2,1.17,On Time,Traffic
5058742647,25730,2024-09-17 23:51:00,2024-09-17 23:55:00,4,0.93,On Time,Traffic
6917020296,41276,2024-07-10 22:00:00,2024-07-10 22:03:00,3,4.71,On Time,Traffic
6671181961,46269,2023-10-13 05:49:00,2023-10-13 05:51:00,2,4.07,On Time,Traffic
5123439997,55720,2024-02-15 19:13:00,2024-02-15 19:15:00,2,0.93,On Time,Traffic
8510183245,94891,2024-10-01 21:07:00,2024-10-01 21:02:00,-5,4.02,On Time,
6081384585,96881,2024-03-04 04:19:00,2024-03-04 04:20:00,1,0.74,On Time,Traffic
4423613746,1185,2023-08-27 18:11:00,2023-08-27 18:20:00,9,1.54,Slightly Delayed,Traffic
1530472691,7489,2024-08-09 14:35:00,2024-08-09 14:46:00,11,3.45,Slightly Delayed,Traffic
7009303199,72585,2024-02-25 10:51:00,2024-02-25 10:59:00,8,0.72,Slightly Delayed,Traffic
5386652055,4038,2024-04-16 15:40:00,2024-04-16 15:47:00,7,3.92,Slightly Delayed,Traffic
4413239746,21923,2023-04-10 07:41:00,2023-04-10 07:54:00,13,4.76,Slightly Delayed,Traffic
4988875078,3617,2023-07-23 16:02:00,2023-07-23 16:16:00,14,2.9,Slightly Delayed,Traffic
1617565217,5577,2024-06-01 13:03:00,2024-06-01 13:02:00,-1,1.3,On Time,
392038758,62825,2024-07-23 18:50:00,2024-07-23 18:58:00,8,1.35,Slightly Delayed,Traffic
1828727552,92001,2024-03-26 14:51:00,2024-03-26 14:54:00,3,2.35,On Time,Traffic
7119397338,39725,2024-10-28 23:10:00,2024-10-28 23:13:00,3,0.5,On Time,Traffic
2611271708,54792,2024-04-26 05:44:00,2024-04-26 05:47:00,3,1.02,On Time,Traffic
7162509481,20373,2024-10-17 01:11:00,2024-10-17 01:06:00,-5,2.82,On Time,
131913576,27197,2023-10-17 03:10:00,2023-10-17 03:12:00,2,0.76,On Time,Traffic
6627201490,31046,2023-12-10 15:06:00,2023-12-10 15:17:00,11,3.58,Slightly Delayed,Traffic
4644950813,2614,2023-08-21 09:22:00,2023-08-21 09:27:00,5,1.44,On Time,Traffic
9434934993,95990,2024-08-09 07:26:00,2024-08-09 07:39:00,13,3.81,Slightly Delayed,Traffic
2556317798,76160,2023-09-14 04:05:00,2023-09-14 04:03:00,-2,4.01,On Time,
2826150539,19554,2023-11-05 10:42:00,2023-11-05 10:47:00,5,3.16,On Time,Traffic
4283803308,29754,2023-12-08 04:28:00,2023-12-08 04:32:00,4,2.2,On Time,Traffic
6873424093,61533,2024-02-10 23:28:00,2024-02-10 23:29:00,1,2.72,On Time,Traffic
4741294126,84476,2024-09-05 08:37:00,2024-09-05 08:38:00,1,1.18,On Time,Traffic
4967241271,73253,2023-05-03 22:55:00,2023-05-03 22:56:00,1,4.29,On Time,Traffic
9554079946,90188,2023-12-23 10:10:00,2023-12-23 10:10:00,0,1.05,On Time,
4601205399,36629,2023-07-14 20:34:00,2023-07-14 20:39:00,5,1.75,On Time,Traffic
5633967304,93942,2024-01-30 19:33:00,2024-01-30 19:48:00,15,3.63,Slightly Delayed,Traffic
4168163237,32090,2023-07-06 00:44:00,2023-07-06 00:56:00,12,2.18,Slightly Delayed,Traffic
5924297360,50579,2024-09-09 22:12:00,2024-09-09 22:27:00,15,3.57,Slightly Delayed,Traffic
2120299901,35726,2024-06-12 09:45:00,2024-06-12 09:41:00,-4,2.67,On Time,
1070876534,14388,2024-02-21 19:12:00,2024-02-21 19:08:00,-4,0.64,On Time,
7032280048,41473,2023-09-15 22:32:00,2023-09-15 22:35:00,3,0.5,On Time,Traffic
156346853,16610,2023-03-30 09:13:00,2023-03-30 09:28:00,15,1.43,Slightly Delayed,Traffic
6873267326,63685,2024-02-10 08:03:00,2024-02-10 08:11:00,8,3.17,Slightly Delayed,Traffic
1370661468,83004,2023-09-27 02:20:00,2023-09-27 02:24:00,4,3.11,On Time,Traffic
3612128358,63526,2024-04-24 23:29:00,2024-04-24 23:28:00,-1,2.81,On Time,
1736953222,46700,2024-02-18 14:11:00,2024-02-18 14:21:00,10,4.92,Slightly Delayed,Traffic
9107923488,22157,2023-11-20 05:07:00,2023-11-20 05:11:00,4,4.98,On Time,Traffic
4378877600,31527,2023-11-27 11:29:00,2023-11-27 11:43:00,14,0.94,Slightly Delayed,Traffic
3232762361,89153,2023-07-24 15:47:00,2023-07-24 15:45:00,-2,3.74,On Time,
1831641377,48691,2024-03-19 04:29:00,2024-03-19 04:39:00,10,4.35,Slightly Delayed,Traffic
562428866,47688,2023-04-17 19:46:00,2023-04-17 20:00:00,14,3.8,Slightly Delayed,Traffic
4607715908,22498,2024-08-24 23:03:00,2024-08-24 23:10:00,7,2.31,Slightly Delayed,Traffic
4804575203,32008,2023-05-23 21:56:00,2023-05-23 22:19:00,23,2.47,Significantly Delayed,Traffic
8287234948,4824,2024-10-07 08:01:00,2024-10-07 08:04:00,3,1.92,On Time,Traffic
6074452586,11946,2023-09-01 08:46:00,2023-09-01 08:50:00,4,2.12,On Time,Traffic
6821790656,64612,2024-08-03 13:22:00,2024-08-03 13:23:00,1,3.92,On Time,Traffic
7821942520,11136,2024-02-13 00:12:00,2024-02-13 00:13:00,1,2.62,On Time,Traffic
3012496270,96443,2023-04-06 04:04:00,2023-04-06 04:04:00,0,4.62,On Time,
8980370750,29273,2023-09-15 15:04:00,2023-09-15 15:05:00,1,2.34,On Time,Traffic
6535672015,91217,2023-05-05 08:55:00,2023-05-05 09:00:00,5,3.94,On Time,Traffic
6999060704,29169,2023-04-28 16:11:00,2023-04-28 16:18:00,7,4.34,Slightly Delayed,Traffic
9403732731,97526,2024-05-26 16:03:00,2024-05-26 16:07:00,4,4.7,On Time,Traffic
5649255352,42987,2024-10-30 23:50:00,2024-10-30 23:52:00,2,1.79,On Time,Traffic
5034409841,71481,2023-08-15 03:32:00,2023-08-15 03:50:00,18,1.76,Significantly Delayed,Traffic
9072111617,7933,2024-09-15 22:30:00,2024-09-15 22:27:00,-3,0.69,On Time,
9556880451,26471,2023-10-08 11:39:00,2023-10-08 11:34:00,-5,0.88,On Time,
4602796463,15486,2024-09-12 05:39:00,2024-09-12 05:44:00,5,4.75,On Time,Traffic
6061353924,5451,2024-03-03 22:26:00,2024-03-03 22:23:00,-3,2.47,On Time,
4366519080,71938,2023-05-29 18:10:00,2023-05-29 18:06:00,-4,4.15,On Time,
1324817141,88990,2023-08-17 22:14:00,2023-08-17 22:12:00,-2,3.53,On Time,
5419080144,87381,2024-11-01 16:59:00,2024-11-01 16:54:00,-5,3.05,On Time,
8813470284,39091,2024-01-04 05:35:00,2024-01-04 05:30:00,-5,3.15,On Time,
3182992799,26718,2023-10-18 14:12:00,2023-10-18 14:25:00,13,4.56,Slightly Delayed,Traffic
7792996715,57039,2024-01-03 15:14:00,2024-01-03 15:09:00,-5,4.66,On Time,
6962624734,32296,2023-04-27 09:12:00,2023-04-27 09:17:00,5,1.69,On Time,Traffic
5948662456,39614,2023-06-29 18:45:00,2023-06-29 18:47:00,2,0.64,On Time,Traffic
3395675979,8303,2023-06-10 16:10:00,2023-06-10 16:07:00,-3,2.55,On Time,
7550368787,25992,2023-12-30 18:05:00,2023-12-30 18:17:00,12,4.12,Slightly Delayed,Traffic
8357671697,16324,2024-04-14 00:56:00,2024-04-14 00:55:00,-1,1.14,On Time,
9600704922,40938,2023-11-13 12:51:00,2023-11-13 12:50:00,-1,4.99,On Time,
9915229426,7428,2024-02-03 02:57:00,2024-02-03 02:57:00,0,1.69,On Time,
9927474026,85439,2023-03-28 04:20:00,2023-03-28 04:33:00,13,0.9,Slightly Delayed,Traffic
6310535397,8620,2023-05-26 18:03:00,2023-05-26 18:03:00,0,3.54,On Time,
8045941430,43620,2023-05-24 15:22:00,2023-05-24 15:22:00,0,0.64,On Time,
4390394582,97518,2024-11-02 11:38:00,2024-11-02 11:38:00,0,4.85,On Time,
5062545226,54305,2023-11-28 04:36:00,2023-11-28 04:33:00,-3,1.59,On Time,
2836701831,84057,2024-06-13 14:27:00,2024-06-13 14:31:00,4,1.63,On Time,Traffic
4115492281,99505,2024-01-07 01:51:00,2024-01-07 01:52:00,1,2.16,On Time,Traffic
3554645781,64263,2024-04-25 15:15:00,2024-04-25 15:24:00,9,3.43,Slightly Delayed,Traffic
3983605701,58335,2024-01-27 12:43:00,2024-01-27 12:52:00,9,2.75,Slightly Delayed,Traffic
8581516385,29947,2023-12-14 19:49:00,2023-12-14 19:49:00,0,2.41,On Time,
8290229112,29611,2024-03-09 05:19:00,2024-03-09 05:16:00,-3,2.06,On Time,
1195560119,6698,2023-04-03 17:33:00,2023-04-03 17:36:00,3,1.79,On Time,Traffic
5077327994,93285,2023-08-01 20:26:00,2023-08-01 20:23:00,-3,4.36,On Time,
2945185661,6710,2023-07-09 12:20:00,2023-07-09 12:18:00,-2,2.76,On Time,
3951005873,73170,2024-10-03 15:14:00,2024-10-03 15:09:00,-5,4.02,On Time,
3490816523,16914,2024-01-27 20:28:00,2024-01-27 20:43:00,15,4.88,Slightly Delayed,Traffic
6739114301,10714,2023-03-26 18:26:00,2023-03-26 18:28:00,2,1.42,On Time,Traffic
5728818155,40143,2023-11-03 01:10:00,2023-11-03 01:18:00,8,1.82,Slightly Delayed,Traffic
7713651693,17257,2023-08-07 02:11:00,2023-08-07 02:16:00,5,4.26,On Time,Traffic
5452048621,51769,2024-10-22 15:28:00,2024-10-22 15:43:00,15,1.74,Slightly Delayed,Traffic
2297027645,67885,2024-04-17 21:16:00,2024-04-17 21:11:00,-5,2.68,On Time,
2438302298,96633,2023-04-24 00:18:00,2023-04-24 00:33:00,15,2.07,Slightly Delayed,Traffic
578811216,5169,2024-06-18 10:37:00,2024-06-18 10:55:00,18,0.57,Significantly Delayed,Traffic
8684710720,45070,2023-09-12 02:37:00,2023-09-12 02:36:00,-1,3.27,On Time,
1249797614,18282,2024-06-27 18:43:00,2024-06-27 18:44:00,1,4.91,On Time,Traffic
8013026217,53586,2023-03-21 12:41:00,2023-03-21 12:41:00,0,2.31,On Time,
5421697986,87496,2023-05-26 02:45:00,2023-05-26 02:49:00,4,4.2,On Time,Traffic
8922741261,48378,2024-08-11 00:53:00,2024-08-11 00:54:00,1,2.01,On Time,Traffic
3441102335,47299,2023-11-04 00:39:00,2023-11-04 00:39:00,0,1.66,On Time,
6065607924,13007,2024-05-08 08:33:00,2024-05-08 08:32:00,-1,2.71,On Time,
5153395650,19704,2023-03-23 15:34:00,2023-03-23 15:38:00,4,4.12,On Time,Traffic
2215235447,26672,2024-09-16 17:25:00,2024-09-16 17:21:00,-4,3.74,On Time,
5678676134,90181,2024-09-21 15:50:00,2024-09-21 15:46:00,-4,4.35,On Time,
5045588926,32917,2023-07-04 16:23:00,2023-07-04 16:24:00,1,2.76,On Time,Traffic
1677502866,1304,2024-01-18 08:46:00,2024-01-18 08:43:00,-3,2.08,On Time,
4777610024,34722,2024-05-25 03:47:00,2024-05-25 03:57:00,10,1.04,Slightly Delayed,Traffic
477350788,87,2023-10-12 05:18:00,2023-10-12 05:13:00,-5,1.37,On Time,
4616699342,34959,2023-04-16 07:39:00,2023-04-16 07:35:00,-4,2.98,On Time,
8849914077,91680,2024-01-30 00:18:00,2024-01-30 00:17:00,-1,4.75,On Time,
9183435457,11473,2024-10-22 00:07:00,2024-10-22 00:03:00,-4,0.97,On Time,
6922646336,26070,2023-06-24 00:02:00,2023-06-24 00:05:00,3,3.81,On Time,Traffic
3228806806,4696,2023-06-29 08:31:00,2023-06-29 08:54:00,23,3.64,Significantly Delayed,Traffic
4893095476,71356,2024-10-04 21:24:00,2024-10-04 21:36:00,12,0.74,Slightly Delayed,Traffic
7773468233,3584,2023-10-05 08:28:00,2023-10-05 08:30:00,2,1.17,On Time,Traffic
5928657526,91083,2023-10-14 12:48:00,2023-10-14 12:49:00,1,4.07,On Time,Traffic
4435936422,84583,2023-12-01 19:59:00,2023-12-01 19:58:00,-1,4.98,On Time,
6031122324,85429,2024-06-25 15:38:00,2024-06-25 15:39:00,1,2.0,On Time,Traffic
7286969496,22044,2023-06-21 16:03:00,2023-06-21 16:00:00,-3,1.03,On Time,
4665508413,31212,2023-11-02 01:48:00,2023-11-02 01:48:00,0,4.23,On Time,
9224598372,432,2024-03-31 13:32:00,2024-03-31 13:27:00,-5,3.72,On Time,
842020543,13649,2024-08-14 11:17:00,2024-08-14 11:21:00,4,0.67,On Time,Traffic
7237143327,40577,2023-06-09 21:07:00,2023-06-09 21:07:00,0,2.12,On Time,
5095141954,66856,2023-08-05 08:37:00,2023-08-05 08:32:00,-5,2.62,On Time,
6229535077,58180,2024-04-01 06:07:00,2024-04-01 06:04:00,-3,0.57,On Time,
2984879441,87895,2024-04-22 07:57:00,2024-04-22 08:01:00,4,4.76,On Time,Traffic
785895477,94534,2023-03-19 19:10:00,2023-03-19 19:38:00,28,3.1,Significantly Delayed,Traffic
6220343481,80069,2023-06-02 23:13:00,2023-06-02 23:17:00,4,3.67,On Time,Traffic
5897343054,2375,2023-03-21 04:28:00,2023-03-21 04:50:00,22,3.75,Significantly Delayed,Traffic
60465,58998,2024-10-23 05:34:00,2024-10-23 05:39:00,5,3.97,On Time,Traffic
2245476104,18768,2023-06-01 09:30:00,2023-06-01 09:33:00,3,4.97,On Time,Traffic
6347292505,14479,2024-06-24 19:56:00,2024-06-24 20:02:00,6,1.12,Slightly Delayed,Traffic
8321900643,83965,2023-10-31 21:49:00,2023-10-31 21:51:00,2,3.41,On Time,Traffic
9639033064,69379,2024-08-15 21:22:00,2024-08-15 21:18:00,-4,2.6,On Time,
2748368258,83680,2023-08-04 00:07:00,2023-08-04 00:02:00,-5,4.85,On Time,
1444371693,20972,2023-05-06 08:37:00,2023-05-06 08:41:00,4,4.19,On Time,Traffic
7111342746,24182,2024-10-19 15:48:00,2024-10-19 15:50:00,2,2.46,On Time,Traffic
9457576236,62085,2023-11-29 18:28:00,2023-11-29 18:34:00,6,1.2,Slightly Delayed,Traffic
4167252733,29916,2023-11-27 17:02:00,2023-11-27 17:01:00,-1,4.92,On Time,
4304875010,31244,2024-01-27 05:35:00,2024-01-27 05:30:00,-5,3.42,On Time,
4870910859,55357,2023-07-04 05:05:00,2023-07-04 05:00:00,-5,2.21,On Time,
3674118222,34829,2024-07-25 07:48:00,2024-07-25 07:54:00,6,3.11,Slightly Delayed,Traffic
38408517,84919,2023-11-26 08:58:00,2023-11-26 09:20:00,22,4.98,Significantly Delayed,Traffic
3081609596,77266,2023-04-09 04:34:00,2023-04-09 04:34:00,0,4.39,On Time,
1390229631,93232,2023-08-07 07:56:00,2023-08-07 08:06:00,10,0.65,Slightly Delayed,Traffic
7498092418,54791,2023-10-12 12:10:00,2023-10-12 12:17:00,7,0.6,Slightly Delayed,Traffic
3334055527,63631,2023-04-18 12:32:00,2023-04-18 12:36:00,4,0.72,On Time,Traffic
8729426842,75375,2023-06-07 03:21:00,2023-06-07 03:16:00,-5,2.81,On Time,
1722808791,24901,2023-05-16 12:35:00,2023-05-16 12:31:00,-4,1.42,On Time,
9775070757,13251,2024-03-15 07:08:00,2024-03-15 07:15:00,7,4.66,Slightly Delayed,Traffic
4737779056,18157,2024-08-09 00:06:00,2024-08-09 00:01:00,-5,1.64,On Time,
2047483376,55201,2023-10-15 15:57:00,2023-10-15 15:59:00,2,0.53,On Time,Traffic
4758632331,87979,2023-09-06 03:20:00,2023-09-06 03:47:00,27,4.89,Significantly Delayed,Traffic
4741574337,8790,2024-02-09 02:04:00,2024-02-09 02:08:00,4,4.22,On Time,Traffic
5805120939,42843,2024-07-10 13:06:00,2024-07-10 13:18:00,12,2.52,Slightly Delayed,Traffic
7550508,38073,2023-10-20 11:07:00,2023-10-20 11:06:00,-1,2.21,On Time,
1966056265,1498,2024-08-11 05:12:00,2024-08-11 05:17:00,5,3.87,On Time,Traffic
6363072906,44781,2024-07-08 15:43:00,2024-07-08 15:40:00,-3,3.02,On Time,
7389054351,81899,2023-12-22 07:01:00,2023-12-22 07:00:00,-1,1.6,On Time,
7146572423,63798,2023-06-01 18:47:00,2023-06-01 18:50:00,3,3.16,On Time,Traffic
4590810848,58417,2023-05-24 12:22:00,2023-05-24 12:20:00,-2,1.32,On Time,
9226364404,69366,2023-11-22 23:56:00,2023-11-23 00:26:00,30,1.45,Significantly Delayed,Traffic
6687792641,85941,2024-05-20 07:10:00,2024-05-20 07:11:00,1,1.91,On Time,Traffic
5183577434,48713,2024-01-03 20:12:00,2024-01-03 20:17:00,5,3.31,On Time,Traffic
7440785414,14917,2023-11-01 08:43:00,2023-11-01 08:40:00,-3,2.09,On Time,
7932057095,5226,2023-09-20 03:22:00,2023-09-20 03:18:00,-4,2.07,On Time,
6126906924,2241,2023-12-01 22:36:00,2023-12-01 22:37:00,1,3.73,On Time,Traffic
8997788831,69051,2023-03-23 23:42:00,2023-03-23 23:38:00,-4,0.77,On Time,
3480516243,7250,2024-08-06 00:07:00,2024-08-06 00:12:00,5,3.77,On Time,Traffic
1234692850,33571,2024-03-19 06:09:00,2024-03-19 06:05:00,-4,1.94,On Time,
4954911880,79410,2023-04-09 04:14:00,2023-04-09 04:19:00,5,1.8,On Time,Traffic
504060154,95455,2023-07-18 20:59:00,2023-07-18 21:15:00,16,4.8,Significantly Delayed,Traffic
8723752267,61593,2024-07-09 03:22:00,2024-07-09 03:24:00,2,2.82,On Time,Traffic
5724116944,93687,2024-06-20 20:40:00,2024-06-20 20:50:00,10,1.74,Slightly Delayed,Traffic
8161349145,34205,2024-03-12 11:15:00,2024-03-12 11:22:00,7,1.37,Slightly Delayed,Traffic
2985254380,9722,2023-11-04 05:27:00,2023-11-04 05:27:00,0,3.82,On Time,
9837170359,62865,2023-04-12 08:54:00,2023-04-12 08:55:00,1,0.59,On Time,Traffic
3915323515,4185,2024-09-11 00:52:00,2024-09-11 00:50:00,-2,4.27,On Time,
8829163586,39532,2024-01-16 06:59:00,2024-01-16 06:58:00,-1,3.08,On Time,
961526405,5497,2024-10-10 13:46:00,2024-10-10 13:51:00,5,1.56,On Time,Traffic
5792721465,59382,2024-10-18 04:47:00,2024-10-18 04:49:00,2,0.75,On Time,Traffic
8094117960,7809,2023-04-04 10:19:00,2023-04-04 10:31:00,12,0.57,Slightly Delayed,Traffic
9318325652,78258,2024-04-12 11:28:00,2024-04-12 11:29:00,1,4.54,On Time,Traffic
852676412,76980,2024-08-11 14:22:00,2024-08-11 14:29:00,7,3.17,Slightly Delayed,Traffic
6487883093,54257,2024-10-19 01:42:00,2024-10-19 01:44:00,2,0.6,On Time,Traffic
5398965602,42648,2024-06-09 05:31:00,2024-06-09 05:44:00,13,1.47,Slightly Delayed,Traffic
6149664144,53283,2024-10-21 02:25:00,2024-10-21 02:43:00,18,0.63,Significantly Delayed,Traffic
6231586256,10306,2023-05-03 23:28:00,2023-05-03 23:27:00,-1,2.71,On Time,
4598622116,61134,2024-03-19 06:28:00,2024-03-19 06:48:00,20,4.18,Significantly Delayed,Traffic
8971796779,9562,2024-07-03 07:37:00,2024-07-03 07:37:00,0,4.52,On Time,
2148246883,64363,2023-09-21 08:22:00,2023-09-21 08:23:00,1,3.85,On Time,Traffic
4357632507,7296,2024-09-13 02:49:00,2024-09-13 02:47:00,-2,4.26,On Time,
3323576462,62311,2023-12-10 23:34:00,2023-12-10 23:31:00,-3,1.1,On Time,
4220834107,39345,2023-09-29 22:17:00,2023-09-29 22:19:00,2,2.0,On Time,Traffic
4409513224,42130,2024-10-26 17:24:00,2024-10-26 17:39:00,15,4.43,Slightly Delayed,Traffic
5610159677,19987,2023-08-31 12:41:00,2023-08-31 12:39:00,-2,2.26,On Time,
6259219127,17129,2023-05-12 21:47:00,2023-05-12 21:52:00,5,1.25,On Time,Traffic
5628497118,87309,2024-10-24 08:19:00,2024-10-24 08:34:00,15,1.16,Slightly Delayed,Traffic
1508576390,46857,2023-07-27 08:49:00,2023-07-27 09:13:00,24,3.05,Significantly Delayed,Traffic
5922953060,71666,2024-09-13 18:23:00,2024-09-13 18:25:00,2,3.98,On Time,Traffic
5130838561,26109,2023-07-26 20:06:00,2023-07-26 20:08:00,2,2.25,On Time,Traffic
3217749279,21471,2023-09-29 04:36:00,2023-09-29 04:31:00,-5,1.71,On Time,
9279422297,29442,2023-04-07 10:55:00,2023-04-07 10:54:00,-1,0.89,On Time,
222955546,69541,2023-09-27 19:02:00,2023-09-27 19:24:00,22,1.31,Significantly Delayed,Traffic
8290493339,23578,2024-01-29 17:50:00,2024-01-29 17:49:00,-1,3.59,On Time,
6418952352,27372,2023-08-31 16:04:00,2023-08-31 16:02:00,-2,2.95,On Time,
8978231928,5320,2024-10-30 16:31:00,2024-10-30 16:39:00,8,0.51,Slightly Delayed,Traffic
3746306403,24591,2023-07-03 01:59:00,2023-07-03 02:02:00,3,4.05,On Time,Traffic
3157198428,42198,2024-10-30 05:15:00,2024-10-30 05:11:00,-4,0.51,On Time,
981939883,60237,2023-05-03 16:58:00,2023-05-03 17:08:00,10,3.17,Slightly Delayed,Traffic
6569836274,18594,2024-06-24 17:30:00,2024-06-24 17:41:00,11,0.84,Slightly Delayed,Traffic
5695124358,12767,2024-05-16 05:22:00,2024-05-16 05:18:00,-4,2.51,On Time,
773335066,91032,2023-07-24 22:14:00,2023-07-24 22:13:00,-1,4.68,On Time,
3618712852,68636,2023-10-14 05:33:00,2023-10-14 05:34:00,1,3.09,On Time,Traffic
6009732867,91790,2024-08-02 07:39:00,2024-08-02 07:34:00,-5,3.52,On Time,
7269785858,6677,2024-08-04 04:17:00,2024-08-04 04:17:00,0,1.52,On Time,
5798831066,15811,2024-04-16 21:58:00,2024-04-16 21:54:00,-4,4.27,On Time,
5330654120,21693,2024-11-03 04:06:00,2024-11-03 04:01:00,-5,1.59,On Time,
462189338,90802,2023-09-04 03:51:00,2023-09-04 03:46:00,-5,1.26,On Time,
7536187765,37981,2024-04-15 19:50:00,2024-04-15 19:47:00,-3,4.69,On Time,
9938820107,22973,2023-11-07 11:02:00,2023-11-07 11:00:00,-2,2.65,On Time,
9410751894,38915,2024-07-25 06:30:00,2024-07-25 06:28:00,-2,0.89,On Time,
9172888683,86299,2024-06-18 01:21:00,2024-06-18 01:23:00,2,3.76,On Time,Traffic
8018695018,75374,2023-05-04 00:29:00,2023-05-04 00:39:00,10,0.65,Slightly Delayed,Traffic
7456610316,78607,2024-07-03 06:06:00,2024-07-03 06:09:00,3,0.92,On Time,Traffic
5627902734,78934,2023-03-16 19:25:00,2023-03-16 19:26:00,1,1.98,On Time,Traffic
5189768940,38893,2023-10-05 08:33:00,2023-10-05 08:34:00,1,2.66,On Time,Traffic
173709007,80576,2023-10-09 03:27:00,2023-10-09 03:48:00,21,1.02,Significantly Delayed,Traffic
1485229334,24486,2023-07-19 05:36:00,2023-07-19 05:32:00,-4,1.95,On Time,
9334479603,10385,2023-04-16 20:27:00,2023-04-16 20:27:00,0,4.73,On Time,
8674211510,59298,2023-09-01 11:16:00,2023-09-01 11:18:00,2,3.58,On Time,Traffic
390257855,10059,2023-04-22 18:34:00,2023-04-22 18:38:00,4,2.42,On Time,Traffic
6642374542,33880,2024-08-30 20:44:00,2024-08-30 20:44:00,0,4.0,On Time,
6585999443,41264,2023-06-10 06:39:00,2023-06-10 06:39:00,0,4.01,On Time,
622705569,50356,2024-07-07 09:33:00,2024-07-07 09:31:00,-2,4.91,On Time,
1635083835,52328,2023-09-27 09:01:00,2023-09-27 09:16:00,15,2.2,Slightly Delayed,Traffic
7359512417,99158,2024-08-30 06:49:00,2024-08-30 07:03:00,14,1.12,Slightly Delayed,Traffic
9237698013,97783,2024-08-15 20:55:00,2024-08-15 20:54:00,-1,1.08,On Time,
3492935177,92168,2024-03-24 01:11:00,2024-03-24 01:13:00,2,2.14,On Time,Traffic
4324086468,98362,2024-02-25 04:43:00,2024-02-25 04:47:00,4,3.56,On Time,Traffic
9171218505,20611,2024-05-31 15:19:00,2024-05-31 15:42:00,23,1.29,Significantly Delayed,Traffic
5068157547,88481,2023-10-10 13:23:00,2023-10-10 13:20:00,-3,4.74,On Time,
8558710948,77005,2024-06-21 18:57:00,2024-06-21 19:01:00,4,4.25,On Time,Traffic
3184669775,19867,2024-05-13 02:58:00,2024-05-13 03:26:00,28,1.65,Significantly Delayed,Traffic
7079324691,462,2023-04-04 09:25:00,2023-04-04 09:23:00,-2,4.08,On Time,
4210311922,10778,2023-05-17 21:10:00,2023-05-17 21:12:00,2,2.81,On Time,Traffic
7660037070,70814,2024-02-16 21:08:00,2024-02-16 21:04:00,-4,1.94,On Time,
9410025634,88594,2024-01-28 03:23:00,2024-01-28 03:26:00,3,4.12,On Time,Traffic
6798589010,91875,2023-09-27 15:29:00,2023-09-27 15:38:00,9,3.82,Slightly Delayed,Traffic
5401466202,7713,2024-09-26 20:01:00,2024-09-26 20:14:00,13,1.09,Slightly Delayed,Traffic
9102648124,87083,2024-01-06 15:39:00,2024-01-06 15:49:00,10,3.97,Slightly Delayed,Traffic
1969956670,72157,2024-10-24 01:46:00,2024-10-24 01:54:00,8,2.05,Slightly Delayed,Traffic
1194228460,35853,2024-03-11 16:26:00,2024-03-11 16:25:00,-1,2.61,On Time,
9628463148,5444,2024-08-25 17:14:00,2024-08-25 17:19:00,5,1.55,On Time,Traffic
7745364283,23255,2023-06-18 19:08:00,2023-06-18 19:11:00,3,2.67,On Time,Traffic
9892343037,19236,2024-07-31 02:54:00,2024-07-31 03:13:00,19,1.0,Significantly Delayed,Traffic
1588828749,54662,2023-11-17 13:53:00,2023-11-17 13:56:00,3,4.49,On Time,Traffic
4037647778,651,2023-03-17 05:49:00,2023-03-17 05:48:00,-1,1.84,On Time,
6664301655,67132,2023-07-31 01:50:00,2023-07-31 01:48:00,-2,2.45,On Time,
7096225581,33119,2024-06-27 14:05:00,2024-06-27 14:10:00,5,2.23,On Time,Traffic
79029185,72146,2024-06-06 14:05:00,2024-06-06 14:20:00,15,4.12,Slightly Delayed,Traffic
7831967187,34714,2023-06-06 01:01:00,2023-06-06 01:01:00,0,1.18,On Time,
482214790,49560,2023-04-10 05:48:00,2023-04-10 05:52:00,4,4.85,On Time,Traffic
5931307224,44956,2023-11-27 08:58:00,2023-11-27 09:22:00,24,2.44,Significantly Delayed,Traffic
6410432854,44093,2023-11-23 13:53:00,2023-11-23 13:59:00,6,3.43,Slightly Delayed,Traffic
6124624375,53745,2024-09-12 04:26:00,2024-09-12 04:32:00,6,4.25,Slightly Delayed,Traffic
8992870838,81482,2023-09-17 06:36:00,2023-09-17 06:31:00,-5,4.64,On Time,
8377146126,5897,2024-02-27 17:51:00,2024-02-27 17:47:00,-4,1.35,On Time,
7852428533,50641,2023-06-05 06:31:00,2023-06-05 06:37:00,6,1.34,Slightly Delayed,Traffic
9258876870,20123,2024-03-14 16:16:00,2024-03-14 16:13:00,-3,4.13,On Time,
6810940082,15147,2023-11-02 14:52:00,2023-11-02 14:55:00,3,3.66,On Time,Traffic
3330538479,52024,2024-01-23 16:31:00,2024-01-23 16:30:00,-1,4.86,On Time,
7270469981,60463,2023-07-28 03:50:00,2023-07-28 03:47:00,-3,2.0,On Time,
5636241570,98065,2024-06-21 20:24:00,2024-06-21 20:28:00,4,3.06,On Time,Traffic
4467471002,81664,2023-11-27 13:28:00,2023-11-27 13:44:00,16,2.01,Significantly Delayed,Traffic
6201821502,57553,2024-05-03 13:23:00,2024-05-03 13:30:00,7,4.2,Slightly Delayed,Traffic
6144140039,6277,2024-03-22 19:18:00,2024-03-22 19:13:00,-5,4.66,On Time,
3310749597,34920,2023-07-05 04:30:00,2023-07-05 04:40:00,10,1.33,Slightly Delayed,Traffic
5085488484,30364,2023-12-09 11:56:00,2023-12-09 11:53:00,-3,2.76,On Time,
587498345,93712,2024-06-28 04:04:00,2024-06-28 04:18:00,14,2.64,Slightly Delayed,Traffic
5136205193,35041,2023-08-22 07:18:00,2023-08-22 07:17:00,-1,1.22,On Time,
9321319130,57794,2023-12-31 12:01:00,2023-12-31 12:00:00,-1,3.69,On Time,
9113393578,37638,2023-12-09 00:15:00,2023-12-09 00:16:00,1,2.46,On Time,Traffic
3860678807,82696,2023-04-19 14:27:00,2023-04-19 14:37:00,10,4.14,Slightly Delayed,Traffic
3603683788,64456,2023-08-18 09:57:00,2023-08-18 09:52:00,-5,4.22,On Time,
4472082279,33852,2023-10-15 04:42:00,2023-10-15 04:41:00,-1,1.4,On Time,
4104732514,95165,2024-06-13 20:04:00,2024-06-13 20:04:00,0,0.98,On Time,
9050314096,63220,2023-05-26 07:34:00,2023-05-26 07:31:00,-3,3.43,On Time,
9296105870,24307,2024-02-21 17:20:00,2024-02-21 17:22:00,2,1.28,On Time,Traffic
4678456188,70252,2023-12-12 12:58:00,2023-12-12 13:26:00,28,3.44,Significantly Delayed,Traffic
812386333,10021,2024-09-18 10:33:00,2024-09-18 10:29:00,-4,3.01,On Time,
8100314462,60492,2024-02-10 14:55:00,2024-02-10 15:20:00,25,1.25,Significantly Delayed,Traffic
781509952,41511,2023-04-02 19:14:00,2023-04-02 19:12:00,-2,3.64,On Time,
1918416669,33170,2023-05-08 23:14:00,2023-05-08 23:19:00,5,1.92,On Time,Traffic
1152165724,53106,2024-01-04 10:35:00,2024-01-04 11:00:00,25,3.92,Significantly Delayed,Traffic
9664390656,16129,2023-08-09 09:37:00,2023-08-09 09:39:00,2,4.67,On Time,Traffic
2686950796,7632,2023-05-15 08:30:00,2023-05-15 08:49:00,19,4.05,Significantly Delayed,Traffic
7332801173,81859,2023-06-12 15:01:00,2023-06-12 15:02:00,1,1.01,On Time,Traffic
3503438244,17071,2024-02-14 01:15:00,2024-02-14 01:13:00,-2,3.61,On Time,
4044591373,22077,2024-04-19 14:33:00,2024-04-19 14:38:00,5,2.21,On Time,Traffic
7817195618,69802,2023-05-17 00:09:00,2023-05-17 00:11:00,2,2.89,On Time,Traffic
8974710941,23334,2024-09-03 04:58:00,2024-09-03 05:13:00,15,1.07,Slightly Delayed,Traffic
2811268404,8913,2023-07-21 16:57:00,2023-07-21 17:27:00,30,4.68,Significantly Delayed,Traffic
7251548462,29113,2024-07-07 17:43:00,2024-07-07 17:46:00,3,1.49,On Time,Traffic
352037003,37403,2024-01-28 04:04:00,2024-01-28 04:00:00,-4,3.64,On Time,
8510312737,38863,2024-03-06 15:13:00,2024-03-06 15:09:00,-4,2.81,On Time,
3242700095,53498,2024-10-14 01:26:00,2024-10-14 01:21:00,-5,4.34,On Time,
5833898647,15139,2023-10-09 08:59:00,2023-10-09 09:04:00,5,2.45,On Time,Traffic
7212771842,7028,2023-04-29 22:13:00,2023-04-29 22:09:00,-4,1.5,On Time,
7799757050,15948,2024-05-31 20:33:00,2024-05-31 20:33:00,0,1.63,On Time,
9593303695,98145,2023-07-05 11:26:00,2023-07-05 11:34:00,8,1.54,Slightly Delayed,Traffic
7709693536,187,2023-09-05 19:56:00,2023-09-05 20:04:00,8,3.89,Slightly Delayed,Traffic
5092922964,87013,2023-11-22 14:26:00,2023-11-22 14:21:00,-5,2.13,On Time,
8318806722,65916,2024-07-25 12:41:00,2024-07-25 13:08:00,27,2.01,Significantly Delayed,Traffic
4352870279,13768,2024-07-23 14:18:00,2024-07-23 14:47:00,29,3.18,Significantly Delayed,Traffic
6722040962,60055,2023-11-14 02:40:00,2023-11-14 02:38:00,-2,1.47,On Time,
1690831615,12676,2023-05-25 18:04:00,2023-05-25 17:59:00,-5,1.77,On Time,
6475689021,46744,2023-05-20 21:10:00,2023-05-20 21:13:00,3,3.76,On Time,Traffic
8361280131,25910,2024-09-21 00:21:00,2024-09-21 00:32:00,11,4.57,Slightly Delayed,Traffic
2664549359,6230,2024-06-17 09:19:00,2024-06-17 09:25:00,6,2.72,Slightly Delayed,Traffic
9510912773,79994,2023-05-07 10:15:00,2023-05-07 10:15:00,0,2.71,On Time,
3654462337,60908,2023-09-23 03:27:00,2023-09-23 03:36:00,9,1.46,Slightly Delayed,Traffic
2308652017,90365,2023-08-08 15:21:00,2023-08-08 15:24:00,3,2.4,On Time,Traffic
8300200841,19811,2024-03-15 15:50:00,2024-03-15 15:46:00,-4,2.37,On Time,
5027243163,72202,2024-03-19 13:11:00,2024-03-19 13:16:00,5,3.13,On Time,Traffic
713290065,69957,2023-11-05 11:24:00,2023-11-05 11:28:00,4,2.53,On Time,Traffic
2006434350,5355,2023-06-24 15:53:00,2023-06-24 15:58:00,5,1.71,On Time,Traffic
6587221270,8043,2023-12-23 01:18:00,2023-12-23 01:21:00,3,3.78,On Time,Traffic
969705468,86249,2024-01-06 20:31:00,2024-01-06 20:34:00,3,2.3,On Time,Traffic
4492000627,51632,2023-05-30 11:03:00,2023-05-30 10:59:00,-4,1.48,On Time,
977290328,80011,2023-12-14 10:41:00,2023-12-14 11:06:00,25,1.93,Significantly Delayed,Traffic
8735245723,81631,2023-07-04 16:05:00,2023-07-04 16:00:00,-5,2.09,On Time,
6299539090,11906,2024-08-30 01:13:00,2024-08-30 01:14:00,1,3.6,On Time,Traffic
2177211652,51339,2023-06-29 22:44:00,2023-06-29 23:08:00,24,2.31,Significantly Delayed,Traffic
8972569491,43612,2023-11-26 12:53:00,2023-11-26 13:23:00,30,1.91,Significantly Delayed,Traffic
7658414712,65853,2023-09-14 18:08:00,2023-09-14 18:05:00,-3,0.69,On Time,
2069355540,46546,2024-07-27 16:38:00,2024-07-27 16:40:00,2,2.68,On Time,Traffic
4084790776,74479,2024-09-09 14:25:00,2024-09-09 14:30:00,5,4.27,On Time,Traffic
8716008121,94222,2023-12-21 14:14:00,2023-12-21 14:09:00,-5,1.07,On Time,
9781965606,41676,2023-07-12 16:56:00,2023-07-12 16:54:00,-2,4.27,On Time,
8380133046,83971,2024-02-05 17:45:00,2024-02-05 17:47:00,2,4.5,On Time,Traffic
691827543,32846,2023-04-15 13:33:00,2023-04-15 13:31:00,-2,2.76,On Time,
5750245858,11457,2023-04-07 01:01:00,2023-04-07 01:11:00,10,2.98,Slightly Delayed,Traffic
1578150657,95773,2024-10-16 06:25:00,2024-10-16 06:41:00,16,0.97,Significantly Delayed,Traffic
9069556587,45086,2024-02-29 12:16:00,2024-02-29 12:31:00,15,1.42,Slightly Delayed,Traffic
8396347551,84471,2023-09-30 19:26:00,2023-09-30 19:23:00,-3,1.44,On Time,
6083487488,71075,2024-03-11 03:39:00,2024-03-11 03:46:00,7,2.4,Slightly Delayed,Traffic
3191281184,6400,2023-07-01 16:27:00,2023-07-01 16:26:00,-1,3.0,On Time,
6397409024,47831,2024-01-03 08:35:00,2024-01-03 08:48:00,13,3.59,Slightly Delayed,Traffic
9021529086,70207,2024-03-16 19:10:00,2024-03-16 19:09:00,-1,1.85,On Time,
8214544415,93269,2023-12-28 17:48:00,2023-12-28 17:48:00,0,3.52,On Time,
8569302709,53705,2023-10-07 19:42:00,2023-10-07 19:41:00,-1,2.25,On Time,
2219192870,46891,2024-01-18 01:50:00,2024-01-18 02:04:00,14,4.83,Slightly Delayed,Traffic
8537081061,17933,2023-08-16 01:19:00,2023-08-16 01:28:00,9,1.22,Slightly Delayed,Traffic
9284683425,40427,2024-05-16 06:50:00,2024-05-16 06:53:00,3,2.84,On Time,Traffic
9774193601,23828,2023-05-30 11:17:00,2023-05-30 11:43:00,26,3.18,Significantly Delayed,Traffic
7496826261,70218,2023-11-17 05:40:00,2023-11-17 05:44:00,4,2.98,On Time,Traffic
1058749075,94872,2023-08-26 23:24:00,2023-08-26 23:25:00,1,4.26,On Time,Traffic
7128038799,23163,2024-03-10 18:42:00,2024-03-10 18:47:00,5,4.31,On Time,Traffic
3596318350,79071,2024-10-13 09:52:00,2024-10-13 09:55:00,3,1.85,On Time,Traffic
3187042843,56554,2024-01-01 21:09:00,2024-01-01 21:19:00,10,4.12,Slightly Delayed,Traffic
4673500573,31637,2023-10-15 15:02:00,2023-10-15 14:59:00,-3,4.03,On Time,
881900445,31909,2024-08-06 02:26:00,2024-08-06 02:28:00,2,0.96,On Time,Traffic
9874112459,1360,2024-09-26 23:38:00,2024-09-26 23:39:00,1,2.04,On Time,Traffic
4531430634,18850,2023-05-17 06:25:00,2023-05-17 06:23:00,-2,1.75,On Time,
6715699166,10552,2023-08-01 19:20:00,2023-08-01 19:15:00,-5,0.84,On Time,
4171748538,38252,2023-07-06 23:05:00,2023-07-06 23:05:00,0,2.39,On Time,
4093115982,47309,2023-05-24 17:21:00,2023-05-24 17:16:00,-5,1.77,On Time,
2515279840,69394,2023-12-24 01:51:00,2023-12-24 01:53:00,2,4.6,On Time,Traffic
4981424948,25002,2024-10-13 22:42:00,2024-10-13 22:41:00,-1,2.71,On Time,
1911064507,19465,2024-02-27 18:16:00,2024-02-27 18:17:00,1,2.83,On Time,Traffic
6438392384,66077,2024-09-14 20:18:00,2024-09-14 20:21:00,3,3.53,On Time,Traffic
5859840400,47423,2023-10-21 23:59:00,2023-10-21 23:59:00,0,4.78,On Time,
7640576778,28726,2024-02-13 17:53:00,2024-02-13 18:00:00,7,3.4,Slightly Delayed,Traffic
5453475937,96220,2023-09-18 12:24:00,2023-09-18 12:23:00,-1,4.01,On Time,
653610300,31516,2023-04-24 03:50:00,2023-04-24 03:53:00,3,1.98,On Time,Traffic
730299055,66096,2024-10-21 18:26:00,2024-10-21 18:21:00,-5,0.6,On Time,
8396250231,13826,2024-02-26 03:27:00,2024-02-26 03:51:00,24,1.47,Significantly Delayed,Traffic
8556969682,17465,2023-05-21 06:18:00,2023-05-21 06:16:00,-2,4.62,On Time,
7159670875,18099,2024-06-22 09:34:00,2024-06-22 09:59:00,25,2.68,Significantly Delayed,Traffic
4922278509,29558,2023-05-31 07:15:00,2023-05-31 07:19:00,4,0.58,On Time,Traffic
8151274002,38275,2024-06-15 16:09:00,2024-06-15 16:13:00,4,1.58,On Time,Traffic
5373978100,79638,2024-01-16 16:52:00,2024-01-16 16:56:00,4,3.66,On Time,Traffic
6210207010,90871,2023-06-27 08:37:00,2023-06-27 08:36:00,-1,3.89,On Time,
1837403174,10176,2023-05-03 21:48:00,2023-05-03 21:51:00,3,3.73,On Time,Traffic
1148265823,31213,2024-10-29 08:42:00,2024-10-29 08:47:00,5,4.48,On Time,Traffic
8472487149,43294,2024-02-12 05:49:00,2024-02-12 06:10:00,21,3.43,Significantly Delayed,Traffic
9111535172,19224,2024-05-08 17:57:00,2024-05-08 17:57:00,0,4.93,On Time,
6558001978,39255,2024-02-19 15:17:00,2024-02-19 15:18:00,1,3.47,On Time,Traffic
2762095386,69303,2024-08-11 16:46:00,2024-08-11 16:49:00,3,4.68,On Time,Traffic
2406325099,27946,2023-11-13 22:55:00,2023-11-13 23:21:00,26,1.81,Significantly Delayed,Traffic
4274182127,56552,2024-09-26 17:03:00,2024-09-26 17:07:00,4,3.32,On Time,Traffic
7271609994,21302,2023-04-25 21:08:00,2023-04-25 21:03:00,-5,0.95,On Time,
9182539734,19556,2023-07-06 15:52:00,2023-07-06 15:54:00,2,1.95,On Time,Traffic
7891517071,47196,2024-01-31 17:30:00,2024-01-31 17:55:00,25,2.08,Significantly Delayed,Traffic
3666182849,43230,2024-11-03 11:51:00,2024-11-03 11:55:00,4,2.03,On Time,Traffic
8724590445,47010,2023-06-02 16:10:00,2023-06-02 16:14:00,4,1.18,On Time,Traffic
7919863938,68044,2024-08-29 23:53:00,2024-08-29 23:51:00,-2,3.38,On Time,
3545539999,56431,2024-01-08 16:10:00,2024-01-08 16:25:00,15,1.83,Slightly Delayed,Traffic
7463392603,18713,2024-02-11 09:39:00,2024-02-11 10:02:00,23,2.37,Significantly Delayed,Traffic
7296733293,66098,2024-02-09 04:02:00,2024-02-09 04:19:00,17,4.5,Significantly Delayed,Traffic
7118924734,23488,2023-10-10 05:41:00,2023-10-10 05:42:00,1,3.94,On Time,Traffic
2529809156,71519,2024-05-21 14:56:00,2024-05-21 15:18:00,22,1.81,Significantly Delayed,Traffic
2216699744,75428,2024-06-14 02:52:00,2024-06-14 02:56:00,4,0.54,On Time,Traffic
8257221712,19186,2023-10-07 04:23:00,2023-10-07 04:52:00,29,2.3,Significantly Delayed,Traffic
1357352531,35782,2023-06-07 13:59:00,2023-06-07 13:58:00,-1,2.03,On Time,
2108138590,67215,2023-11-08 13:09:00,2023-11-08 13:39:00,30,2.89,Significantly Delayed,Traffic
5648212121,90177,2023-12-28 00:19:00,2023-12-28 00:17:00,-2,3.15,On Time,
3951878528,28174,2023-12-23 01:12:00,2023-12-23 01:33:00,21,1.68,Significantly Delayed,Traffic
8310385249,6118,2023-07-29 19:20:00,2023-07-29 19:21:00,1,1.68,On Time,Traffic
7513562596,10923,2024-07-05 09:23:00,2024-07-05 09:22:00,-1,1.73,On Time,
6304586678,36388,2023-09-25 15:25:00,2023-09-25 15:24:00,-1,4.28,On Time,
5222812863,17086,2024-04-11 02:34:00,2024-04-11 02:33:00,-1,4.12,On Time,
5393039591,31204,2024-10-04 08:00:00,2024-10-04 08:00:00,0,3.92,On Time,
6708586922,86114,2024-05-23 17:11:00,2024-05-23 17:33:00,22,1.99,Significantly Delayed,Traffic
3177552965,8594,2024-05-17 13:38:00,2024-05-17 13:39:00,1,3.46,On Time,Traffic
607125614,55507,2024-05-06 11:18:00,2024-05-06 11:31:00,13,1.86,Slightly Delayed,Traffic
139417019,22566,2023-07-09 20:18:00,2023-07-09 20:23:00,5,2.1,On Time,Traffic
1893231742,69619,2024-10-19 04:34:00,2024-10-19 04:39:00,5,3.67,On Time,Traffic
3580010065,80806,2023-05-09 03:07:00,2023-05-09 03:12:00,5,2.51,On Time,Traffic
962319394,94025,2023-08-22 00:20:00,2023-08-22 00:34:00,14,3.77,Slightly Delayed,Traffic
8321726382,199,2023-04-15 13:42:00,2023-04-15 13:37:00,-5,3.57,On Time,
1485682761,94732,2023-10-03 19:26:00,2023-10-03 19:29:00,3,4.92,On Time,Traffic
5008756947,86785,2023-08-26 16:25:00,2023-08-26 16:23:00,-2,0.73,On Time,
1334996274,35323,2023-07-10 16:19:00,2023-07-10 16:18:00,-1,2.16,On Time,
2914506024,94705,2024-02-27 16:23:00,2024-02-27 16:20:00,-3,4.82,On Time,
8811831663,64662,2023-04-11 01:33:00,2023-04-11 01:36:00,3,2.57,On Time,Traffic
875427533,81548,2024-03-27 12:09:00,2024-03-27 12:24:00,15,4.89,Slightly Delayed,Traffic
5865390748,71450,2024-10-01 03:41:00,2024-10-01 03:45:00,4,1.86,On Time,Traffic
4054828941,43029,2023-12-15 22:09:00,2023-12-15 22:28:00,19,1.48,Significantly Delayed,Traffic
1257568604,44274,2023-09-28 17:35:00,2023-09-28 17:36:00,1,2.41,On Time,Traffic
2738862626,46667,2024-01-21 04:41:00,2024-01-21 04:51:00,10,1.83,Slightly Delayed,Traffic
7352532839,58851,2024-02-28 19:17:00,2024-02-28 19:14:00,-3,2.79,On Time,
520221662,85866,2023-07-20 19:35:00,2023-07-20 19:34:00,-1,2.16,On Time,
7818925535,27625,2023-11-02 10:11:00,2023-11-02 10:14:00,3,2.24,On Time,Traffic
3476023750,37075,2023-06-02 21:03:00,2023-06-02 21:01:00,-2,4.5,On Time,
8945838922,82508,2023-05-22 09:54:00,2023-05-22 09:52:00,-2,2.96,On Time,
2233053313,67838,2023-10-14 20:40:00,2023-10-14 20:43:00,3,2.81,On Time,Traffic
1844073851,76415,2024-02-06 09:02:00,2024-02-06 08:58:00,-4,3.04,On Time,
8348125769,33620,2023-12-08 18:27:00,2023-12-08 18:37:00,10,4.4,Slightly Delayed,Traffic
8475818223,37091,2023-11-16 04:21:00,2023-11-16 04:41:00,20,1.72,Significantly Delayed,Traffic
4270941188,4506,2024-01-13 09:37:00,2024-01-13 09:39:00,2,1.38,On Time,Traffic
2611200126,56652,2024-05-12 03:11:00,2024-05-12 03:16:00,5,1.86,On Time,Traffic
8573833987,92757,2024-02-11 13:47:00,2024-02-11 13:42:00,-5,1.44,On Time,
2979246068,81847,2024-02-23 02:57:00,2024-02-23 03:22:00,25,0.69,Significantly Delayed,Traffic
6779895105,39690,2024-09-10 13:02:00,2024-09-10 13:05:00,3,1.69,On Time,Traffic
1731478314,3611,2024-07-30 05:33:00,2024-07-30 05:41:00,8,4.16,Slightly Delayed,Traffic
3692405872,36429,2023-07-31 12:27:00,2023-07-31 12:28:00,1,4.61,On Time,Traffic
8853713324,72198,2023-08-07 02:11:00,2023-08-07 02:06:00,-5,4.76,On Time,
979766779,55258,2024-04-23 22:17:00,2024-04-23 22:18:00,1,1.15,On Time,Traffic
5709672475,12442,2023-08-14 02:48:00,2023-08-14 02:43:00,-5,1.7,On Time,
3855709201,78393,2024-04-23 22:36:00,2024-04-23 22:51:00,15,4.71,Slightly Delayed,Traffic
6861065282,70502,2023-08-18 18:54:00,2023-08-18 19:08:00,14,4.02,Slightly Delayed,Traffic
7919724613,4767,2023-03-21 15:44:00,2023-03-21 15:54:00,10,0.94,Slightly Delayed,Traffic
7882742057,60422,2024-07-26 15:51:00,2024-07-26 15:46:00,-5,2.57,On Time,
1929002406,6504,2023-12-25 21:49:00,2023-12-25 21:46:00,-3,1.1,On Time,
2458349464,92293,2023-04-06 12:50:00,2023-04-06 12:50:00,0,2.94,On Time,
6608328221,43351,2023-07-04 15:47:00,2023-07-04 15:50:00,3,1.44,On Time,Traffic
7736615348,67076,2023-12-06 21:15:00,2023-12-06 21:13:00,-2,3.03,On Time,
2591738507,76434,2024-10-31 07:50:00,2024-10-31 07:48:00,-2,2.65,On Time,
6751537971,33447,2024-07-19 06:23:00,2024-07-19 06:24:00,1,3.35,On Time,Traffic
9768154003,14323,2024-01-23 04:10:00,2024-01-23 04:38:00,28,1.43,Significantly Delayed,Traffic
5887288860,90694,2024-03-01 21:35:00,2024-03-01 21:32:00,-3,4.07,On Time,
3559865135,90401,2024-01-07 15:21:00,2024-01-07 15:31:00,10,0.8,Slightly Delayed,Traffic
209044447,79837,2024-10-05 00:22:00,2024-10-05 00:24:00,2,1.28,On Time,Traffic
9643668734,79734,2024-05-18 13:17:00,2024-05-18 13:38:00,21,4.91,Significantly Delayed,Traffic
6115465612,57658,2023-09-28 12:57:00,2023-09-28 12:55:00,-2,0.93,On Time,
8493723088,98580,2023-12-30 06:36:00,2023-12-30 06:35:00,-1,4.04,On Time,
6392024503,10391,2023-09-05 03:05:00,2023-09-05 03:05:00,0,3.61,On Time,
9863468109,44564,2024-01-28 04:29:00,2024-01-28 04:33:00,4,1.29,On Time,Traffic
5448628635,36280,2023-05-07 13:31:00,2023-05-07 13:35:00,4,2.27,On Time,Traffic
3329455953,8271,2024-03-01 05:59:00,2024-03-01 06:02:00,3,3.85,On Time,Traffic
3584190892,44526,2023-10-17 04:41:00,2023-10-17 04:46:00,5,4.28,On Time,Traffic
9097056321,26978,2024-04-08 08:07:00,2024-04-08 08:05:00,-2,3.53,On Time,
525741957,28414,2023-05-03 06:28:00,2023-05-03 06:28:00,0,3.07,On Time,
5387395051,63460,2024-09-18 08:05:00,2024-09-18 08:18:00,13,3.76,Slightly Delayed,Traffic
6799246060,84316,2023-11-06 06:25:00,2023-11-06 06:21:00,-4,2.09,On Time,
8986314607,72548,2024-08-30 07:05:00,2024-08-30 07:07:00,2,2.89,On Time,Traffic
1085912198,45229,2023-03-21 23:05:00,2023-03-21 23:00:00,-5,3.36,On Time,
3423328091,87845,2023-09-24 21:54:00,2023-09-24 21:52:00,-2,3.65,On Time,
9848366909,73787,2023-11-06 02:58:00,2023-11-06 03:07:00,9,1.33,Slightly Delayed,Traffic
936021770,2107,2024-02-02 05:12:00,2024-02-02 05:15:00,3,0.98,On Time,Traffic
8916215165,3089,2023-08-08 02:45:00,2023-08-08 02:44:00,-1,0.56,On Time,
389558867,23492,2023-09-12 00:23:00,2023-09-12 00:24:00,1,2.8,On Time,Traffic
7616883530,75823,2023-09-05 02:03:00,2023-09-05 02:03:00,0,1.61,On Time,
3851744248,82050,2023-04-30 08:37:00,2023-04-30 08:42:00,5,1.07,On Time,Traffic
4953665655,95729,2024-01-16 22:36:00,2024-01-16 23:01:00,25,1.54,Significantly Delayed,Traffic
962864152,58963,2024-07-19 06:55:00,2024-07-19 06:50:00,-5,3.81,On Time,
923668833,48623,2023-05-12 22:26:00,2023-05-12 22:25:00,-1,3.21,On Time,
4022122330,76472,2023-12-04 19:42:00,2023-12-04 19:57:00,15,3.26,Slightly Delayed,Traffic
4564846800,41373,2023-08-10 01:12:00,2023-08-10 01:26:00,14,3.51,Slightly Delayed,Traffic
690652905,24116,2024-04-24 17:24:00,2024-04-24 17:25:00,1,1.86,On Time,Traffic
716741661,24941,2024-10-15 06:44:00,2024-10-15 06:46:00,2,1.69,On Time,Traffic
6575532281,43140,2024-03-25 01:15:00,2024-03-25 01:39:00,24,2.84,Significantly Delayed,Traffic
7486807731,58099,2023-12-13 13:40:00,2023-12-13 13:58:00,18,3.87,Significantly Delayed,Traffic
9721870982,12717,2023-11-12 10:24:00,2023-11-12 10:20:00,-4,3.31,On Time,
8105823343,10154,2023-10-15 09:10:00,2023-10-15 09:28:00,18,4.74,Significantly Delayed,Traffic
7113554979,60033,2023-11-27 04:21:00,2023-11-27 04:22:00,1,2.81,On Time,Traffic
507373134,79937,2024-10-23 15:07:00,2024-10-23 15:21:00,14,1.25,Slightly Delayed,Traffic
4674132573,44189,2024-10-21 20:27:00,2024-10-21 20:51:00,24,4.18,Significantly Delayed,Traffic
487395969,10746,2023-12-13 17:45:00,2023-12-13 17:43:00,-2,1.18,On Time,
3962007460,87494,2024-07-31 07:47:00,2024-07-31 08:06:00,19,4.39,Significantly Delayed,Traffic
2272882287,92563,2024-07-12 23:21:00,2024-07-12 23:30:00,9,2.72,Slightly Delayed,Traffic
4426246696,97040,2023-11-22 22:51:00,2023-11-22 22:56:00,5,3.28,On Time,Traffic
1714709914,39465,2024-09-10 12:54:00,2024-09-10 12:54:00,0,3.16,On Time,
3159133564,3774,2023-08-05 08:56:00,2023-08-05 09:01:00,5,2.57,On Time,Traffic
4531739740,2730,2024-06-24 04:28:00,2024-06-24 04:27:00,-1,0.75,On Time,
3158981349,64734,2023-10-25 09:02:00,2023-10-25 08:58:00,-4,0.81,On Time,
1789010378,62408,2023-07-28 05:27:00,2023-07-28 05:23:00,-4,4.45,On Time,
705203916,51498,2024-08-04 21:07:00,2024-08-04 21:17:00,10,3.18,Slightly Delayed,Traffic
7255510932,75343,2024-08-06 11:40:00,2024-08-06 11:43:00,3,1.88,On Time,Traffic
1991167685,97004,2024-03-02 13:42:00,2024-03-02 13:42:00,0,3.0,On Time,
5103721089,48344,2023-08-21 00:44:00,2023-08-21 00:51:00,7,3.14,Slightly Delayed,Traffic
9674006557,74578,2023-05-02 13:24:00,2023-05-02 13:20:00,-4,0.79,On Time,
1073466441,46168,2023-05-30 09:23:00,2023-05-30 09:34:00,11,4.0,Slightly Delayed,Traffic
5407006470,72572,2024-05-24 15:08:00,2024-05-24 15:12:00,4,2.14,On Time,Traffic
747347782,88192,2023-04-25 06:56:00,2023-04-25 06:58:00,2,1.68,On Time,Traffic
8554063149,61925,2024-06-09 04:37:00,2024-06-09 04:53:00,16,1.63,Significantly Delayed,Traffic
4855215470,41692,2024-03-31 08:03:00,2024-03-31 08:02:00,-1,2.99,On Time,
5008998072,68214,2024-01-05 09:30:00,2024-01-05 09:26:00,-4,4.78,On Time,
9696466906,22128,2024-05-01 21:46:00,2024-05-01 21:51:00,5,2.71,On Time,Traffic
7189534591,89782,2023-08-18 15:27:00,2023-08-18 15:23:00,-4,4.46,On Time,
9965941354,10750,2023-11-13 20:13:00,2023-11-13 20:29:00,16,4.93,Significantly Delayed,Traffic
1275232752,80057,2023-08-24 07:46:00,2023-08-24 07:50:00,4,0.93,On Time,Traffic
343479370,63936,2024-05-03 12:55:00,2024-05-03 12:59:00,4,4.96,On Time,Traffic
2485933387,91595,2024-07-10 17:45:00,2024-07-10 17:46:00,1,4.21,On Time,Traffic
6735843326,42373,2024-10-24 05:53:00,2024-10-24 06:00:00,7,3.25,Slightly Delayed,Traffic
6384313098,33058,2023-12-07 02:43:00,2023-12-07 02:51:00,8,3.43,Slightly Delayed,Traffic
1022032613,20565,2023-12-10 08:35:00,2023-12-10 08:34:00,-1,3.86,On Time,
8026892264,34461,2023-09-24 14:25:00,2023-09-24 14:29:00,4,2.11,On Time,Traffic
7158825499,32726,2024-04-14 21:47:00,2024-04-14 21:47:00,0,2.49,On Time,
5327013494,99300,2024-04-18 08:29:00,2024-04-18 08:37:00,8,2.61,Slightly Delayed,Traffic
1002526452,56579,2023-07-31 23:29:00,2023-07-31 23:33:00,4,0.68,On Time,Traffic
4650525854,17326,2024-01-17 11:12:00,2024-01-17 11:39:00,27,3.32,Significantly Delayed,Traffic
6260291784,11624,2024-07-08 19:40:00,2024-07-08 19:44:00,4,4.54,On Time,Traffic
1884314278,32462,2023-09-15 23:57:00,2023-09-16 00:01:00,4,1.27,On Time,Traffic
7074219396,80741,2024-05-04 13:28:00,2024-05-04 13:39:00,11,3.56,Slightly Delayed,Traffic
807183459,23145,2023-09-05 12:12:00,2023-09-05 12:18:00,6,1.27,Slightly Delayed,Traffic
598539940,71176,2023-07-28 17:45:00,2023-07-28 17:41:00,-4,3.24,On Time,
427702490,82652,2024-01-20 21:44:00,2024-01-20 21:43:00,-1,1.08,On Time,
955844536,35124,2023-03-29 12:19:00,2023-03-29 12:22:00,3,2.61,On Time,Traffic
5397640599,61581,2024-05-24 20:13:00,2024-05-24 20:16:00,3,1.21,On Time,Traffic
3451246886,17814,2024-05-22 09:42:00,2024-05-22 09:38:00,-4,0.75,On Time,
8487733248,39978,2023-04-26 12:50:00,2023-04-26 13:19:00,29,1.34,Significantly Delayed,Traffic
2921621434,58563,2023-08-17 21:10:00,2023-08-17 21:15:00,5,1.47,On Time,Traffic
4757133884,38740,2024-08-03 14:11:00,2024-08-03 14:15:00,4,2.19,On Time,Traffic
1793847102,63715,2024-09-09 02:12:00,2024-09-09 02:10:00,-2,2.63,On Time,
6197760573,34868,2023-03-27 08:06:00,2023-03-27 08:04:00,-2,3.59,On Time,
6818660907,81901,2024-07-10 08:15:00,2024-07-10 08:11:00,-4,0.98,On Time,
7807587130,4160,2023-12-11 13:34:00,2023-12-11 13:32:00,-2,2.3,On Time,
4540563647,17669,2023-05-14 22:19:00,2023-05-14 22:22:00,3,0.88,On Time,Traffic
2480913332,86820,2023-10-16 13:30:00,2023-10-16 14:00:00,30,4.13,Significantly Delayed,Traffic
5735481292,75148,2024-06-18 00:00:00,2024-06-18 00:17:00,17,2.09,Significantly Delayed,Traffic
7112326373,63548,2023-05-13 11:34:00,2023-05-13 11:30:00,-4,3.01,On Time,
614274161,22704,2023-09-27 09:22:00,2023-09-27 09:25:00,3,2.57,On Time,Traffic
5512258335,10688,2024-03-23 00:30:00,2024-03-23 00:30:00,0,3.82,On Time,
1214757247,57089,2023-09-06 18:01:00,2023-09-06 17:58:00,-3,4.08,On Time,
4211686231,18758,2023-06-09 05:10:00,2023-06-09 05:08:00,-2,1.43,On Time,
5288088590,37879,2023-12-22 08:16:00,2023-12-22 08:17:00,1,2.73,On Time,Traffic
1193525681,91249,2024-09-17 00:28:00,2024-09-17 00:29:00,1,1.02,On Time,Traffic
5132095929,96312,2024-06-29 21:21:00,2024-06-29 21:30:00,9,4.42,Slightly Delayed,Traffic
7703144556,67233,2023-12-21 06:07:00,2023-12-21 06:28:00,21,3.12,Significantly Delayed,Traffic
6786199145,82010,2024-09-04 08:17:00,2024-09-04 08:13:00,-4,1.32,On Time,
2463627380,20216,2024-08-03 01:15:00,2024-08-03 01:15:00,0,2.08,On Time,
6331115638,69994,2023-07-15 22:18:00,2023-07-15 22:13:00,-5,2.75,On Time,
9212312136,33363,2023-12-06 02:44:00,2023-12-06 02:56:00,12,2.94,Slightly Delayed,Traffic
6788500162,97174,2024-07-10 01:42:00,2024-07-10 01:55:00,13,3.47,Slightly Delayed,Traffic
2166421384,52405,2024-05-18 15:55:00,2024-05-18 16:03:00,8,4.4,Slightly Delayed,Traffic
2744509800,21797,2023-08-31 10:21:00,2023-08-31 10:22:00,1,0.78,On Time,Traffic
8806260669,37678,2023-10-17 13:19:00,2023-10-17 13:46:00,27,1.2,Significantly Delayed,Traffic
7773287963,19710,2023-03-22 02:29:00,2023-03-22 02:34:00,5,2.86,On Time,Traffic
8153845667,62899,2024-08-09 08:58:00,2024-08-09 08:55:00,-3,1.03,On Time,
8345887091,52252,2024-10-13 15:40:00,2024-10-13 15:44:00,4,2.54,On Time,Traffic
6638429050,61637,2024-09-18 07:48:00,2024-09-18 07:52:00,4,2.71,On Time,Traffic
4132900691,91813,2024-09-11 01:04:00,2024-09-11 01:11:00,7,1.32,Slightly Delayed,Traffic
2119346062,62669,2023-07-03 12:58:00,2023-07-03 12:54:00,-4,4.14,On Time,
689310626,42464,2024-10-01 13:23:00,2024-10-01 13:37:00,14,2.08,Slightly Delayed,Traffic
9246993674,40297,2023-11-10 03:53:00,2023-11-10 04:06:00,13,2.21,Slightly Delayed,Traffic
2282234185,5912,2024-07-14 05:55:00,2024-07-14 05:52:00,-3,3.74,On Time,
9697170386,88029,2024-10-07 10:42:00,2024-10-07 10:37:00,-5,1.72,On Time,
6376147802,83140,2024-07-16 21:37:00,2024-07-16 21:51:00,14,4.03,Slightly Delayed,Traffic
7415158732,7676,2024-01-05 20:15:00,2024-01-05 20:32:00,17,1.24,Significantly Delayed,Traffic
343300311,90807,2024-08-04 01:37:00,2024-08-04 01:43:00,6,1.36,Slightly Delayed,Traffic
3922539531,92783,2024-09-24 15:54:00,2024-09-24 15:54:00,0,4.28,On Time,
7634516705,57257,2023-10-15 14:56:00,2023-10-15 15:01:00,5,2.98,On Time,Traffic
8731122718,86271,2023-04-23 05:56:00,2023-04-23 06:09:00,13,2.48,Slightly Delayed,Traffic
9471236505,81145,2024-10-05 11:12:00,2024-10-05 11:35:00,23,2.33,Significantly Delayed,Traffic
9497014025,52244,2024-11-03 05:01:00,2024-11-03 05:14:00,13,3.85,Slightly Delayed,Traffic
592358946,90258,2024-08-22 02:14:00,2024-08-22 02:17:00,3,1.19,On Time,Traffic
9680783354,42017,2023-04-09 02:11:00,2023-04-09 02:11:00,0,4.59,On Time,
6109792602,97828,2023-09-13 02:16:00,2023-09-13 02:19:00,3,4.67,On Time,Traffic
2734817654,46050,2023-04-12 09:51:00,2023-04-12 09:48:00,-3,4.64,On Time,
6380542008,77591,2023-06-08 17:49:00,2023-06-08 17:48:00,-1,0.77,On Time,
4784760589,86412,2024-03-21 04:17:00,2024-03-21 04:14:00,-3,1.71,On Time,
1577703194,52523,2024-04-28 02:48:00,2024-04-28 02:46:00,-2,1.23,On Time,
6758737749,51417,2023-10-26 02:05:00,2023-10-26 02:08:00,3,1.95,On Time,Traffic
4081640450,87928,2024-03-16 17:16:00,2024-03-16 17:20:00,4,1.33,On Time,Traffic
9258266990,96885,2024-03-31 08:05:00,2024-03-31 08:05:00,0,1.45,On Time,
2109410707,13085,2024-08-07 20:27:00,2024-08-07 20:27:00,0,2.08,On Time,
576022547,66178,2024-04-07 06:09:00,2024-04-07 06:05:00,-4,1.09,On Time,
2106943908,33162,2024-01-28 17:03:00,2024-01-28 17:00:00,-3,0.78,On Time,
6541281594,45396,2023-11-18 10:43:00,2023-11-18 10:53:00,10,1.75,Slightly Delayed,Traffic
2664220988,78144,2023-05-05 20:38:00,2023-05-05 20:39:00,1,3.01,On Time,Traffic
493514666,5754,2023-11-20 23:17:00,2023-11-20 23:23:00,6,2.94,Slightly Delayed,Traffic
9658669384,38162,2023-09-06 21:41:00,2023-09-06 21:37:00,-4,2.18,On Time,
8765283513,3995,2024-02-23 20:18:00,2024-02-23 20:42:00,24,1.96,Significantly Delayed,Traffic
6421427812,72973,2023-10-05 01:33:00,2023-10-05 01:36:00,3,2.27,On Time,Traffic
4467093205,61809,2023-10-24 12:49:00,2023-10-24 12:50:00,1,3.55,On Time,Traffic
7560862152,91464,2023-04-15 09:05:00,2023-04-15 09:07:00,2,4.12,On Time,Traffic
8218080678,47082,2024-05-04 19:10:00,2024-05-04 19:40:00,30,3.39,Significantly Delayed,Traffic
8196173573,50964,2024-07-17 18:36:00,2024-07-17 18:53:00,17,4.9,Significantly Delayed,Traffic
1174856327,32165,2024-06-16 21:39:00,2024-06-16 21:49:00,10,2.72,Slightly Delayed,Traffic
9754365788,65577,2023-12-02 21:45:00,2023-12-02 21:49:00,4,2.02,On Time,Traffic
8398774908,61857,2024-02-26 19:54:00,2024-02-26 19:58:00,4,2.08,On Time,Traffic
626433439,35365,2024-02-17 23:47:00,2024-02-17 23:45:00,-2,2.41,On Time,
3097299525,3839,2023-10-12 15:41:00,2023-10-12 15:42:00,1,2.93,On Time,Traffic
5367488413,40803,2023-12-12 05:08:00,2023-12-12 05:09:00,1,2.75,On Time,Traffic
3700795655,72145,2023-06-10 18:47:00,2023-06-10 18:46:00,-1,4.27,On Time,
3161904185,8553,2024-01-13 14:36:00,2024-01-13 14:37:00,1,3.18,On Time,Traffic
8149944548,18686,2024-07-24 23:24:00,2024-07-24 23:29:00,5,0.86,On Time,Traffic
4961830447,18510,2024-09-06 01:50:00,2024-09-06 01:55:00,5,4.91,On Time,Traffic
613578154,76149,2024-08-03 05:02:00,2024-08-03 05:15:00,13,1.45,Slightly Delayed,Traffic
2582466700,73868,2024-09-10 16:25:00,2024-09-10 16:32:00,7,1.43,Slightly Delayed,Traffic
3840910839,90827,2023-09-10 20:11:00,2023-09-10 20:24:00,13,0.84,Slightly Delayed,Traffic
399559401,54586,2023-11-01 19:35:00,2023-11-01 20:02:00,27,1.28,Significantly Delayed,Traffic
4037817241,21197,2023-12-19 14:00:00,2023-12-19 14:09:00,9,0.67,Slightly Delayed,Traffic
582598096,7481,2023-10-27 23:25:00,2023-10-27 23:26:00,1,1.81,On Time,Traffic
9218060399,64460,2024-10-25 08:46:00,2024-10-25 08:45:00,-1,2.45,On Time,
6650174202,54603,2023-07-10 03:41:00,2023-07-10 03:38:00,-3,3.13,On Time,
2715902884,79144,2024-08-27 03:46:00,2024-08-27 03:41:00,-5,4.67,On Time,
7957986242,27358,2023-12-10 10:58:00,2023-12-10 10:59:00,1,1.85,On Time,Traffic
7148568995,72059,2023-04-06 07:55:00,2023-04-06 08:15:00,20,2.26,Significantly Delayed,Traffic
670358911,46172,2023-12-21 10:20:00,2023-12-21 10:16:00,-4,4.97,On Time,
6098277214,79553,2023-03-22 13:53:00,2023-03-22 13:51:00,-2,2.7,On Time,
4621664126,26442,2024-07-17 12:25:00,2024-07-17 12:37:00,12,1.77,Slightly Delayed,Traffic
6336460663,67600,2023-08-28 07:00:00,2023-08-28 07:10:00,10,1.81,Slightly Delayed,Traffic
909027635,26723,2023-06-24 20:53:00,2023-06-24 21:12:00,19,1.0,Significantly Delayed,Traffic
2854202683,32711,2023-10-18 18:19:00,2023-10-18 18:27:00,8,1.33,Slightly Delayed,Traffic
7936387697,66425,2023-03-29 00:44:00,2023-03-29 00:46:00,2,4.8,On Time,Traffic
8337736091,43777,2024-04-04 00:52:00,2024-04-04 00:56:00,4,1.67,On Time,Traffic
4404350734,84786,2024-01-16 17:03:00,2024-01-16 17:27:00,24,2.04,Significantly Delayed,Traffic
6565246127,95850,2024-05-18 16:17:00,2024-05-18 16:14:00,-3,3.42,On Time,
3494650073,39392,2024-03-03 22:21:00,2024-03-03 22:20:00,-1,3.6,On Time,
1920923798,52231,2024-05-01 07:58:00,2024-05-01 07:53:00,-5,1.59,On Time,
5069524975,36149,2024-07-24 01:31:00,2024-07-24 01:36:00,5,3.11,On Time,Traffic
3873368520,38324,2023-10-04 08:34:00,2023-10-04 08:32:00,-2,3.89,On Time,
3111414152,60058,2024-08-01 07:29:00,2024-08-01 07:27:00,-2,1.11,On Time,
7104489974,69094,2023-06-28 22:12:00,2023-06-28 22:10:00,-2,2.74,On Time,
3211566084,63791,2024-02-24 14:21:00,2024-02-24 14:18:00,-3,4.68,On Time,
2416717644,50707,2023-09-12 18:41:00,2023-09-12 18:47:00,6,0.62,Slightly Delayed,Traffic
4535670244,93707,2024-05-17 08:20:00,2024-05-17 08:15:00,-5,3.4,On Time,
7309958460,96501,2024-01-20 03:08:00,2024-01-20 03:22:00,14,2.26,Slightly Delayed,Traffic
9996182478,48495,2023-04-18 13:30:00,2023-04-18 13:30:00,0,2.97,On Time,
2231942521,62672,2023-12-24 02:43:00,2023-12-24 03:09:00,26,3.8,Significantly Delayed,Traffic
554028972,2944,2023-09-26 08:00:00,2023-09-26 08:04:00,4,1.92,On Time,Traffic
8756001290,69588,2023-05-06 17:54:00,2023-05-06 17:49:00,-5,2.89,On Time,
8047899303,48899,2023-09-28 02:00:00,2023-09-28 02:00:00,0,0.93,On Time,
9720683332,95640,2024-06-23 20:36:00,2024-06-23 20:33:00,-3,3.3,On Time,
218670241,92976,2023-06-07 03:38:00,2023-06-07 03:54:00,16,2.41,Significantly Delayed,Traffic
1382880255,88383,2024-08-11 13:43:00,2024-08-11 13:48:00,5,1.55,On Time,Traffic
332975964,69991,2023-09-21 01:52:00,2023-09-21 02:11:00,19,1.97,Significantly Delayed,Traffic
2638683222,3648,2024-10-30 05:38:00,2024-10-30 05:43:00,5,2.25,On Time,Traffic
9150146711,30271,2024-04-29 18:35:00,2024-04-29 18:40:00,5,3.51,On Time,Traffic
1553626879,72392,2024-10-26 14:49:00,2024-10-26 14:54:00,5,3.17,On Time,Traffic
9271384187,70464,2023-11-28 03:42:00,2023-11-28 03:47:00,5,0.94,On Time,Traffic
1409544327,69320,2024-07-13 16:34:00,2024-07-13 16:39:00,5,1.17,On Time,Traffic
637100019,76292,2023-10-23 18:34:00,2023-10-23 18:36:00,2,3.09,On Time,Traffic
186083059,1807,2024-07-01 20:32:00,2024-07-01 20:36:00,4,0.69,On Time,Traffic
1804073530,59672,2024-06-19 17:43:00,2024-06-19 17:41:00,-2,1.8,On Time,
5291430311,95600,2023-10-19 19:14:00,2023-10-19 19:41:00,27,4.04,Significantly Delayed,Traffic
6947225582,86451,2024-04-03 08:58:00,2024-04-03 08:55:00,-3,3.75,On Time,
5710643134,8691,2023-04-16 17:16:00,2023-04-16 17:44:00,28,1.71,Significantly Delayed,Traffic
8329733630,11186,2024-03-04 04:04:00,2024-03-04 04:11:00,7,1.17,Slightly Delayed,Traffic
6772651293,56773,2023-12-15 18:50:00,2023-12-15 18:51:00,1,0.79,On Time,Traffic
581212790,48586,2024-06-29 09:03:00,2024-06-29 09:11:00,8,1.5,Slightly Delayed,Traffic
4766571706,97889,2023-05-05 18:00:00,2023-05-05 18:11:00,11,4.87,Slightly Delayed,Traffic
9961298199,21653,2023-11-27 06:33:00,2023-11-27 06:29:00,-4,3.91,On Time,
8102675591,88871,2024-02-03 23:00:00,2024-02-03 23:13:00,13,2.96,Slightly Delayed,Traffic
604050223,19260,2024-04-18 08:23:00,2024-04-18 08:22:00,-1,3.69,On Time,
782327552,96347,2023-07-07 20:10:00,2023-07-07 20:12:00,2,4.95,On Time,Traffic
6156638188,69037,2023-03-17 05:15:00,2023-03-17 05:22:00,7,1.47,Slightly Delayed,Traffic
6475299855,18820,2023-10-13 22:19:00,2023-10-13 22:24:00,5,3.43,On Time,Traffic
689110145,22197,2023-05-03 06:56:00,2023-05-03 07:17:00,21,1.81,Significantly Delayed,Traffic
2785467351,17432,2024-05-12 13:36:00,2024-05-12 13:51:00,15,1.46,Slightly Delayed,Traffic
7188270379,55032,2024-04-15 06:30:00,2024-04-15 06:36:00,6,1.56,Slightly Delayed,Traffic
9209192342,23219,2024-03-05 07:06:00,2024-03-05 07:16:00,10,3.05,Slightly Delayed,Traffic
3193016310,11489,2023-12-02 05:29:00,2023-12-02 05:50:00,21,1.65,Significantly Delayed,Traffic
9743228131,82266,2024-07-09 08:58:00,2024-07-09 08:59:00,1,1.98,On Time,Traffic
4417542973,38726,2024-08-23 12:11:00,2024-08-23 12:11:00,0,2.35,On Time,
3065857200,21536,2024-06-26 02:54:00,2024-06-26 02:57:00,3,3.64,On Time,Traffic
6994732191,25109,2023-07-24 11:37:00,2023-07-24 11:47:00,10,3.02,Slightly Delayed,Traffic
7663189769,50493,2023-08-01 12:55:00,2023-08-01 13:18:00,23,1.4,Significantly Delayed,Traffic
5012619147,9915,2023-05-03 10:21:00,2023-05-03 10:50:00,29,1.55,Significantly Delayed,Traffic
7456088789,72015,2023-04-09 00:16:00,2023-04-09 00:21:00,5,2.87,On Time,Traffic
3270559373,81866,2023-03-19 13:45:00,2023-03-19 13:51:00,6,1.43,Slightly Delayed,Traffic
4703798183,75874,2023-12-23 07:05:00,2023-12-23 07:15:00,10,0.96,Slightly Delayed,Traffic
3968840556,31983,2024-09-09 22:22:00,2024-09-09 22:27:00,5,4.67,On Time,Traffic
2331647373,34574,2023-08-11 06:41:00,2023-08-11 06:46:00,5,1.58,On Time,Traffic
6683347454,86987,2023-05-25 15:38:00,2023-05-25 15:48:00,10,4.09,Slightly Delayed,Traffic
5710259220,87697,2023-04-15 15:46:00,2023-04-15 15:50:00,4,1.2,On Time,Traffic
9871546057,951,2024-05-12 03:54:00,2024-05-12 03:50:00,-4,4.12,On Time,
5459704311,54075,2023-12-01 10:50:00,2023-12-01 10:53:00,3,1.83,On Time,Traffic
3426702134,4336,2024-08-23 09:12:00,2024-08-23 09:22:00,10,3.18,Slightly Delayed,Traffic
7671357353,73213,2024-02-18 16:52:00,2024-02-18 16:49:00,-3,2.85,On Time,
9656230693,63639,2023-04-16 08:35:00,2023-04-16 08:47:00,12,1.51,Slightly Delayed,Traffic
3315369956,34924,2023-04-21 08:02:00,2023-04-21 08:09:00,7,4.85,Slightly Delayed,Traffic
1762287720,15003,2024-08-30 07:27:00,2024-08-30 07:28:00,1,3.28,On Time,Traffic
4816206081,12801,2023-05-12 14:27:00,2023-05-12 14:32:00,5,3.41,On Time,Traffic
2808133351,70241,2023-12-03 11:27:00,2023-12-03 11:27:00,0,4.26,On Time,
3444569396,74223,2024-09-25 19:31:00,2024-09-25 19:27:00,-4,1.28,On Time,
9704671447,83778,2023-12-05 22:56:00,2023-12-05 22:57:00,1,1.25,On Time,Traffic
6454001692,28635,2023-09-09 17:30:00,2023-09-09 17:42:00,12,1.8,Slightly Delayed,Traffic
2624508626,32652,2024-02-28 00:27:00,2024-02-28 00:24:00,-3,3.0,On Time,
932273820,48216,2024-05-06 02:16:00,2024-05-06 02:21:00,5,4.92,On Time,Traffic
7908614088,80984,2023-05-14 16:02:00,2023-05-14 16:16:00,14,2.89,Slightly Delayed,Traffic
9730765358,93026,2023-08-20 21:58:00,2023-08-20 21:57:00,-1,0.52,On Time,
4748284156,77950,2023-09-18 20:27:00,2023-09-18 20:25:00,-2,2.88,On Time,
1829286278,39836,2023-09-27 17:32:00,2023-09-27 17:34:00,2,1.89,On Time,Traffic
3180415318,34284,2024-07-07 05:16:00,2024-07-07 05:43:00,27,4.65,Significantly Delayed,Traffic
1008158736,26508,2024-06-10 15:14:00,2024-06-10 15:23:00,9,3.48,Slightly Delayed,Traffic
5092816701,43823,2024-06-03 19:22:00,2024-06-03 19:52:00,30,3.66,Significantly Delayed,Traffic
4339850858,53728,2023-10-25 22:34:00,2023-10-25 22:50:00,16,2.16,Significantly Delayed,Traffic
1564040362,80698,2023-08-01 12:08:00,2023-08-01 12:05:00,-3,1.46,On Time,
4856827800,4610,2024-08-20 03:33:00,2024-08-20 03:30:00,-3,4.24,On Time,
2465711187,94564,2023-03-30 11:08:00,2023-03-30 11:03:00,-5,3.36,On Time,
7741314063,35348,2024-09-13 19:34:00,2024-09-13 19:36:00,2,1.53,On Time,Traffic
6973696848,32179,2023-04-23 16:07:00,2023-04-23 16:16:00,9,4.18,Slightly Delayed,Traffic
443178123,38965,2024-08-29 01:09:00,2024-08-29 01:15:00,6,2.37,Slightly Delayed,Traffic
2155491764,72093,2024-08-29 01:31:00,2024-08-29 01:26:00,-5,0.85,On Time,
282887897,79472,2023-09-19 23:36:00,2023-09-19 23:32:00,-4,4.01,On Time,
1014190951,80162,2023-04-25 16:19:00,2023-04-25 16:14:00,-5,1.47,On Time,
4632027192,6632,2024-07-09 02:59:00,2024-07-09 02:58:00,-1,1.36,On Time,
9196809062,2987,2024-05-19 03:16:00,2024-05-19 03:31:00,15,3.59,Slightly Delayed,Traffic
3802671506,38523,2023-07-30 08:04:00,2023-07-30 08:04:00,0,4.5,On Time,
931138604,69770,2023-08-24 16:28:00,2023-08-24 16:24:00,-4,2.66,On Time,
6507222211,20296,2024-01-15 07:14:00,2024-01-15 07:25:00,11,2.42,Slightly Delayed,Traffic
9091185978,28584,2023-07-22 09:08:00,2023-07-22 09:08:00,0,2.2,On Time,
6314310505,98855,2024-02-16 04:46:00,2024-02-16 04:47:00,1,1.39,On Time,Traffic
2711467206,63249,2023-04-07 01:03:00,2023-04-07 00:58:00,-5,1.81,On Time,
1359318731,34201,2024-08-27 22:52:00,2024-08-27 22:47:00,-5,3.4,On Time,
4521042050,40126,2024-04-25 08:14:00,2024-04-25 08:17:00,3,0.6,On Time,Traffic
1317016672,11412,2024-09-21 00:03:00,2024-09-21 00:07:00,4,1.51,On Time,Traffic
7624598493,36089,2024-04-18 07:02:00,2024-04-18 07:09:00,7,0.6,Slightly Delayed,Traffic
1753431230,42674,2024-03-24 13:56:00,2024-03-24 13:51:00,-5,1.3,On Time,
8650539199,73657,2023-12-04 05:25:00,2023-12-04 05:37:00,12,3.16,Slightly Delayed,Traffic
3276478503,41400,2024-04-03 14:39:00,2024-04-03 14:36:00,-3,2.75,On Time,
5080943123,27168,2023-09-21 14:01:00,2023-09-21 14:22:00,21,0.6,Significantly Delayed,Traffic
6158083683,76731,2024-03-08 17:37:00,2024-03-08 17:42:00,5,0.51,On Time,Traffic
9228072842,20581,2023-07-25 06:21:00,2023-07-25 06:26:00,5,4.76,On Time,Traffic
4028432722,66007,2024-05-21 18:01:00,2024-05-21 18:06:00,5,1.91,On Time,Traffic
3679730192,55300,2023-07-05 14:40:00,2023-07-05 14:35:00,-5,1.93,On Time,
71793937,63892,2024-04-21 00:02:00,2024-04-21 00:00:00,-2,4.33,On Time,
47467466,60202,2023-09-05 17:04:00,2023-09-05 17:02:00,-2,3.41,On Time,
4538136436,80929,2023-05-23 03:40:00,2023-05-23 03:45:00,5,2.61,On Time,Traffic
8750169461,88001,2024-09-07 06:54:00,2024-09-07 06:55:00,1,2.69,On Time,Traffic
9371021811,82734,2024-10-24 11:57:00,2024-10-24 11:55:00,-2,4.52,On Time,
679274212,12916,2024-10-19 19:26:00,2024-10-19 19:21:00,-5,0.52,On Time,
6601671674,5103,2023-07-09 06:35:00,2023-07-09 06:48:00,13,4.33,Slightly Delayed,Traffic
2708441500,11379,2024-01-12 21:21:00,2024-01-12 21:17:00,-4,3.47,On Time,
9548480220,11612,2023-09-08 12:30:00,2023-09-08 12:33:00,3,4.19,On Time,Traffic
5440864021,56201,2023-09-15 07:52:00,2023-09-15 07:51:00,-1,3.98,On Time,
5705224767,50670,2023-06-02 17:52:00,2023-06-02 17:48:00,-4,4.49,On Time,
9945458771,10844,2024-08-27 15:16:00,2024-08-27 15:26:00,10,4.17,Slightly Delayed,Traffic
336832815,23603,2023-12-09 04:27:00,2023-12-09 04:38:00,11,0.86,Slightly Delayed,Traffic
9543126726,42216,2024-05-01 12:22:00,2024-05-01 12:34:00,12,2.35,Slightly Delayed,Traffic
5134666123,72594,2024-05-02 13:48:00,2024-05-02 13:49:00,1,3.83,On Time,Traffic
5663657880,79020,2024-05-06 11:35:00,2024-05-06 11:59:00,24,0.55,Significantly Delayed,Traffic
5352647396,6854,2023-10-11 21:02:00,2023-10-11 21:00:00,-2,2.2,On Time,
7995172779,62870,2023-06-15 14:02:00,2023-06-15 14:15:00,13,3.36,Slightly Delayed,Traffic
605779703,68537,2024-03-07 23:19:00,2024-03-07 23:16:00,-3,4.55,On Time,
685688121,32044,2023-10-27 01:17:00,2023-10-27 01:34:00,17,3.89,Significantly Delayed,Traffic
5966726971,51902,2023-09-06 18:16:00,2023-09-06 18:21:00,5,0.96,On Time,Traffic
6763510083,95417,2023-06-07 10:41:00,2023-06-07 10:36:00,-5,2.49,On Time,
6735813139,58945,2023-04-04 01:25:00,2023-04-04 01:21:00,-4,3.18,On Time,
8361205778,55780,2023-06-20 08:52:00,2023-06-20 08:50:00,-2,2.81,On Time,
3640952655,15926,2023-06-01 16:48:00,2023-06-01 17:02:00,14,1.05,Slightly Delayed,Traffic
6395279829,18102,2023-10-26 05:09:00,2023-10-26 05:08:00,-1,2.65,On Time,
339410846,93237,2023-05-06 15:50:00,2023-05-06 15:45:00,-5,3.55,On Time,
8924056486,20522,2024-04-08 00:59:00,2024-04-08 01:24:00,25,1.23,Significantly Delayed,Traffic
6616322616,53617,2023-12-03 11:05:00,2023-12-03 11:09:00,4,3.33,On Time,Traffic
4178578583,76083,2024-09-29 05:39:00,2024-09-29 05:39:00,0,1.37,On Time,
7558107764,2704,2024-03-13 22:16:00,2024-03-13 22:14:00,-2,3.73,On Time,
7894708851,97823,2024-04-12 01:49:00,2024-04-12 01:47:00,-2,1.18,On Time,
1916638346,35010,2023-06-28 17:40:00,2023-06-28 17:52:00,12,1.96,Slightly Delayed,Traffic
4973943462,40489,2024-10-29 18:36:00,2024-10-29 18:56:00,20,1.7,Significantly Delayed,Traffic
6567129123,43806,2023-09-09 12:54:00,2023-09-09 12:59:00,5,4.66,On Time,Traffic
8702642032,48604,2023-08-22 20:31:00,2023-08-22 20:34:00,3,4.57,On Time,Traffic
7857954356,79173,2024-01-20 19:08:00,2024-01-20 19:04:00,-4,1.51,On Time,
5376218500,38067,2023-11-16 16:00:00,2023-11-16 16:09:00,9,3.84,Slightly Delayed,Traffic
3452449295,48310,2023-10-09 06:54:00,2023-10-09 06:55:00,1,3.74,On Time,Traffic
1694826296,15133,2023-05-09 19:49:00,2023-05-09 19:47:00,-2,1.67,On Time,
9449954611,64018,2023-08-12 07:34:00,2023-08-12 07:41:00,7,3.51,Slightly Delayed,Traffic
7722059222,59534,2023-11-16 23:21:00,2023-11-16 23:36:00,15,3.4,Slightly Delayed,Traffic
2871448124,59357,2024-05-28 06:00:00,2024-05-28 06:04:00,4,1.16,On Time,Traffic
4158839033,26464,2024-09-22 12:29:00,2024-09-22 12:30:00,1,2.28,On Time,Traffic
9936118648,91322,2024-03-04 18:58:00,2024-03-04 19:07:00,9,1.69,Slightly Delayed,Traffic
6804747901,71158,2024-01-31 03:01:00,2024-01-31 03:04:00,3,1.43,On Time,Traffic
7579444448,96702,2024-06-06 16:20:00,2024-06-06 16:22:00,2,1.09,On Time,Traffic
4379043082,29561,2023-05-12 04:45:00,2023-05-12 04:45:00,0,4.05,On Time,
4212894712,52325,2024-06-09 15:04:00,2024-06-09 15:06:00,2,2.25,On Time,Traffic
7962511808,33403,2024-02-11 10:32:00,2024-02-11 10:35:00,3,2.74,On Time,Traffic
6478815087,73936,2024-07-18 08:13:00,2024-07-18 08:10:00,-3,4.68,On Time,
6239166986,89070,2024-05-23 06:41:00,2024-05-23 06:49:00,8,4.44,Slightly Delayed,Traffic
9894863460,10817,2023-03-25 08:51:00,2023-03-25 08:48:00,-3,1.31,On Time,
2982638677,30985,2024-01-13 17:36:00,2024-01-13 17:34:00,-2,2.75,On Time,
3284797515,76320,2024-09-10 04:07:00,2024-09-10 04:20:00,13,1.32,Slightly Delayed,Traffic
8895501673,50064,2023-07-11 17:19:00,2023-07-11 17:20:00,1,0.95,On Time,Traffic
914992221,77449,2023-07-27 04:37:00,2023-07-27 04:41:00,4,2.53,On Time,Traffic
2067729457,15319,2023-09-23 01:48:00,2023-09-23 01:47:00,-1,4.67,On Time,
5389250154,78231,2024-09-15 02:55:00,2024-09-15 02:51:00,-4,4.04,On Time,
4352973016,33825,2024-10-07 09:07:00,2024-10-07 09:36:00,29,4.36,Significantly Delayed,Traffic
7667555396,33288,2024-02-03 11:54:00,2024-02-03 12:09:00,15,4.42,Slightly Delayed,Traffic
168804744,16671,2023-10-28 07:34:00,2023-10-28 07:34:00,0,1.5,On Time,
854218304,13622,2023-11-04 06:40:00,2023-11-04 06:37:00,-3,0.86,On Time,
2616618240,89491,2024-03-14 00:56:00,2024-03-14 00:57:00,1,1.43,On Time,Traffic
8891144024,45152,2023-04-06 20:53:00,2023-04-06 20:57:00,4,4.79,On Time,Traffic
4606856320,35528,2024-08-03 07:33:00,2024-08-03 07:35:00,2,0.74,On Time,Traffic
1876194333,56344,2024-03-27 08:49:00,2024-03-27 08:51:00,2,1.2,On Time,Traffic
1471186096,80106,2023-11-21 02:24:00,2023-11-21 02:39:00,15,3.78,Slightly Delayed,Traffic
4763556417,49554,2023-04-01 00:54:00,2023-04-01 00:52:00,-2,3.35,On Time,
5961097387,73762,2023-08-27 04:53:00,2023-08-27 04:53:00,0,2.67,On Time,
1509646137,67798,2024-04-12 17:21:00,2024-04-12 17:30:00,9,1.71,Slightly Delayed,Traffic
7533431274,93471,2023-08-11 15:52:00,2023-08-11 15:52:00,0,1.85,On Time,
3598818329,28683,2023-07-29 03:33:00,2023-07-29 03:34:00,1,2.85,On Time,Traffic
2561337790,43692,2024-10-09 07:13:00,2024-10-09 07:09:00,-4,1.0,On Time,
2359692348,74057,2024-08-31 00:47:00,2024-08-31 00:51:00,4,0.66,On Time,Traffic
3146098826,29471,2024-06-20 23:21:00,2024-06-20 23:24:00,3,3.16,On Time,Traffic
8638050442,50161,2023-11-16 23:46:00,2023-11-16 23:50:00,4,1.43,On Time,Traffic
1833854180,25656,2023-03-23 07:31:00,2023-03-23 07:56:00,25,1.13,Significantly Delayed,Traffic
5687148136,50176,2023-06-24 00:56:00,2023-06-24 00:57:00,1,3.98,On Time,Traffic
7133253616,76051,2024-08-14 08:26:00,2024-08-14 08:37:00,11,2.39,Slightly Delayed,Traffic
7899569162,31475,2023-08-15 09:06:00,2023-08-15 09:13:00,7,1.06,Slightly Delayed,Traffic
6119637917,65328,2024-06-28 20:59:00,2024-06-28 21:04:00,5,3.86,On Time,Traffic
4924477011,43813,2024-01-13 19:32:00,2024-01-13 19:33:00,1,2.57,On Time,Traffic
577458306,52312,2023-10-03 07:23:00,2023-10-03 07:18:00,-5,3.65,On Time,
1605287230,24637,2023-08-08 06:52:00,2023-08-08 06:52:00,0,1.98,On Time,
5743074720,88405,2024-02-08 03:26:00,2024-02-08 03:22:00,-4,1.24,On Time,
1645477578,22284,2023-07-20 08:10:00,2023-07-20 08:05:00,-5,0.71,On Time,
6231311270,73322,2023-12-07 18:51:00,2023-12-07 19:06:00,15,2.36,Slightly Delayed,Traffic
4629648516,49643,2023-08-21 22:41:00,2023-08-21 22:42:00,1,3.88,On Time,Traffic
2706229594,67428,2024-10-04 08:04:00,2024-10-04 08:01:00,-3,2.68,On Time,
6814009039,37668,2023-11-03 13:17:00,2023-11-03 13:13:00,-4,2.81,On Time,
5604135912,99733,2024-08-19 16:31:00,2024-08-19 16:33:00,2,4.07,On Time,Traffic
766789724,52639,2024-08-20 23:47:00,2024-08-20 23:49:00,2,4.78,On Time,Traffic
2727595593,26761,2023-11-17 01:21:00,2023-11-17 01:18:00,-3,2.12,On Time,
9887978407,37910,2023-07-16 13:15:00,2023-07-16 13:17:00,2,3.41,On Time,Traffic
6825742544,41291,2024-02-04 18:52:00,2024-02-04 18:54:00,2,2.29,On Time,Traffic
7081192087,78479,2023-07-29 10:12:00,2023-07-29 10:20:00,8,3.33,Slightly Delayed,Traffic
3185620074,72222,2023-08-14 15:47:00,2023-08-14 16:02:00,15,0.78,Slightly Delayed,Traffic
7162086351,37358,2023-11-15 01:13:00,2023-11-15 01:09:00,-4,4.8,On Time,
5504768409,1897,2023-08-07 22:50:00,2023-08-07 23:03:00,13,2.52,Slightly Delayed,Traffic
6721093047,3594,2024-03-10 14:38:00,2024-03-10 14:38:00,0,3.41,On Time,
1134990529,85089,2024-07-24 19:18:00,2024-07-24 19:23:00,5,1.03,On Time,Traffic
4632975114,91950,2023-05-15 17:27:00,2023-05-15 17:32:00,5,2.98,On Time,Traffic
1471897083,98410,2023-12-06 22:08:00,2023-12-06 22:04:00,-4,1.87,On Time,
6081974624,91286,2024-03-19 20:41:00,2024-03-19 20:39:00,-2,3.24,On Time,
806680874,50897,2023-11-15 17:16:00,2023-11-15 17:17:00,1,4.24,On Time,Traffic
8213018419,97345,2023-04-10 20:49:00,2023-04-10 21:10:00,21,3.04,Significantly Delayed,Traffic
4610876894,59869,2023-08-14 21:58:00,2023-08-14 21:58:00,0,3.28,On Time,
9116180240,31849,2023-05-23 18:34:00,2023-05-23 18:36:00,2,0.76,On Time,Traffic
8916648395,76482,2023-07-15 16:56:00,2023-07-15 16:55:00,-1,0.83,On Time,
3626990751,41338,2023-05-10 19:28:00,2023-05-10 19:43:00,15,4.28,Slightly Delayed,Traffic
2544173358,24026,2024-11-03 16:51:00,2024-11-03 16:51:00,0,2.73,On Time,
3654075570,5013,2023-06-25 00:42:00,2023-06-25 00:40:00,-2,0.87,On Time,
9846277624,5141,2024-09-17 13:21:00,2024-09-17 13:21:00,0,1.77,On Time,
8600159148,24508,2023-08-15 05:47:00,2023-08-15 06:00:00,13,4.14,Slightly Delayed,Traffic
9184012674,88446,2024-07-20 23:32:00,2024-07-20 23:31:00,-1,4.54,On Time,
5842678913,49657,2024-06-02 11:16:00,2024-06-02 11:15:00,-1,0.96,On Time,
6284066457,72455,2023-03-19 04:42:00,2023-03-19 04:43:00,1,3.83,On Time,Traffic
957188879,55306,2024-01-12 22:01:00,2024-01-12 21:58:00,-3,3.09,On Time,
2027766693,39827,2023-07-17 21:38:00,2023-07-17 21:35:00,-3,3.14,On Time,
5201172375,15287,2024-01-07 13:46:00,2024-01-07 14:16:00,30,4.14,Significantly Delayed,Traffic
5211206337,52881,2024-03-04 19:35:00,2024-03-04 19:38:00,3,0.57,On Time,Traffic
519985157,97130,2023-06-07 03:34:00,2023-06-07 03:31:00,-3,1.66,On Time,
2599819074,78812,2023-05-08 06:02:00,2023-05-08 05:59:00,-3,1.73,On Time,
6564176767,37269,2024-04-11 11:18:00,2024-04-11 11:42:00,24,2.44,Significantly Delayed,Traffic
5969684091,47179,2023-12-02 15:56:00,2023-12-02 15:53:00,-3,2.85,On Time,
8152246475,36583,2023-04-07 22:47:00,2023-04-07 22:45:00,-2,3.93,On Time,
1954493018,17378,2024-08-25 16:25:00,2024-08-25 16:27:00,2,3.59,On Time,Traffic
3695589383,6351,2024-01-13 01:33:00,2024-01-13 01:28:00,-5,3.03,On Time,
6340807810,60222,2024-07-12 00:51:00,2024-07-12 00:47:00,-4,3.6,On Time,
8029845822,87260,2023-07-06 00:13:00,2023-07-06 00:18:00,5,1.39,On Time,Traffic
8208755570,56067,2023-12-12 21:38:00,2023-12-12 21:35:00,-3,1.96,On Time,
9622488249,8679,2024-06-26 09:38:00,2024-06-26 09:42:00,4,2.03,On Time,Traffic
5410788959,43525,2024-06-12 10:40:00,2024-06-12 10:45:00,5,4.98,On Time,Traffic
7087374685,80305,2024-09-21 17:54:00,2024-09-21 17:59:00,5,1.4,On Time,Traffic
1469556300,47985,2023-09-26 23:55:00,2023-09-26 23:52:00,-3,3.95,On Time,
864290652,28456,2023-10-30 02:19:00,2023-10-30 02:15:00,-4,3.72,On Time,
3052167498,38263,2023-07-24 17:25:00,2023-07-24 17:23:00,-2,2.7,On Time,
8370088792,18197,2023-05-16 19:40:00,2023-05-16 19:39:00,-1,3.75,On Time,
8955500595,25552,2023-05-07 18:23:00,2023-05-07 18:33:00,10,1.61,Slightly Delayed,Traffic
6946637946,5892,2024-02-18 04:17:00,2024-02-18 04:29:00,12,3.18,Slightly Delayed,Traffic
5461546808,27664,2023-12-21 13:56:00,2023-12-21 14:20:00,24,3.96,Significantly Delayed,Traffic
9921425481,85617,2023-05-17 05:24:00,2023-05-17 05:53:00,29,1.61,Significantly Delayed,Traffic
3583323379,94205,2024-04-03 07:45:00,2024-04-03 07:45:00,0,3.22,On Time,
3427534518,75483,2024-10-12 13:36:00,2024-10-12 13:57:00,21,2.85,Significantly Delayed,Traffic
9997994965,28092,2023-12-27 14:20:00,2023-12-27 14:17:00,-3,0.99,On Time,
5015358514,65069,2024-08-12 20:59:00,2024-08-12 21:00:00,1,2.09,On Time,Traffic
5769065545,46466,2024-01-28 21:01:00,2024-01-28 21:04:00,3,1.96,On Time,Traffic
4062815570,54881,2024-02-24 05:06:00,2024-02-24 05:08:00,2,0.65,On Time,Traffic
39405769,6878,2023-04-07 12:56:00,2023-04-07 13:11:00,15,1.11,Slightly Delayed,Traffic
9553518696,82335,2023-07-11 11:21:00,2023-07-11 11:20:00,-1,2.27,On Time,
8023712979,37477,2023-05-12 17:44:00,2023-05-12 17:42:00,-2,4.56,On Time,
1111747100,11420,2023-07-19 06:40:00,2023-07-19 06:43:00,3,3.55,On Time,Traffic
3598180305,8123,2023-08-31 08:58:00,2023-08-31 08:56:00,-2,2.58,On Time,
8171660349,78974,2024-05-09 18:48:00,2024-05-09 18:43:00,-5,4.39,On Time,
3644704128,83363,2024-06-01 10:11:00,2024-06-01 10:07:00,-4,3.11,On Time,
1254907139,44092,2023-07-13 05:01:00,2023-07-13 05:05:00,4,2.51,On Time,Traffic
9810593187,15180,2023-05-19 00:13:00,2023-05-19 00:23:00,10,3.03,Slightly Delayed,Traffic
3205629870,79493,2024-05-27 18:50:00,2024-05-27 18:46:00,-4,4.07,On Time,
8608459871,62412,2023-09-21 17:56:00,2023-09-21 17:58:00,2,1.29,On Time,Traffic
2730458449,9689,2024-02-10 06:48:00,2024-02-10 06:58:00,10,3.83,Slightly Delayed,Traffic
2807397566,2121,2024-05-19 10:12:00,2024-05-19 10:16:00,4,1.89,On Time,Traffic
7217535512,61549,2023-11-11 22:39:00,2023-11-11 22:35:00,-4,3.07,On Time,
3321951407,79598,2023-09-13 12:32:00,2023-09-13 12:29:00,-3,1.88,On Time,
7189146676,60018,2024-05-20 18:49:00,2024-05-20 18:52:00,3,3.05,On Time,Traffic
5601251774,14314,2024-10-10 08:31:00,2024-10-10 08:52:00,21,2.84,Significantly Delayed,Traffic
8884350133,249,2024-09-22 20:16:00,2024-09-22 20:18:00,2,1.92,On Time,Traffic
8168306307,51445,2023-12-17 21:18:00,2023-12-17 21:19:00,1,1.74,On Time,Traffic
7689275881,65098,2024-02-03 05:49:00,2024-02-03 05:48:00,-1,3.23,On Time,
6593510732,32589,2023-09-10 14:05:00,2023-09-10 14:16:00,11,2.46,Slightly Delayed,Traffic
3066405445,11326,2023-06-14 09:06:00,2023-06-14 09:10:00,4,0.84,On Time,Traffic
5319633841,41929,2024-05-05 14:44:00,2024-05-05 14:47:00,3,4.16,On Time,Traffic
1113665104,96538,2024-06-11 23:13:00,2024-06-11 23:09:00,-4,4.89,On Time,
8436983782,97548,2024-10-22 02:15:00,2024-10-22 02:11:00,-4,3.44,On Time,
1958942711,64613,2024-05-12 09:03:00,2024-05-12 09:03:00,0,1.78,On Time,
6485627928,36234,2024-09-13 05:49:00,2024-09-13 05:48:00,-1,3.92,On Time,
8147959428,66010,2024-07-23 13:53:00,2024-07-23 13:56:00,3,3.8,On Time,Traffic
3697060283,73189,2024-08-25 01:21:00,2024-08-25 01:26:00,5,4.58,On Time,Traffic
2039437258,74030,2023-12-12 06:14:00,2023-12-12 06:16:00,2,0.88,On Time,Traffic
7655293952,14565,2024-02-16 08:03:00,2024-02-16 08:07:00,4,3.51,On Time,Traffic
39791095,41559,2024-04-06 11:17:00,2024-04-06 11:22:00,5,2.49,On Time,Traffic
8071046067,48240,2024-09-28 16:48:00,2024-09-28 16:47:00,-1,1.4,On Time,
2656326203,76228,2023-11-16 18:47:00,2023-11-16 18:52:00,5,0.79,On Time,Traffic
2366866840,87681,2023-04-22 03:27:00,2023-04-22 03:27:00,0,4.8,On Time,
8227348656,44555,2023-12-01 17:59:00,2023-12-01 17:56:00,-3,3.75,On Time,
3917024194,47124,2024-09-30 21:05:00,2024-09-30 21:07:00,2,1.01,On Time,Traffic
3101265,20246,2024-05-23 03:37:00,2024-05-23 03:40:00,3,2.45,On Time,Traffic
9907835880,66363,2024-10-15 16:09:00,2024-10-15 16:07:00,-2,4.11,On Time,
3396210655,46263,2023-10-24 02:28:00,2023-10-24 02:25:00,-3,1.68,On Time,
3000018472,63482,2024-08-18 05:48:00,2024-08-18 05:49:00,1,1.01,On Time,Traffic
7166339556,79368,2024-06-22 08:08:00,2024-06-22 08:06:00,-2,2.77,On Time,
2194351161,55557,2023-05-09 11:53:00,2023-05-09 11:51:00,-2,1.37,On Time,
3224986973,24389,2024-02-16 07:57:00,2024-02-16 07:58:00,1,4.65,On Time,Traffic
6882280967,56116,2023-09-15 16:09:00,2023-09-15 16:11:00,2,1.14,On Time,Traffic
8556188247,41435,2023-10-05 18:23:00,2023-10-05 18:21:00,-2,1.67,On Time,
5236345617,34945,2023-09-28 01:57:00,2023-09-28 01:57:00,0,2.36,On Time,
5153146875,65057,2023-06-06 08:48:00,2023-06-06 08:57:00,9,1.68,Slightly Delayed,Traffic
2011151353,53602,2024-05-15 03:54:00,2024-05-15 03:51:00,-3,0.68,On Time,
9880145668,94777,2024-02-28 17:08:00,2024-02-28 17:21:00,13,1.06,Slightly Delayed,Traffic
2724264210,6735,2024-10-24 16:35:00,2024-10-24 16:48:00,13,0.99,Slightly Delayed,Traffic
871734663,57171,2024-06-03 02:10:00,2024-06-03 02:22:00,12,2.48,Slightly Delayed,Traffic
3883638432,42306,2023-07-26 03:54:00,2023-07-26 04:20:00,26,4.79,Significantly Delayed,Traffic
1282422181,1443,2024-02-19 14:52:00,2024-02-19 14:59:00,7,5.0,Slightly Delayed,Traffic
4500802008,74327,2024-06-17 06:03:00,2024-06-17 06:06:00,3,3.62,On Time,Traffic
8209715885,94880,2023-05-25 15:40:00,2023-05-25 15:41:00,1,0.92,On Time,Traffic
9391482926,36274,2023-09-12 03:18:00,2023-09-12 03:27:00,9,3.18,Slightly Delayed,Traffic
7217765772,12036,2024-07-05 14:22:00,2024-07-05 14:25:00,3,2.28,On Time,Traffic
7848556658,34490,2024-04-27 11:41:00,2024-04-27 11:38:00,-3,1.08,On Time,
9000851345,86432,2024-03-10 17:11:00,2024-03-10 17:16:00,5,0.99,On Time,Traffic
3019634875,76065,2024-10-29 19:54:00,2024-10-29 19:53:00,-1,2.89,On Time,
7013612817,74574,2023-09-09 08:28:00,2023-09-09 08:54:00,26,1.84,Significantly Delayed,Traffic
59461109,48662,2023-05-06 13:55:00,2023-05-06 13:55:00,0,2.72,On Time,
740245864,17264,2023-05-18 11:12:00,2023-05-18 11:11:00,-1,4.55,On Time,
8432648823,91242,2023-05-19 07:42:00,2023-05-19 07:45:00,3,2.06,On Time,Traffic
5863164527,26359,2023-11-13 18:08:00,2023-11-13 18:16:00,8,2.68,Slightly Delayed,Traffic
8615999186,77204,2024-09-08 20:34:00,2024-09-08 20:35:00,1,3.65,On Time,Traffic
1743268828,78986,2024-05-02 18:24:00,2024-05-02 18:29:00,5,2.31,On Time,Traffic
5475369740,16243,2024-05-12 06:03:00,2024-05-12 06:04:00,1,1.31,On Time,Traffic
6520584496,79790,2023-10-24 05:46:00,2023-10-24 06:03:00,17,1.73,Significantly Delayed,Traffic
3854394048,83316,2023-10-15 20:44:00,2023-10-15 20:40:00,-4,3.36,On Time,
4105779656,41188,2024-04-02 17:24:00,2024-04-02 17:28:00,4,2.08,On Time,Traffic
5960266785,88310,2023-11-21 06:18:00,2023-11-21 06:15:00,-3,1.36,On Time,
7380998329,14278,2023-07-29 21:16:00,2023-07-29 21:16:00,0,0.83,On Time,
460625201,34818,2024-05-17 02:46:00,2024-05-17 02:44:00,-2,1.35,On Time,
5442705208,53708,2024-08-27 03:32:00,2024-08-27 03:27:00,-5,1.6,On Time,
643302284,92172,2024-05-30 23:14:00,2024-05-30 23:25:00,11,3.99,Slightly Delayed,Traffic
6141016209,66040,2024-04-13 18:25:00,2024-04-13 18:25:00,0,2.59,On Time,
4058658914,15833,2024-02-09 09:48:00,2024-02-09 09:48:00,0,3.1,On Time,
4731454539,57976,2024-01-05 07:09:00,2024-01-05 07:09:00,0,3.91,On Time,
148408710,15102,2024-01-01 02:13:00,2024-01-01 02:17:00,4,0.87,On Time,Traffic
3263142674,63585,2024-01-30 08:30:00,2024-01-30 08:31:00,1,4.24,On Time,Traffic
9591201821,87917,2023-11-12 20:39:00,2023-11-12 20:52:00,13,3.17,Slightly Delayed,Traffic
2227944524,30179,2023-06-07 09:02:00,2023-06-07 09:06:00,4,3.4,On Time,Traffic
2307375554,73572,2024-01-31 15:49:00,2024-01-31 16:01:00,12,4.24,Slightly Delayed,Traffic
8521887524,77426,2024-04-13 14:21:00,2024-04-13 14:34:00,13,2.3,Slightly Delayed,Traffic
3298709387,86131,2023-07-01 06:19:00,2023-07-01 06:24:00,5,0.63,On Time,Traffic
8608686211,95050,2023-07-27 05:21:00,2023-07-27 05:32:00,11,2.83,Slightly Delayed,Traffic
5125482761,85795,2023-05-28 07:30:00,2023-05-28 07:40:00,10,3.58,Slightly Delayed,Traffic
7388146343,94498,2023-09-24 11:58:00,2023-09-24 12:11:00,13,4.5,Slightly Delayed,Traffic
7064723322,94412,2023-10-15 12:03:00,2023-10-15 12:20:00,17,3.82,Significantly Delayed,Traffic
1766291529,27514,2024-07-12 19:12:00,2024-07-12 19:27:00,15,1.2,Slightly Delayed,Traffic
8183491568,48175,2023-09-15 14:05:00,2023-09-15 14:17:00,12,3.15,Slightly Delayed,Traffic
6419111681,66008,2024-01-24 11:08:00,2024-01-24 11:08:00,0,1.04,On Time,
9193945481,44100,2024-08-22 20:00:00,2024-08-22 20:06:00,6,3.22,Slightly Delayed,Traffic
3937750618,76499,2023-08-26 10:30:00,2023-08-26 10:30:00,0,3.91,On Time,
2056682923,32053,2024-05-27 19:59:00,2024-05-27 20:11:00,12,0.58,Slightly Delayed,Traffic
7229998672,32978,2023-09-10 21:17:00,2023-09-10 21:31:00,14,2.12,Slightly Delayed,Traffic
7028582657,88805,2024-11-01 14:03:00,2024-11-01 14:13:00,10,4.92,Slightly Delayed,Traffic
1732091066,91109,2024-05-12 10:17:00,2024-05-12 10:14:00,-3,1.34,On Time,
9389363975,56285,2024-01-08 05:51:00,2024-01-08 06:14:00,23,2.13,Significantly Delayed,Traffic
9477050930,29995,2023-09-01 00:18:00,2023-09-01 00:21:00,3,3.92,On Time,Traffic
6808771388,8970,2024-04-29 18:07:00,2024-04-29 18:08:00,1,1.22,On Time,Traffic
7616458551,92475,2023-05-05 09:31:00,2023-05-05 09:44:00,13,2.18,Slightly Delayed,Traffic
2784959025,86825,2023-04-07 02:46:00,2023-04-07 02:49:00,3,4.77,On Time,Traffic
2716611235,66366,2024-02-19 06:29:00,2024-02-19 06:30:00,1,4.56,On Time,Traffic
3797871396,59554,2023-12-19 02:26:00,2023-12-19 02:31:00,5,1.81,On Time,Traffic
5895445193,40476,2023-09-18 20:29:00,2023-09-18 20:36:00,7,4.33,Slightly Delayed,Traffic
5281640953,76660,2024-05-19 19:19:00,2024-05-19 19:20:00,1,1.51,On Time,Traffic
9006387145,32558,2023-07-16 10:10:00,2023-07-16 10:19:00,9,1.29,Slightly Delayed,Traffic
2015702046,63937,2023-05-17 07:11:00,2023-05-17 07:25:00,14,4.66,Slightly Delayed,Traffic
9260334793,38060,2024-07-10 06:56:00,2024-07-10 06:59:00,3,3.82,On Time,Traffic
5912752928,26396,2023-12-20 18:31:00,2023-12-20 18:30:00,-1,2.49,On Time,
7691723645,28979,2024-08-04 13:42:00,2024-08-04 13:45:00,3,3.0,On Time,Traffic
9166904790,37462,2024-01-19 19:15:00,2024-01-19 19:13:00,-2,1.4,On Time,
1668797251,14539,2023-05-18 00:44:00,2023-05-18 00:49:00,5,0.7,On Time,Traffic
3350348511,64424,2023-10-05 05:23:00,2023-10-05 05:18:00,-5,4.47,On Time,
2475154947,5307,2024-01-14 11:12:00,2024-01-14 11:19:00,7,1.6,Slightly Delayed,Traffic
1348544692,36408,2024-04-15 17:14:00,2024-04-15 17:20:00,6,1.33,Slightly Delayed,Traffic
6770208707,86742,2024-05-01 22:21:00,2024-05-01 22:19:00,-2,1.38,On Time,
9500356395,1348,2024-10-29 01:35:00,2024-10-29 01:36:00,1,4.79,On Time,Traffic
6280233997,52738,2023-08-23 20:43:00,2023-08-23 20:38:00,-5,4.5,On Time,
935645101,22930,2023-09-27 02:44:00,2023-09-27 03:14:00,30,0.92,Significantly Delayed,Traffic
3492077995,11413,2023-06-24 00:05:00,2023-06-24 00:01:00,-4,3.16,On Time,
6971044672,4558,2024-03-21 16:18:00,2024-03-21 16:30:00,12,4.35,Slightly Delayed,Traffic
9417710958,8300,2023-09-20 16:05:00,2023-09-20 16:01:00,-4,4.22,On Time,
114851727,8766,2024-10-04 03:26:00,2024-10-04 03:25:00,-1,0.87,On Time,
7521503340,38651,2024-05-30 07:18:00,2024-05-30 07:15:00,-3,2.73,On Time,
7709878408,24294,2023-08-09 18:05:00,2023-08-09 18:07:00,2,4.39,On Time,Traffic
7941755463,821,2024-09-30 09:51:00,2024-09-30 09:54:00,3,2.94,On Time,Traffic
4540271027,7176,2024-05-14 04:10:00,2024-05-14 04:12:00,2,1.86,On Time,Traffic
8022168472,42469,2024-02-20 22:52:00,2024-02-20 23:00:00,8,2.58,Slightly Delayed,Traffic
3808358945,14986,2023-08-26 03:17:00,2023-08-26 03:26:00,9,2.67,Slightly Delayed,Traffic
5112444865,2692,2024-06-06 21:24:00,2024-06-06 21:19:00,-5,2.02,On Time,
9965551056,98962,2023-06-24 02:19:00,2023-06-24 02:25:00,6,2.4,Slightly Delayed,Traffic
7695708103,87812,2024-05-16 15:53:00,2024-05-16 15:54:00,1,4.44,On Time,Traffic
7022728237,81122,2023-06-03 04:29:00,2023-06-03 04:29:00,0,3.91,On Time,
2062715135,43272,2024-08-20 15:51:00,2024-08-20 15:51:00,0,1.17,On Time,
3287815959,42829,2024-08-09 19:54:00,2024-08-09 20:15:00,21,2.8,Significantly Delayed,Traffic
9015471552,72941,2024-04-13 19:46:00,2024-04-13 19:46:00,0,1.88,On Time,
1595123446,25599,2024-02-27 00:53:00,2024-02-27 00:55:00,2,2.34,On Time,Traffic
4888577440,1050,2024-05-19 01:02:00,2024-05-19 00:57:00,-5,1.06,On Time,
9039053330,93032,2023-08-16 10:26:00,2023-08-16 10:25:00,-1,3.5,On Time,
3091360904,32085,2024-06-16 04:42:00,2024-06-16 04:42:00,0,4.04,On Time,
6821938492,78087,2023-09-06 17:03:00,2023-09-06 17:04:00,1,0.96,On Time,Traffic
4553785640,48308,2024-08-13 16:49:00,2024-08-13 16:50:00,1,4.56,On Time,Traffic
4005611015,10416,2024-03-30 00:03:00,2024-03-30 00:17:00,14,2.77,Slightly Delayed,Traffic
8480910658,38062,2023-08-28 20:34:00,2023-08-28 20:39:00,5,2.11,On Time,Traffic
1922667245,44104,2023-09-24 16:43:00,2023-09-24 16:44:00,1,4.19,On Time,Traffic
379758677,53840,2023-12-26 22:55:00,2023-12-26 23:08:00,13,3.84,Slightly Delayed,Traffic
4903380842,76089,2024-06-03 05:47:00,2024-06-03 05:53:00,6,0.86,Slightly Delayed,Traffic
9244122658,24492,2024-03-12 16:52:00,2024-03-12 17:15:00,23,1.9,Significantly Delayed,Traffic
5054410467,48965,2023-07-01 12:27:00,2023-07-01 12:24:00,-3,1.76,On Time,
9877212995,52198,2024-05-04 01:34:00,2024-05-04 01:29:00,-5,3.48,On Time,
8375236356,8079,2023-09-22 19:02:00,2023-09-22 19:06:00,4,4.38,On Time,Traffic
2652063230,55939,2023-11-22 02:31:00,2023-11-22 02:32:00,1,0.7,On Time,Traffic
7258243894,15896,2024-07-14 23:19:00,2024-07-14 23:18:00,-1,4.18,On Time,
5980648426,76780,2023-12-15 03:43:00,2023-12-15 03:59:00,16,4.67,Significantly Delayed,Traffic
365104159,42058,2023-11-27 05:08:00,2023-11-27 05:27:00,19,1.41,Significantly Delayed,Traffic
7038005775,77255,2023-07-02 02:19:00,2023-07-02 02:15:00,-4,2.96,On Time,
1456792223,9753,2024-08-13 21:29:00,2024-08-13 21:24:00,-5,3.65,On Time,
6673964264,33183,2024-10-18 05:57:00,2024-10-18 05:58:00,1,2.02,On Time,Traffic
5780280518,82210,2024-08-23 22:48:00,2024-08-23 22:51:00,3,3.34,On Time,Traffic
6220137166,307,2023-12-09 22:20:00,2023-12-09 22:35:00,15,4.63,Slightly Delayed,Traffic
2615887425,32500,2023-10-28 20:05:00,2023-10-28 20:15:00,10,2.09,Slightly Delayed,Traffic
5610987488,51046,2023-08-14 12:18:00,2023-08-14 12:14:00,-4,0.85,On Time,
6038240765,66705,2023-05-27 00:30:00,2023-05-27 00:30:00,0,3.29,On Time,
5004974422,85319,2023-07-03 18:32:00,2023-07-03 18:31:00,-1,1.63,On Time,
2349863203,76889,2023-12-20 21:18:00,2023-12-20 21:22:00,4,4.83,On Time,Traffic
9487956261,23324,2023-07-25 07:44:00,2023-07-25 07:54:00,10,3.23,Slightly Delayed,Traffic
7169945062,62218,2023-06-14 02:37:00,2023-06-14 02:40:00,3,4.36,On Time,Traffic
5393866026,23975,2023-04-10 00:56:00,2023-04-10 00:51:00,-5,2.3,On Time,
7266772806,19227,2024-09-06 23:24:00,2024-09-06 23:28:00,4,1.4,On Time,Traffic
2411227007,63131,2024-06-09 14:54:00,2024-06-09 14:57:00,3,2.53,On Time,Traffic
960728650,42554,2023-04-16 08:09:00,2023-04-16 08:16:00,7,3.51,Slightly Delayed,Traffic
2326500581,53100,2024-07-21 05:49:00,2024-07-21 05:54:00,5,3.58,On Time,Traffic
9489310879,13348,2024-10-15 05:36:00,2024-10-15 05:33:00,-3,1.32,On Time,
2341242955,6285,2024-01-12 18:41:00,2024-01-12 19:00:00,19,3.34,Significantly Delayed,Traffic
1023485121,74337,2024-02-11 17:36:00,2024-02-11 17:38:00,2,1.34,On Time,Traffic
9742218709,4129,2024-09-25 13:28:00,2024-09-25 13:27:00,-1,4.99,On Time,
9039933820,11046,2023-12-09 15:18:00,2023-12-09 15:17:00,-1,4.88,On Time,
1391881327,48329,2024-07-01 21:34:00,2024-07-01 21:38:00,4,3.69,On Time,Traffic
3360648053,10234,2023-05-15 08:38:00,2023-05-15 08:43:00,5,2.52,On Time,Traffic
9758418980,77182,2023-07-05 11:58:00,2023-07-05 11:54:00,-4,3.4,On Time,
9859459525,319,2023-07-13 02:44:00,2023-07-13 02:44:00,0,3.56,On Time,
6924226309,6964,2024-09-27 04:02:00,2024-09-27 04:13:00,11,3.61,Slightly Delayed,Traffic
7672052920,30194,2023-12-07 01:11:00,2023-12-07 01:07:00,-4,3.15,On Time,
4597359399,5286,2024-09-20 03:14:00,2024-09-20 03:12:00,-2,2.78,On Time,
665402174,77757,2024-04-16 02:20:00,2024-04-16 02:17:00,-3,1.18,On Time,
3986082657,55010,2024-02-17 12:56:00,2024-02-17 12:55:00,-1,1.35,On Time,
4275746826,59737,2024-03-05 10:57:00,2024-03-05 10:54:00,-3,4.92,On Time,
525864604,60733,2024-03-24 21:22:00,2024-03-24 21:24:00,2,1.2,On Time,Traffic
4473658819,14104,2023-12-05 00:39:00,2023-12-05 00:35:00,-4,1.81,On Time,
8824559505,56907,2024-08-14 14:06:00,2024-08-14 14:03:00,-3,4.12,On Time,
1824646473,88937,2023-04-02 07:02:00,2023-04-02 06:57:00,-5,1.7,On Time,
776389097,75111,2024-02-10 07:50:00,2024-02-10 08:05:00,15,1.62,Slightly Delayed,Traffic
4908634706,13171,2023-10-15 22:36:00,2023-10-15 22:37:00,1,0.69,On Time,Traffic
3516204561,1455,2023-09-09 05:48:00,2023-09-09 05:48:00,0,1.81,On Time,
9510792757,28724,2023-11-04 05:12:00,2023-11-04 05:12:00,0,4.93,On Time,
3504903228,90336,2023-06-30 00:26:00,2023-06-30 00:34:00,8,1.84,Slightly Delayed,Traffic
3438202422,94413,2023-10-08 16:06:00,2023-10-08 16:33:00,27,4.09,Significantly Delayed,Traffic
3007616042,42230,2024-07-14 07:36:00,2024-07-14 07:58:00,22,3.57,Significantly Delayed,Traffic
4656199468,68579,2023-10-29 19:46:00,2023-10-29 20:16:00,30,4.72,Significantly Delayed,Traffic
6994560237,76628,2024-07-03 11:29:00,2024-07-03 11:27:00,-2,2.4,On Time,
8442552565,27187,2023-11-05 16:31:00,2023-11-05 16:58:00,27,2.62,Significantly Delayed,Traffic
414299117,13455,2023-07-28 06:50:00,2023-07-28 06:50:00,0,4.8,On Time,
8146956033,56350,2024-08-10 01:07:00,2024-08-10 01:03:00,-4,4.86,On Time,
7919748594,23133,2024-09-20 00:47:00,2024-09-20 00:49:00,2,0.52,On Time,Traffic
7834171020,97901,2024-01-04 12:36:00,2024-01-04 12:39:00,3,2.87,On Time,Traffic
3735968672,57850,2023-12-22 22:43:00,2023-12-22 22:41:00,-2,0.62,On Time,
3864051985,95883,2024-04-06 03:13:00,2024-04-06 03:41:00,28,2.43,Significantly Delayed,Traffic
8299074079,16269,2024-06-08 10:25:00,2024-06-08 10:26:00,1,1.16,On Time,Traffic
891333736,92557,2023-09-24 20:28:00,2023-09-24 20:57:00,29,3.22,Significantly Delayed,Traffic
2874220576,57749,2023-10-04 07:13:00,2023-10-04 07:10:00,-3,1.12,On Time,
6375536946,94134,2024-01-10 12:51:00,2024-01-10 12:52:00,1,2.02,On Time,Traffic
1966054573,87453,2023-05-09 12:12:00,2023-05-09 12:38:00,26,1.59,Significantly Delayed,Traffic
1565942558,92722,2024-08-04 14:34:00,2024-08-04 14:34:00,0,0.64,On Time,
4624281313,30435,2024-10-22 11:27:00,2024-10-22 11:30:00,3,4.96,On Time,Traffic
6884010758,63064,2024-04-27 22:36:00,2024-04-27 22:38:00,2,4.26,On Time,Traffic
4351744653,45994,2023-04-03 14:26:00,2023-04-03 14:45:00,19,2.14,Significantly Delayed,Traffic
8698000932,22719,2024-05-28 20:33:00,2024-05-28 20:57:00,24,4.43,Significantly Delayed,Traffic
3844380421,52805,2023-10-19 13:05:00,2023-10-19 13:01:00,-4,3.3,On Time,
7105842598,1898,2023-08-24 15:06:00,2023-08-24 15:01:00,-5,1.96,On Time,
8993722297,53094,2023-07-04 16:14:00,2023-07-04 16:17:00,3,3.27,On Time,Traffic
2929439019,75818,2023-10-28 17:37:00,2023-10-28 17:35:00,-2,3.2,On Time,
1661854320,19933,2024-09-28 10:11:00,2024-09-28 10:16:00,5,3.68,On Time,Traffic
3082165628,30186,2023-05-02 21:48:00,2023-05-02 21:44:00,-4,1.08,On Time,
1745045814,4796,2023-11-30 09:04:00,2023-11-30 09:01:00,-3,2.81,On Time,
813387880,92699,2023-07-08 11:43:00,2023-07-08 11:42:00,-1,2.58,On Time,
8189879400,89826,2023-11-16 04:33:00,2023-11-16 04:29:00,-4,1.83,On Time,
8465045467,34692,2024-05-01 05:48:00,2024-05-01 05:46:00,-2,1.16,On Time,
9232350528,22738,2023-10-03 08:29:00,2023-10-03 08:28:00,-1,1.07,On Time,
1728666371,77801,2024-05-12 12:47:00,2024-05-12 13:10:00,23,1.6,Significantly Delayed,Traffic
6131815766,34359,2023-03-18 00:05:00,2023-03-18 00:05:00,0,1.64,On Time,
6438773635,188,2024-07-19 04:07:00,2024-07-19 04:02:00,-5,1.85,On Time,
6912676966,15416,2023-06-10 14:06:00,2023-06-10 14:06:00,0,1.08,On Time,
2840314717,56917,2023-06-27 23:52:00,2023-06-27 23:51:00,-1,1.91,On Time,
9508359721,85036,2024-08-24 15:57:00,2024-08-24 16:06:00,9,1.58,Slightly Delayed,Traffic
2244679313,2273,2024-08-05 07:09:00,2024-08-05 07:13:00,4,3.56,On Time,Traffic
9407544177,59002,2024-11-03 08:03:00,2024-11-03 08:07:00,4,4.1,On Time,Traffic
2528398796,58075,2023-04-07 00:02:00,2023-04-07 00:13:00,11,2.63,Slightly Delayed,Traffic
9464988762,64401,2023-10-02 17:29:00,2023-10-02 17:25:00,-4,3.68,On Time,
6373867899,71865,2023-11-08 08:52:00,2023-11-08 08:57:00,5,2.39,On Time,Traffic
4028185110,30697,2023-04-25 15:36:00,2023-04-25 15:43:00,7,1.16,Slightly Delayed,Traffic
9717018638,78169,2024-07-13 02:50:00,2024-07-13 02:58:00,8,4.44,Slightly Delayed,Traffic
4898477588,11074,2024-02-15 20:20:00,2024-02-15 20:15:00,-5,2.11,On Time,
4723165081,60832,2024-02-02 09:09:00,2024-02-02 09:05:00,-4,3.61,On Time,
2845954128,64804,2024-07-04 16:58:00,2024-07-04 16:56:00,-2,1.05,On Time,
23158044,66644,2023-05-19 19:41:00,2023-05-19 19:41:00,0,2.64,On Time,
1486548042,74963,2023-10-12 11:35:00,2023-10-12 11:44:00,9,2.73,Slightly Delayed,Traffic
708351411,21614,2023-10-16 05:43:00,2023-10-16 05:51:00,8,1.91,Slightly Delayed,Traffic
5512110908,31823,2023-11-22 02:20:00,2023-11-22 02:46:00,26,1.88,Significantly Delayed,Traffic
2295441899,21929,2024-02-18 08:06:00,2024-02-18 08:14:00,8,3.92,Slightly Delayed,Traffic
4867173151,40357,2023-10-24 22:14:00,2023-10-24 22:16:00,2,2.7,On Time,Traffic
4635037652,80201,2024-01-23 20:55:00,2024-01-23 20:50:00,-5,0.93,On Time,
2209259378,91054,2023-12-23 12:52:00,2023-12-23 12:47:00,-5,1.92,On Time,
4079286483,29223,2023-05-19 13:22:00,2023-05-19 13:24:00,2,4.18,On Time,Traffic
9506078962,82546,2024-07-05 22:13:00,2024-07-05 22:27:00,14,0.51,Slightly Delayed,Traffic
6894691072,13462,2024-03-22 12:13:00,2024-03-22 12:17:00,4,2.36,On Time,Traffic
4481256065,34584,2024-04-04 14:07:00,2024-04-04 14:29:00,22,0.53,Significantly Delayed,Traffic
5050919809,7758,2024-05-13 07:24:00,2024-05-13 07:27:00,3,4.41,On Time,Traffic
1328085383,73436,2023-05-11 11:50:00,2023-05-11 11:47:00,-3,3.29,On Time,
5382246981,18853,2023-08-30 22:08:00,2023-08-30 22:12:00,4,2.17,On Time,Traffic
5647827263,69561,2024-05-07 08:10:00,2024-05-07 08:09:00,-1,3.35,On Time,
9244268951,85934,2023-10-30 09:40:00,2023-10-30 09:44:00,4,3.0,On Time,Traffic
6217777735,29335,2024-07-22 11:39:00,2024-07-22 11:34:00,-5,1.22,On Time,
3682639473,98463,2023-11-22 00:03:00,2023-11-21 23:59:00,-4,4.65,On Time,
3859331666,83436,2023-07-02 07:49:00,2023-07-02 07:48:00,-1,3.85,On Time,
7971689217,36735,2023-10-18 13:24:00,2023-10-18 13:38:00,14,2.44,Slightly Delayed,Traffic
6822492679,70308,2023-07-28 06:25:00,2023-07-28 06:39:00,14,3.19,Slightly Delayed,Traffic
7211194993,79267,2023-09-04 03:59:00,2023-09-04 03:59:00,0,1.51,On Time,
461485679,88187,2023-08-08 00:18:00,2023-08-08 00:22:00,4,1.16,On Time,Traffic
3209732414,55281,2024-04-18 11:06:00,2024-04-18 11:06:00,0,4.14,On Time,
6537694730,46287,2024-08-15 00:54:00,2024-08-15 00:58:00,4,2.1,On Time,Traffic
7653097776,52927,2023-07-16 06:58:00,2023-07-16 06:59:00,1,3.65,On Time,Traffic
4928556641,49069,2023-09-19 15:11:00,2023-09-19 15:18:00,7,4.28,Slightly Delayed,Traffic
5905518100,87502,2023-09-25 06:47:00,2023-09-25 06:51:00,4,3.99,On Time,Traffic
8337948336,61806,2023-07-04 05:42:00,2023-07-04 05:47:00,5,3.64,On Time,Traffic
8814435884,19344,2024-08-11 14:11:00,2024-08-11 14:13:00,2,0.75,On Time,Traffic
6645415772,80224,2024-07-02 07:04:00,2024-07-02 07:00:00,-4,4.61,On Time,
5274039950,77082,2023-12-14 20:34:00,2023-12-14 20:31:00,-3,2.99,On Time,
7404052550,19555,2023-09-13 07:21:00,2023-09-13 07:18:00,-3,3.25,On Time,
8179058864,98021,2023-05-18 17:59:00,2023-05-18 17:57:00,-2,2.59,On Time,
5195997912,54621,2024-07-20 15:34:00,2024-07-20 15:29:00,-5,2.91,On Time,
3320194259,18826,2023-12-07 19:10:00,2023-12-07 19:06:00,-4,3.85,On Time,
8185684967,39742,2023-05-05 22:48:00,2023-05-05 22:49:00,1,2.05,On Time,Traffic
2324568019,84177,2023-07-06 05:18:00,2023-07-06 05:25:00,7,3.72,Slightly Delayed,Traffic
3522645150,24179,2023-05-16 07:52:00,2023-05-16 07:53:00,1,1.57,On Time,Traffic
4510488834,88472,2024-09-08 20:53:00,2024-09-08 20:53:00,0,1.56,On Time,
9433427403,44148,2023-05-17 21:11:00,2023-05-17 21:24:00,13,4.98,Slightly Delayed,Traffic
8065436106,75168,2024-01-22 01:59:00,2024-01-22 01:59:00,0,4.51,On Time,
846586265,8377,2023-07-02 16:52:00,2023-07-02 17:02:00,10,2.63,Slightly Delayed,Traffic
4337013612,14243,2023-05-15 12:42:00,2023-05-15 12:45:00,3,2.79,On Time,Traffic
8916023990,91553,2024-05-18 04:47:00,2024-05-18 04:58:00,11,1.31,Slightly Delayed,Traffic
6018805430,39582,2023-09-04 07:37:00,2023-09-04 07:41:00,4,4.16,On Time,Traffic
2676353168,61764,2024-09-10 11:32:00,2024-09-10 11:31:00,-1,3.6,On Time,
1069724600,27884,2023-07-26 11:56:00,2023-07-26 12:05:00,9,2.23,Slightly Delayed,Traffic
5503476312,28852,2024-06-16 16:03:00,2024-06-16 16:07:00,4,2.89,On Time,Traffic
4439677910,84746,2024-02-26 09:44:00,2024-02-26 09:44:00,0,1.59,On Time,
8045361592,3274,2024-10-11 12:04:00,2024-10-11 12:06:00,2,4.06,On Time,Traffic
1873731593,82405,2023-11-24 07:58:00,2023-11-24 08:01:00,3,4.21,On Time,Traffic
1126011099,7013,2024-02-21 22:09:00,2024-02-21 22:08:00,-1,0.92,On Time,
4100626744,30255,2024-10-21 01:19:00,2024-10-21 01:24:00,5,4.16,On Time,Traffic
8616880376,3557,2024-03-18 04:15:00,2024-03-18 04:35:00,20,2.86,Significantly Delayed,Traffic
1427911940,321,2024-02-24 07:14:00,2024-02-24 07:17:00,3,2.28,On Time,Traffic
4416398885,89868,2024-10-22 06:57:00,2024-10-22 06:56:00,-1,1.05,On Time,
2584579895,40539,2024-01-12 20:57:00,2024-01-12 20:55:00,-2,2.26,On Time,
7770651576,65051,2023-09-04 00:28:00,2023-09-04 00:51:00,23,4.1,Significantly Delayed,Traffic
3705985582,64445,2023-08-19 23:35:00,2023-08-19 23:36:00,1,2.11,On Time,Traffic
5160295213,99136,2024-01-25 20:59:00,2024-01-25 20:59:00,0,2.45,On Time,
4374285559,77397,2024-09-02 03:11:00,2024-09-02 03:18:00,7,2.49,Slightly Delayed,Traffic
9096638812,82494,2023-12-05 02:11:00,2023-12-05 02:10:00,-1,2.07,On Time,
2888179397,21483,2023-08-26 19:09:00,2023-08-26 19:17:00,8,1.89,Slightly Delayed,Traffic
3387165389,5218,2024-07-14 09:24:00,2024-07-14 09:24:00,0,2.13,On Time,
1925647539,74222,2023-08-14 15:48:00,2023-08-14 15:49:00,1,1.39,On Time,Traffic
6160848562,3350,2023-09-10 19:57:00,2023-09-10 20:02:00,5,3.71,On Time,Traffic
2343495895,92896,2024-08-04 14:34:00,2024-08-04 14:33:00,-1,2.17,On Time,
8812220964,67129,2023-08-29 16:38:00,2023-08-29 16:43:00,5,3.5,On Time,Traffic
8640364495,26749,2023-05-13 23:03:00,2023-05-13 23:13:00,10,3.03,Slightly Delayed,Traffic
4610687284,4338,2023-09-26 10:48:00,2023-09-26 10:53:00,5,4.69,On Time,Traffic
189431942,73313,2024-01-23 12:47:00,2024-01-23 12:45:00,-2,4.37,On Time,
1746826454,85938,2024-01-05 01:52:00,2024-01-05 01:50:00,-2,0.64,On Time,
948345459,89820,2024-03-23 04:25:00,2024-03-23 04:35:00,10,1.25,Slightly Delayed,Traffic
9959881029,36005,2024-09-30 03:34:00,2024-09-30 03:44:00,10,0.93,Slightly Delayed,Traffic
621213006,42600,2024-07-22 04:39:00,2024-07-22 04:40:00,1,1.61,On Time,Traffic
1772464528,47913,2023-09-07 21:22:00,2023-09-07 21:23:00,1,2.23,On Time,Traffic
7732863862,10377,2023-08-02 04:11:00,2023-08-02 04:13:00,2,3.32,On Time,Traffic
3064828239,46175,2024-02-18 07:49:00,2024-02-18 07:54:00,5,4.66,On Time,Traffic
6363526452,870,2023-10-10 23:16:00,2023-10-10 23:18:00,2,2.76,On Time,Traffic
6988011282,63272,2024-10-30 17:18:00,2024-10-30 17:17:00,-1,3.17,On Time,
8523250818,69177,2024-02-11 19:05:00,2024-02-11 19:01:00,-4,1.28,On Time,
5595210484,82974,2023-05-17 01:19:00,2023-05-17 01:27:00,8,2.21,Slightly Delayed,Traffic
1461081366,36779,2024-08-15 23:16:00,2024-08-15 23:23:00,7,3.78,Slightly Delayed,Traffic
4922364507,69143,2024-07-06 08:57:00,2024-07-06 08:59:00,2,2.96,On Time,Traffic
6597871211,42842,2024-05-03 00:47:00,2024-05-03 00:48:00,1,2.44,On Time,Traffic
2719816862,89017,2024-09-20 21:09:00,2024-09-20 21:24:00,15,2.7,Slightly Delayed,Traffic
9830788650,26304,2023-07-07 08:12:00,2023-07-07 08:17:00,5,4.22,On Time,Traffic
140980199,72398,2024-03-05 14:27:00,2024-03-05 14:36:00,9,1.97,Slightly Delayed,Traffic
7595842583,3254,2024-02-24 08:13:00,2024-02-24 08:18:00,5,1.8,On Time,Traffic
2390228992,70541,2023-07-31 17:08:00,2023-07-31 17:08:00,0,4.68,On Time,
8178738469,89094,2023-06-12 06:03:00,2023-06-12 06:13:00,10,4.95,Slightly Delayed,Traffic
9964671001,5380,2024-03-14 18:06:00,2024-03-14 18:02:00,-4,1.4,On Time,
1258689954,51547,2024-03-31 02:41:00,2024-03-31 02:43:00,2,2.97,On Time,Traffic
4647158015,93276,2023-11-18 13:40:00,2023-11-18 13:52:00,12,1.02,Slightly Delayed,Traffic
2382974038,81484,2024-05-16 17:01:00,2024-05-16 17:04:00,3,3.41,On Time,Traffic
3663827875,25542,2023-11-02 20:46:00,2023-11-02 21:10:00,24,2.92,Significantly Delayed,Traffic
6501113916,30138,2024-01-07 17:05:00,2024-01-07 17:09:00,4,3.28,On Time,Traffic
3300719369,14792,2024-05-25 03:57:00,2024-05-25 04:02:00,5,4.37,On Time,Traffic
3239722852,63051,2023-07-02 09:43:00,2023-07-02 09:39:00,-4,0.68,On Time,
6694899030,72101,2024-09-21 16:44:00,2024-09-21 16:57:00,13,1.64,Slightly Delayed,Traffic
992895707,95191,2023-05-14 22:51:00,2023-05-14 22:57:00,6,4.39,Slightly Delayed,Traffic
8432150432,4319,2024-05-11 16:33:00,2024-05-11 16:33:00,0,4.15,On Time,
6220520171,82788,2023-12-01 00:21:00,2023-12-01 00:20:00,-1,0.95,On Time,
735608722,4090,2024-06-08 09:48:00,2024-06-08 10:02:00,14,2.64,Slightly Delayed,Traffic
7303161073,80732,2024-03-15 00:15:00,2024-03-15 00:20:00,5,3.14,On Time,Traffic
9783380107,37808,2024-06-09 08:18:00,2024-06-09 08:18:00,0,1.55,On Time,
3835886077,58336,2023-11-19 17:51:00,2023-11-19 17:49:00,-2,1.06,On Time,
8140652447,16128,2024-04-15 11:39:00,2024-04-15 11:36:00,-3,4.81,On Time,
6412390967,19522,2024-02-03 20:35:00,2024-02-03 20:37:00,2,3.04,On Time,Traffic
6688575911,28472,2023-12-26 19:01:00,2023-12-26 19:04:00,3,3.47,On Time,Traffic
3890111511,51181,2024-09-09 23:52:00,2024-09-10 00:11:00,19,3.55,Significantly Delayed,Traffic
5145256852,60056,2024-09-10 19:25:00,2024-09-10 19:43:00,18,4.37,Significantly Delayed,Traffic
7375057413,80419,2023-05-17 22:35:00,2023-05-17 22:44:00,9,4.64,Slightly Delayed,Traffic
3047491006,3770,2024-09-21 22:03:00,2024-09-21 22:08:00,5,0.69,On Time,Traffic
7715738110,78052,2023-05-10 22:25:00,2023-05-10 22:29:00,4,0.64,On Time,Traffic
6191554160,17582,2023-07-20 23:26:00,2023-07-20 23:24:00,-2,4.32,On Time,
896919031,61896,2024-10-08 03:12:00,2024-10-08 03:11:00,-1,3.17,On Time,
1535818185,11471,2024-05-03 16:42:00,2024-05-03 16:37:00,-5,3.44,On Time,
4428830794,1874,2024-06-18 23:41:00,2024-06-18 23:44:00,3,4.36,On Time,Traffic
3610035622,94062,2024-04-04 03:46:00,2024-04-04 03:44:00,-2,2.96,On Time,
8674445072,98361,2024-08-04 05:42:00,2024-08-04 05:44:00,2,1.92,On Time,Traffic
9623704312,5220,2024-02-24 22:21:00,2024-02-24 22:23:00,2,0.75,On Time,Traffic
7786002894,99820,2023-12-21 13:06:00,2023-12-21 13:12:00,6,2.8,Slightly Delayed,Traffic
3264409553,61878,2023-03-30 18:48:00,2023-03-30 19:12:00,24,4.86,Significantly Delayed,Traffic
7736534043,83856,2023-05-28 08:33:00,2023-05-28 08:29:00,-4,4.36,On Time,
5936596117,1771,2024-10-25 12:28:00,2024-10-25 12:23:00,-5,2.78,On Time,
1980087245,98576,2023-06-16 19:46:00,2023-06-16 19:49:00,3,3.77,On Time,Traffic
8861557989,38818,2024-08-25 06:22:00,2024-08-25 06:18:00,-4,3.9,On Time,
6702391437,44685,2024-01-21 18:15:00,2024-01-21 18:32:00,17,1.73,Significantly Delayed,Traffic
6385452188,84550,2024-06-04 21:39:00,2024-06-04 21:43:00,4,4.06,On Time,Traffic
8813216380,388,2024-10-09 12:17:00,2024-10-09 12:27:00,10,2.93,Slightly Delayed,Traffic
5563712992,8510,2024-01-11 16:43:00,2024-01-11 16:47:00,4,4.23,On Time,Traffic
966468552,64064,2023-06-24 01:55:00,2023-06-24 01:53:00,-2,2.29,On Time,
4368529506,98277,2024-06-30 01:34:00,2024-06-30 01:40:00,6,1.15,Slightly Delayed,Traffic
3777009463,36810,2024-09-01 08:24:00,2024-09-01 08:23:00,-1,3.36,On Time,
3560912801,16585,2024-09-09 00:07:00,2024-09-09 00:02:00,-5,2.69,On Time,
1741224538,28254,2023-03-29 00:40:00,2023-03-29 00:40:00,0,1.04,On Time,
4579251445,63271,2023-08-28 15:48:00,2023-08-28 15:48:00,0,2.51,On Time,
3438127101,80040,2023-11-27 16:50:00,2023-11-27 16:52:00,2,2.44,On Time,Traffic
9741958794,4642,2024-08-20 07:43:00,2024-08-20 07:51:00,8,1.52,Slightly Delayed,Traffic
882082341,64310,2024-10-10 12:49:00,2024-10-10 13:00:00,11,2.1,Slightly Delayed,Traffic
3629321763,93253,2024-08-06 19:03:00,2024-08-06 19:05:00,2,0.84,On Time,Traffic
888938572,28461,2023-04-02 20:49:00,2023-04-02 20:54:00,5,4.8,On Time,Traffic
5263181887,28643,2024-09-28 22:13:00,2024-09-28 22:18:00,5,1.24,On Time,Traffic
7071557807,70989,2024-04-29 11:24:00,2024-04-29 11:32:00,8,4.81,Slightly Delayed,Traffic
6888804296,27520,2024-10-24 22:40:00,2024-10-24 22:42:00,2,3.51,On Time,Traffic
814182718,18293,2023-11-17 22:30:00,2023-11-17 22:25:00,-5,1.14,On Time,
3513524740,96517,2024-07-03 12:20:00,2024-07-03 12:42:00,22,3.09,Significantly Delayed,Traffic
1234169434,73458,2023-10-17 21:03:00,2023-10-17 21:07:00,4,2.23,On Time,Traffic
2577990012,81801,2023-09-22 03:13:00,2023-09-22 03:13:00,0,3.35,On Time,
8446065263,38584,2023-11-15 02:10:00,2023-11-15 02:16:00,6,1.74,Slightly Delayed,Traffic
4220970302,93466,2024-11-01 10:03:00,2024-11-01 09:59:00,-4,1.84,On Time,
5712516128,41787,2023-07-14 21:33:00,2023-07-14 21:34:00,1,3.96,On Time,Traffic
807167715,15159,2024-08-28 21:32:00,2024-08-28 21:29:00,-3,2.07,On Time,
213972345,5515,2024-06-14 23:26:00,2024-06-14 23:28:00,2,2.86,On Time,Traffic
1013762407,89281,2024-10-19 07:14:00,2024-10-19 07:38:00,24,2.11,Significantly Delayed,Traffic
5234194751,47252,2024-02-19 05:02:00,2024-02-19 05:06:00,4,1.42,On Time,Traffic
1389077693,1965,2023-06-27 18:12:00,2023-06-27 18:26:00,14,3.0,Slightly Delayed,Traffic
1895143216,68226,2023-03-25 20:23:00,2023-03-25 20:28:00,5,4.21,On Time,Traffic
3667250123,34707,2024-03-04 06:27:00,2024-03-04 06:53:00,26,2.28,Significantly Delayed,Traffic
6430529802,72291,2023-07-23 15:14:00,2023-07-23 15:09:00,-5,2.39,On Time,
4856277700,85395,2023-08-17 23:05:00,2023-08-17 23:21:00,16,2.92,Significantly Delayed,Traffic
1492403962,88981,2023-07-09 02:03:00,2023-07-09 02:06:00,3,1.18,On Time,Traffic
4348167632,62399,2023-11-29 06:04:00,2023-11-29 05:59:00,-5,2.38,On Time,
3682471195,94268,2023-12-06 04:30:00,2023-12-06 04:44:00,14,4.09,Slightly Delayed,Traffic
6888837939,18096,2024-03-27 15:05:00,2024-03-27 15:00:00,-5,1.99,On Time,
2278004109,72611,2024-09-01 04:00:00,2024-09-01 04:07:00,7,0.76,Slightly Delayed,Traffic
7471013149,21505,2024-10-13 13:00:00,2024-10-13 13:08:00,8,2.74,Slightly Delayed,Traffic
755745232,25231,2024-10-02 02:09:00,2024-10-02 02:20:00,11,1.87,Slightly Delayed,Traffic
2963187161,20323,2024-06-18 12:24:00,2024-06-18 12:36:00,12,2.14,Slightly Delayed,Traffic
3980591844,16450,2023-06-20 03:45:00,2023-06-20 03:50:00,5,4.88,On Time,Traffic
9960808976,27708,2024-04-08 03:53:00,2024-04-08 03:50:00,-3,4.17,On Time,
8740552000,40753,2023-05-16 12:00:00,2023-05-16 12:11:00,11,1.82,Slightly Delayed,Traffic
9230099449,45467,2023-05-08 04:14:00,2023-05-08 04:10:00,-4,3.75,On Time,
4277432248,33604,2023-05-10 21:45:00,2023-05-10 21:41:00,-4,4.78,On Time,
3624765984,26888,2023-12-11 08:35:00,2023-12-11 08:30:00,-5,2.89,On Time,
8533110341,45197,2023-06-14 09:14:00,2023-06-14 09:21:00,7,1.21,Slightly Delayed,Traffic
5036664068,54985,2023-11-06 08:03:00,2023-11-06 08:00:00,-3,1.44,On Time,
9989636336,91946,2024-05-24 07:45:00,2024-05-24 07:59:00,14,4.86,Slightly Delayed,Traffic
2843642858,39226,2024-03-14 07:05:00,2024-03-14 07:07:00,2,1.92,On Time,Traffic
7510849424,35153,2024-03-08 04:30:00,2024-03-08 04:29:00,-1,3.62,On Time,
8744806310,19395,2023-07-04 00:02:00,2023-07-03 23:59:00,-3,2.89,On Time,
7605774154,78836,2024-02-02 23:57:00,2024-02-02 23:55:00,-2,4.44,On Time,
6904233594,24070,2024-08-09 22:04:00,2024-08-09 22:00:00,-4,1.53,On Time,
6371336060,17953,2024-07-21 20:22:00,2024-07-21 20:19:00,-3,2.4,On Time,
8137624530,85372,2023-10-25 00:15:00,2023-10-25 00:27:00,12,4.67,Slightly Delayed,Traffic
9131474241,7186,2024-10-18 17:12:00,2024-10-18 17:07:00,-5,2.16,On Time,
7413772322,77018,2023-06-12 15:56:00,2023-06-12 15:58:00,2,3.33,On Time,Traffic
9400852015,92978,2024-07-01 07:08:00,2024-07-01 07:19:00,11,4.72,Slightly Delayed,Traffic
4867437863,48327,2024-01-25 03:11:00,2024-01-25 03:25:00,14,2.82,Slightly Delayed,Traffic
4219458877,45483,2023-12-27 03:00:00,2023-12-27 03:22:00,22,3.86,Significantly Delayed,Traffic
35135941,64624,2024-07-29 18:26:00,2024-07-29 18:21:00,-5,3.09,On Time,
4754258275,81493,2023-09-16 13:54:00,2023-09-16 13:52:00,-2,0.79,On Time,
9195687538,17689,2024-01-06 12:06:00,2024-01-06 12:36:00,30,0.63,Significantly Delayed,Traffic
344554037,53784,2023-11-10 08:34:00,2023-11-10 08:52:00,18,2.49,Significantly Delayed,Traffic
7503255456,31307,2023-08-03 21:30:00,2023-08-03 21:46:00,16,1.57,Significantly Delayed,Traffic
5903638531,30906,2023-05-02 16:58:00,2023-05-02 16:56:00,-2,0.73,On Time,
1670694517,54015,2024-08-09 17:55:00,2024-08-09 17:50:00,-5,1.62,On Time,
2369121788,509,2024-05-28 21:37:00,2024-05-28 21:41:00,4,4.9,On Time,Traffic
6012082951,9667,2023-05-17 06:23:00,2023-05-17 06:26:00,3,2.52,On Time,Traffic
3675914158,57846,2024-03-08 06:23:00,2024-03-08 06:36:00,13,1.98,Slightly Delayed,Traffic
1396605672,87368,2024-01-07 02:09:00,2024-01-07 02:06:00,-3,3.09,On Time,
4260996213,14963,2023-04-12 12:55:00,2023-04-12 13:12:00,17,1.23,Significantly Delayed,Traffic
4749534376,33915,2024-05-19 00:49:00,2024-05-19 00:44:00,-5,4.34,On Time,
6095091385,58226,2024-07-11 07:18:00,2024-07-11 07:31:00,13,3.14,Slightly Delayed,Traffic
1131338162,72596,2024-02-03 12:11:00,2024-02-03 12:09:00,-2,3.25,On Time,
6100236720,91266,2023-08-24 13:12:00,2023-08-24 13:14:00,2,2.93,On Time,Traffic
3363683548,93499,2024-02-09 10:32:00,2024-02-09 10:32:00,0,1.2,On Time,
8721540965,67650,2024-07-05 13:13:00,2024-07-05 13:12:00,-1,4.87,On Time,
1712456261,26493,2023-10-15 10:50:00,2023-10-15 10:49:00,-1,4.91,On Time,
760930025,62735,2023-06-19 18:48:00,2023-06-19 18:46:00,-2,3.35,On Time,
5652465358,54033,2024-06-17 18:23:00,2024-06-17 18:44:00,21,0.59,Significantly Delayed,Traffic
3580915899,64163,2023-10-23 18:28:00,2023-10-23 18:23:00,-5,2.33,On Time,
1174382816,82185,2024-08-14 21:05:00,2024-08-14 21:06:00,1,1.42,On Time,Traffic
3200474667,16148,2024-09-17 19:14:00,2024-09-17 19:10:00,-4,0.98,On Time,
7474651061,94198,2023-06-09 22:52:00,2023-06-09 22:47:00,-5,2.11,On Time,
1892282465,2804,2023-08-23 02:00:00,2023-08-23 01:59:00,-1,3.49,On Time,
3859828998,39119,2023-04-14 04:01:00,2023-04-14 04:00:00,-1,0.78,On Time,
2554590672,36934,2023-12-03 13:02:00,2023-12-03 13:05:00,3,2.42,On Time,Traffic
9667675052,94350,2023-09-29 13:36:00,2023-09-29 13:40:00,4,3.23,On Time,Traffic
8382437838,84984,2024-05-30 16:17:00,2024-05-30 16:15:00,-2,3.02,On Time,
6247090607,96576,2023-10-07 15:54:00,2023-10-07 15:56:00,2,3.76,On Time,Traffic
5004073261,62540,2024-06-16 17:38:00,2024-06-16 17:51:00,13,0.86,Slightly Delayed,Traffic
6595898122,99156,2024-07-13 20:57:00,2024-07-13 20:53:00,-4,2.95,On Time,
9844371682,70915,2023-06-10 20:40:00,2023-06-10 20:35:00,-5,3.43,On Time,
7198169379,92952,2023-07-13 21:14:00,2023-07-13 21:22:00,8,2.25,Slightly Delayed,Traffic
2815855636,6074,2023-07-28 10:29:00,2023-07-28 10:32:00,3,1.93,On Time,Traffic
6033660622,82054,2023-04-12 15:24:00,2023-04-12 15:31:00,7,3.74,Slightly Delayed,Traffic
7944056454,83225,2023-05-22 23:50:00,2023-05-22 23:52:00,2,4.19,On Time,Traffic
4354264440,3704,2023-12-13 11:20:00,2023-12-13 11:32:00,12,4.26,Slightly Delayed,Traffic
5623096090,13931,2023-08-25 12:54:00,2023-08-25 12:54:00,0,0.9,On Time,
701856661,15464,2024-06-10 01:32:00,2024-06-10 01:31:00,-1,3.71,On Time,
1911276445,18487,2024-10-20 14:54:00,2024-10-20 15:06:00,12,2.99,Slightly Delayed,Traffic
9323909987,7906,2024-05-09 04:15:00,2024-05-09 04:13:00,-2,0.6,On Time,
1988898073,21707,2024-02-21 11:44:00,2024-02-21 11:54:00,10,1.17,Slightly Delayed,Traffic
6457671753,50589,2024-01-07 23:51:00,2024-01-07 23:48:00,-3,1.96,On Time,
3556497272,79803,2024-10-18 10:32:00,2024-10-18 10:35:00,3,4.09,On Time,Traffic
2182762247,8763,2023-09-06 20:47:00,2023-09-06 20:43:00,-4,2.61,On Time,
6026842782,57323,2024-08-27 20:11:00,2024-08-27 20:10:00,-1,1.19,On Time,
1227108607,36907,2024-09-18 12:49:00,2024-09-18 12:52:00,3,3.36,On Time,Traffic
9362226645,29024,2024-05-12 05:18:00,2024-05-12 05:27:00,9,3.5,Slightly Delayed,Traffic
6313785973,34181,2023-03-21 03:28:00,2023-03-21 03:38:00,10,1.22,Slightly Delayed,Traffic
1297253359,20964,2024-04-24 09:29:00,2024-04-24 09:38:00,9,3.5,Slightly Delayed,Traffic
6138091203,27226,2023-09-09 06:11:00,2023-09-09 06:06:00,-5,4.3,On Time,
4770739350,96604,2024-07-12 19:55:00,2024-07-12 20:22:00,27,3.34,Significantly Delayed,Traffic
6253838449,92207,2024-06-11 00:49:00,2024-06-11 00:51:00,2,1.37,On Time,Traffic
1015708455,35032,2023-09-04 18:11:00,2023-09-04 18:19:00,8,2.74,Slightly Delayed,Traffic
2201201842,7484,2023-10-02 13:29:00,2023-10-02 13:24:00,-5,1.61,On Time,
200000051,58741,2023-10-04 20:21:00,2023-10-04 20:17:00,-4,4.86,On Time,
409570377,6848,2024-03-27 14:57:00,2024-03-27 15:12:00,15,3.53,Slightly Delayed,Traffic
5944464513,80133,2023-03-25 16:57:00,2023-03-25 16:55:00,-2,4.49,On Time,
7064377287,30746,2024-09-02 07:48:00,2024-09-02 07:48:00,0,3.87,On Time,
7763036477,11382,2024-08-14 20:39:00,2024-08-14 20:34:00,-5,2.35,On Time,
7494002152,12465,2024-05-01 06:48:00,2024-05-01 06:44:00,-4,4.81,On Time,
692127479,59887,2024-07-09 23:27:00,2024-07-09 23:22:00,-5,3.54,On Time,
7544245121,48705,2024-09-26 18:11:00,2024-09-26 18:19:00,8,0.74,Slightly Delayed,Traffic
4429641190,56195,2023-06-18 06:03:00,2023-06-18 06:04:00,1,3.43,On Time,Traffic
8093366865,55773,2024-10-16 12:03:00,2024-10-16 12:30:00,27,1.97,Significantly Delayed,Traffic
6269075067,40584,2023-11-16 00:09:00,2023-11-16 00:06:00,-3,3.95,On Time,
4056304110,32614,2023-11-25 12:19:00,2023-11-25 12:37:00,18,1.37,Significantly Delayed,Traffic
4447978623,26809,2024-08-21 07:12:00,2024-08-21 07:12:00,0,4.74,On Time,
5875285677,55480,2023-05-20 10:53:00,2023-05-20 10:57:00,4,1.55,On Time,Traffic
4177774653,8589,2024-05-20 10:53:00,2024-05-20 10:55:00,2,3.63,On Time,Traffic
502632296,67946,2024-05-15 19:50:00,2024-05-15 19:53:00,3,4.42,On Time,Traffic
5037688536,166,2024-02-24 05:54:00,2024-02-24 06:22:00,28,3.96,Significantly Delayed,Traffic
6844277478,29959,2024-08-28 17:16:00,2024-08-28 17:23:00,7,4.59,Slightly Delayed,Traffic
3368317718,96055,2024-06-01 00:17:00,2024-06-01 00:12:00,-5,4.71,On Time,
913881994,98626,2024-08-04 21:40:00,2024-08-04 21:41:00,1,4.43,On Time,Traffic
6445700839,94758,2024-03-06 15:45:00,2024-03-06 15:48:00,3,1.13,On Time,Traffic
101613683,59292,2023-06-29 21:03:00,2023-06-29 20:58:00,-5,4.08,On Time,
7094586913,74282,2023-10-01 21:05:00,2023-10-01 21:06:00,1,4.54,On Time,Traffic
2478557609,53936,2024-06-15 14:59:00,2024-06-15 15:12:00,13,1.9,Slightly Delayed,Traffic
9516720368,46734,2024-04-04 20:21:00,2024-04-04 20:22:00,1,3.37,On Time,Traffic
3808010352,50711,2024-02-17 02:42:00,2024-02-17 02:40:00,-2,1.51,On Time,
7921886899,97509,2023-07-01 03:01:00,2023-07-01 02:58:00,-3,3.69,On Time,
6818712547,65099,2023-12-27 06:15:00,2023-12-27 06:13:00,-2,2.26,On Time,
4538204462,4874,2024-02-26 18:29:00,2024-02-26 18:30:00,1,2.06,On Time,Traffic
2008331630,19684,2023-07-13 00:50:00,2023-07-13 00:50:00,0,4.14,On Time,
3901338038,93090,2024-08-23 04:04:00,2024-08-23 04:06:00,2,3.21,On Time,Traffic
1483786406,99066,2023-03-25 07:41:00,2023-03-25 08:09:00,28,3.36,Significantly Delayed,Traffic
5022936426,86251,2023-09-18 03:46:00,2023-09-18 03:41:00,-5,3.99,On Time,
5470875365,79541,2024-03-31 08:21:00,2024-03-31 08:23:00,2,0.75,On Time,Traffic
7144611408,55520,2023-08-18 08:39:00,2023-08-18 08:37:00,-2,4.62,On Time,
9411421675,51778,2024-01-24 10:39:00,2024-01-24 10:42:00,3,4.6,On Time,Traffic
7315949343,72063,2023-09-17 22:50:00,2023-09-17 22:49:00,-1,4.42,On Time,
9430475133,41262,2023-03-25 02:04:00,2023-03-25 02:07:00,3,3.39,On Time,Traffic
3062145702,8248,2024-06-21 15:09:00,2024-06-21 15:13:00,4,2.9,On Time,Traffic
6500458984,90658,2023-11-08 07:28:00,2023-11-08 07:37:00,9,1.2,Slightly Delayed,Traffic
7429306851,96651,2024-04-22 04:09:00,2024-04-22 04:10:00,1,0.79,On Time,Traffic
2687236003,93868,2024-01-10 21:12:00,2024-01-10 21:15:00,3,0.84,On Time,Traffic
1885906938,39994,2023-10-09 04:33:00,2023-10-09 04:40:00,7,2.84,Slightly Delayed,Traffic
9949334146,58811,2024-08-05 02:45:00,2024-08-05 03:09:00,24,2.71,Significantly Delayed,Traffic
2555454584,50763,2023-08-12 17:34:00,2023-08-12 17:55:00,21,1.85,Significantly Delayed,Traffic
2503209946,13371,2024-04-28 11:27:00,2024-04-28 11:26:00,-1,1.66,On Time,
2329563439,52741,2023-11-02 23:56:00,2023-11-03 00:19:00,23,2.91,Significantly Delayed,Traffic
1041536174,60201,2023-06-15 09:00:00,2023-06-15 09:12:00,12,0.92,Slightly Delayed,Traffic
6631188689,24043,2024-03-28 12:32:00,2024-03-28 12:27:00,-5,2.62,On Time,
9300178512,73376,2023-07-25 12:55:00,2023-07-25 12:58:00,3,0.65,On Time,Traffic
1086881691,6106,2024-04-10 17:37:00,2024-04-10 17:35:00,-2,3.75,On Time,
8008880980,65111,2024-04-18 15:48:00,2024-04-18 15:52:00,4,2.88,On Time,Traffic
2417680703,41668,2024-02-11 00:48:00,2024-02-11 01:02:00,14,2.42,Slightly Delayed,Traffic
1117730990,19991,2024-08-23 20:07:00,2024-08-23 20:07:00,0,2.09,On Time,
1678557345,20447,2024-05-12 17:20:00,2024-05-12 17:20:00,0,2.56,On Time,
4505129824,81297,2023-11-14 13:13:00,2023-11-14 13:16:00,3,1.09,On Time,Traffic
8737295686,61898,2023-12-11 09:28:00,2023-12-11 09:23:00,-5,2.36,On Time,
7997347191,11517,2024-07-11 03:48:00,2024-07-11 04:01:00,13,3.99,Slightly Delayed,Traffic
1930645698,82675,2024-08-07 13:27:00,2024-08-07 13:31:00,4,1.16,On Time,Traffic
5393373590,48267,2024-09-27 17:27:00,2024-09-27 17:36:00,9,1.59,Slightly Delayed,Traffic
5851854765,71230,2023-11-24 15:07:00,2023-11-24 15:16:00,9,0.88,Slightly Delayed,Traffic
3765179520,99605,2024-06-23 05:04:00,2024-06-23 05:27:00,23,0.53,Significantly Delayed,Traffic
683969424,88789,2023-08-10 06:31:00,2023-08-10 06:42:00,11,2.51,Slightly Delayed,Traffic
8459624382,87672,2023-08-22 18:27:00,2023-08-22 18:40:00,13,1.98,Slightly Delayed,Traffic
7110044004,30128,2023-04-24 14:14:00,2023-04-24 14:21:00,7,4.19,Slightly Delayed,Traffic
4302375314,63810,2024-03-03 08:44:00,2024-03-03 08:49:00,5,2.12,On Time,Traffic
1245307588,89554,2023-04-24 15:57:00,2023-04-24 16:07:00,10,4.48,Slightly Delayed,Traffic
3876260101,39494,2023-09-11 12:59:00,2023-09-11 12:57:00,-2,4.2,On Time,
3162263618,48838,2023-05-27 12:52:00,2023-05-27 12:54:00,2,1.43,On Time,Traffic
655792395,74441,2024-04-19 23:14:00,2024-04-19 23:20:00,6,1.93,Slightly Delayed,Traffic
7624743284,67656,2023-08-15 05:37:00,2023-08-15 05:44:00,7,4.86,Slightly Delayed,Traffic
4783962671,12164,2023-10-09 17:59:00,2023-10-09 18:07:00,8,0.99,Slightly Delayed,Traffic
7166787473,13336,2024-08-24 06:25:00,2024-08-24 06:54:00,29,0.73,Significantly Delayed,Traffic
9395228070,82773,2024-09-12 20:12:00,2024-09-12 20:11:00,-1,1.83,On Time,
902157975,86411,2023-04-12 01:14:00,2023-04-12 01:11:00,-3,0.52,On Time,
6947741744,54437,2023-07-10 08:17:00,2023-07-10 08:22:00,5,4.47,On Time,Traffic
4788498083,64522,2023-09-17 03:09:00,2023-09-17 03:25:00,16,3.6,Significantly Delayed,Traffic
8070127087,46786,2024-08-22 06:21:00,2024-08-22 06:26:00,5,1.53,On Time,Traffic
5191429552,99889,2023-12-23 17:23:00,2023-12-23 17:35:00,12,2.72,Slightly Delayed,Traffic
5220651138,9937,2024-03-13 02:42:00,2024-03-13 02:39:00,-3,3.51,On Time,
2758734705,30040,2023-08-02 23:29:00,2023-08-02 23:31:00,2,4.23,On Time,Traffic
2907887532,83016,2023-11-19 13:10:00,2023-11-19 13:09:00,-1,2.0,On Time,
7388846009,51360,2024-02-22 09:19:00,2024-02-22 09:18:00,-1,4.8,On Time,
2606843929,15405,2024-06-14 14:24:00,2024-06-14 14:20:00,-4,2.29,On Time,
5637567433,53431,2024-09-02 01:28:00,2024-09-02 01:23:00,-5,0.67,On Time,
8838095431,61209,2023-05-06 11:05:00,2023-05-06 11:07:00,2,1.88,On Time,Traffic
1564649286,16991,2023-12-06 04:07:00,2023-12-06 04:12:00,5,2.69,On Time,Traffic
4098166849,93376,2023-10-12 00:40:00,2023-10-12 01:04:00,24,2.17,Significantly Delayed,Traffic
8091143423,71870,2023-11-23 23:14:00,2023-11-23 23:17:00,3,3.33,On Time,Traffic
3024045336,158,2024-04-15 02:02:00,2024-04-15 02:06:00,4,4.13,On Time,Traffic
6152984028,47844,2023-08-29 01:10:00,2023-08-29 01:16:00,6,0.7,Slightly Delayed,Traffic
3450790653,5694,2023-08-27 18:29:00,2023-08-27 18:27:00,-2,4.66,On Time,
8028917900,56483,2023-07-18 01:06:00,2023-07-18 01:08:00,2,0.82,On Time,Traffic
7781884407,63528,2024-08-11 16:12:00,2024-08-11 16:14:00,2,1.27,On Time,Traffic
3483689828,95069,2023-07-28 06:59:00,2023-07-28 06:59:00,0,0.78,On Time,
8341286014,60030,2024-08-29 15:52:00,2024-08-29 15:56:00,4,3.84,On Time,Traffic
7936106887,4033,2024-05-07 15:17:00,2024-05-07 15:20:00,3,2.79,On Time,Traffic
2247354978,56703,2024-09-26 10:34:00,2024-09-26 10:30:00,-4,1.17,On Time,
5347701114,49960,2023-10-16 18:22:00,2023-10-16 18:20:00,-2,3.07,On Time,
7846068436,60910,2023-11-29 13:17:00,2023-11-29 13:19:00,2,1.5,On Time,Traffic
9893439302,2306,2023-09-05 20:33:00,2023-09-05 20:29:00,-4,2.83,On Time,
4160816433,34874,2023-12-09 12:34:00,2023-12-09 12:43:00,9,3.24,Slightly Delayed,Traffic
6000890622,29998,2024-09-14 16:26:00,2024-09-14 16:23:00,-3,0.96,On Time,
7317676958,61886,2023-07-02 04:14:00,2023-07-02 04:25:00,11,1.65,Slightly Delayed,Traffic
8620144614,95461,2024-07-10 23:13:00,2024-07-10 23:34:00,21,1.46,Significantly Delayed,Traffic
3940758882,46910,2024-01-24 04:44:00,2024-01-24 04:48:00,4,0.51,On Time,Traffic
5216555041,72142,2024-03-03 23:34:00,2024-03-03 23:31:00,-3,1.25,On Time,
5144793312,46815,2024-08-01 00:38:00,2024-08-01 00:38:00,0,1.8,On Time,
7241413847,93156,2023-04-15 10:39:00,2023-04-15 10:34:00,-5,0.88,On Time,
3567610983,20825,2023-08-19 04:18:00,2023-08-19 04:35:00,17,3.18,Significantly Delayed,Traffic
16878685,52442,2024-04-09 02:44:00,2024-04-09 02:47:00,3,2.47,On Time,Traffic
951657166,14551,2024-04-21 08:04:00,2024-04-21 07:59:00,-5,3.88,On Time,
4189022307,89735,2024-05-05 23:23:00,2024-05-05 23:24:00,1,4.08,On Time,Traffic
7378521428,2580,2024-04-24 21:13:00,2024-04-24 21:11:00,-2,1.29,On Time,
6266311709,82516,2024-06-25 01:54:00,2024-06-25 01:56:00,2,2.0,On Time,Traffic
7985347262,55202,2024-07-31 08:58:00,2024-07-31 08:57:00,-1,4.89,On Time,
992764262,15917,2023-11-14 03:35:00,2023-11-14 03:33:00,-2,1.79,On Time,
3080291353,11812,2024-08-16 19:22:00,2024-08-16 19:25:00,3,3.38,On Time,Traffic
5532188237,12596,2024-06-09 11:05:00,2024-06-09 11:01:00,-4,2.31,On Time,
6814658453,75027,2023-09-28 11:41:00,2023-09-28 11:37:00,-4,1.31,On Time,
4861499558,50307,2024-03-20 16:54:00,2024-03-20 16:55:00,1,0.96,On Time,Traffic
2521042570,91832,2024-05-17 11:03:00,2024-05-17 11:01:00,-2,2.94,On Time,
5217781278,73513,2023-06-27 02:59:00,2023-06-27 03:13:00,14,1.31,Slightly Delayed,Traffic
8006034379,34026,2024-05-03 06:32:00,2024-05-03 06:37:00,5,4.61,On Time,Traffic
7380913411,31462,2024-06-07 17:32:00,2024-06-07 17:45:00,13,4.7,Slightly Delayed,Traffic
7706841114,121,2024-02-27 03:16:00,2024-02-27 03:13:00,-3,3.81,On Time,
1561779937,35802,2024-03-27 22:13:00,2024-03-27 22:15:00,2,2.47,On Time,Traffic
7196559586,89036,2024-08-19 11:43:00,2024-08-19 11:38:00,-5,1.98,On Time,
2359961993,53176,2024-06-18 09:43:00,2024-06-18 09:43:00,0,4.6,On Time,
243819964,42120,2023-12-03 09:42:00,2023-12-03 09:43:00,1,2.06,On Time,Traffic
4806735178,52673,2024-06-12 17:14:00,2024-06-12 17:13:00,-1,2.31,On Time,
9198762300,52504,2023-12-02 09:15:00,2023-12-02 09:11:00,-4,3.76,On Time,
1105231941,38404,2024-01-20 01:20:00,2024-01-20 01:25:00,5,4.87,On Time,Traffic
5533955218,61605,2024-06-20 04:37:00,2024-06-20 04:33:00,-4,2.46,On Time,
5130246751,23663,2023-05-08 06:20:00,2023-05-08 06:16:00,-4,1.46,On Time,
4528445001,31379,2024-04-19 12:53:00,2024-04-19 13:02:00,9,1.2,Slightly Delayed,Traffic
9503959018,40645,2024-09-18 10:55:00,2024-09-18 10:58:00,3,3.66,On Time,Traffic
4107052604,32714,2023-11-21 11:00:00,2023-11-21 11:02:00,2,3.94,On Time,Traffic
5578822558,79766,2023-08-06 18:01:00,2023-08-06 18:16:00,15,4.0,Slightly Delayed,Traffic
5506634472,37774,2024-09-22 18:18:00,2024-09-22 18:36:00,18,3.52,Significantly Delayed,Traffic
4112426763,17291,2024-09-24 21:03:00,2024-09-24 21:00:00,-3,1.61,On Time,
7157334145,10121,2023-10-09 09:10:00,2023-10-09 09:08:00,-2,4.72,On Time,
8423458672,59255,2023-03-20 00:04:00,2023-03-20 00:09:00,5,4.24,On Time,Traffic
3011683470,2265,2023-03-20 07:45:00,2023-03-20 07:50:00,5,4.3,On Time,Traffic
1884947290,96167,2023-09-09 01:48:00,2023-09-09 01:51:00,3,3.5,On Time,Traffic
558163882,43299,2024-07-11 12:00:00,2024-07-11 12:07:00,7,1.63,Slightly Delayed,Traffic
824869105,50457,2024-08-27 16:44:00,2024-08-27 16:41:00,-3,3.7,On Time,
4193492511,10949,2023-10-02 15:34:00,2023-10-02 15:33:00,-1,2.92,On Time,
120996684,86475,2023-10-02 11:35:00,2023-10-02 11:45:00,10,0.68,Slightly Delayed,Traffic
2531932780,4665,2023-07-16 12:15:00,2023-07-16 12:17:00,2,4.93,On Time,Traffic
8095547865,14451,2023-03-19 13:11:00,2023-03-19 13:07:00,-4,3.05,On Time,
6894204435,48874,2023-06-17 18:53:00,2023-06-17 18:48:00,-5,3.58,On Time,
9514917126,51089,2024-07-29 08:03:00,2024-07-29 08:13:00,10,2.87,Slightly Delayed,Traffic
9329665908,64268,2023-07-15 08:32:00,2023-07-15 08:34:00,2,2.69,On Time,Traffic
1435406360,25991,2023-12-11 08:01:00,2023-12-11 07:58:00,-3,2.11,On Time,
3460843508,89605,2023-10-21 01:05:00,2023-10-21 01:04:00,-1,3.59,On Time,
4762084133,50374,2024-09-29 23:38:00,2024-09-29 23:43:00,5,1.36,On Time,Traffic
3884862300,38680,2024-02-21 09:18:00,2024-02-21 09:25:00,7,2.84,Slightly Delayed,Traffic
1990946411,16925,2024-05-16 23:15:00,2024-05-16 23:12:00,-3,2.44,On Time,
5054937065,24647,2024-08-24 17:11:00,2024-08-24 17:24:00,13,1.77,Slightly Delayed,Traffic
9431652023,53366,2024-09-06 22:35:00,2024-09-06 22:39:00,4,1.86,On Time,Traffic
2268736598,8883,2023-07-07 08:25:00,2023-07-07 08:21:00,-4,1.89,On Time,
2793638565,7507,2024-02-11 08:41:00,2024-02-11 08:36:00,-5,4.78,On Time,
4168839407,45033,2023-04-06 00:15:00,2023-04-06 00:14:00,-1,3.25,On Time,
7406514357,66093,2024-02-07 14:25:00,2024-02-07 14:21:00,-4,1.79,On Time,
6087916798,10351,2023-11-17 16:53:00,2023-11-17 17:03:00,10,4.46,Slightly Delayed,Traffic
4319962076,66984,2024-01-11 06:06:00,2024-01-11 06:25:00,19,1.55,Significantly Delayed,Traffic
3904134741,4829,2024-05-02 10:19:00,2024-05-02 10:24:00,5,1.25,On Time,Traffic
3770123374,86645,2023-11-19 22:03:00,2023-11-19 22:07:00,4,0.56,On Time,Traffic
4494390731,10118,2023-04-28 12:31:00,2023-04-28 12:39:00,8,4.06,Slightly Delayed,Traffic
6109777696,12387,2024-10-17 20:04:00,2024-10-17 20:10:00,6,3.5,Slightly Delayed,Traffic
1401372388,18081,2023-04-17 09:55:00,2023-04-17 09:54:00,-1,0.72,On Time,
4283973398,86156,2023-09-14 17:50:00,2023-09-14 17:52:00,2,1.41,On Time,Traffic
3261847147,86297,2023-09-16 03:48:00,2023-09-16 03:56:00,8,4.8,Slightly Delayed,Traffic
3153811191,69044,2024-03-08 06:16:00,2024-03-08 06:21:00,5,4.63,On Time,Traffic
2639216409,17836,2024-03-10 12:00:00,2024-03-10 12:04:00,4,4.66,On Time,Traffic
5948575331,53387,2024-05-09 23:12:00,2024-05-09 23:10:00,-2,1.46,On Time,
7792925364,8734,2024-10-23 03:06:00,2024-10-23 03:07:00,1,0.56,On Time,Traffic
7286478750,35322,2023-10-13 04:13:00,2023-10-13 04:22:00,9,3.24,Slightly Delayed,Traffic
9776505630,66941,2023-04-19 03:59:00,2023-04-19 03:55:00,-4,4.39,On Time,
4527342708,81841,2023-10-03 13:47:00,2023-10-03 13:42:00,-5,2.49,On Time,
1124359689,42724,2024-09-13 05:24:00,2024-09-13 05:37:00,13,4.52,Slightly Delayed,Traffic
3717458742,97637,2023-08-27 23:58:00,2023-08-28 00:04:00,6,2.14,Slightly Delayed,Traffic
283675535,3175,2023-03-24 17:17:00,2023-03-24 17:14:00,-3,2.89,On Time,
6039353394,39607,2023-08-08 15:29:00,2023-08-08 15:25:00,-4,2.52,On Time,
6735917931,99298,2023-09-27 12:25:00,2023-09-27 12:24:00,-1,4.98,On Time,
5155256671,8227,2024-08-14 01:02:00,2024-08-14 00:58:00,-4,2.26,On Time,
3984108726,63676,2024-02-27 18:15:00,2024-02-27 18:19:00,4,4.62,On Time,Traffic
2491374111,43388,2024-08-10 05:06:00,2024-08-10 05:08:00,2,2.18,On Time,Traffic
2043371805,5098,2024-10-02 07:08:00,2024-10-02 07:22:00,14,2.07,Slightly Delayed,Traffic
9657782153,14419,2024-02-29 14:57:00,2024-02-29 14:53:00,-4,4.77,On Time,
9237289778,10352,2024-05-29 15:01:00,2024-05-29 15:06:00,5,3.13,On Time,Traffic
8917116859,29174,2024-07-05 23:53:00,2024-07-05 23:54:00,1,3.89,On Time,Traffic
720578658,67720,2024-06-02 09:10:00,2024-06-02 09:06:00,-4,1.2,On Time,
9122210530,81385,2024-01-18 04:39:00,2024-01-18 05:03:00,24,3.74,Significantly Delayed,Traffic
3540524256,39511,2023-10-22 09:31:00,2023-10-22 09:36:00,5,0.88,On Time,Traffic
1909520255,16469,2023-05-23 11:00:00,2023-05-23 11:17:00,17,4.88,Significantly Delayed,Traffic
8022279737,7643,2024-09-08 14:13:00,2024-09-08 14:11:00,-2,1.02,On Time,
7381549355,28416,2023-09-28 13:30:00,2023-09-28 13:35:00,5,4.76,On Time,Traffic
3998829973,88976,2023-10-10 01:26:00,2023-10-10 01:46:00,20,3.21,Significantly Delayed,Traffic
2895464675,13097,2023-04-20 10:28:00,2023-04-20 10:40:00,12,4.48,Slightly Delayed,Traffic
3971098657,84093,2024-05-26 03:04:00,2024-05-26 03:06:00,2,1.28,On Time,Traffic
5278249111,22996,2024-03-01 21:45:00,2024-03-01 22:08:00,23,0.51,Significantly Delayed,Traffic
9810576443,51602,2023-11-01 13:20:00,2023-11-01 13:24:00,4,4.19,On Time,Traffic
4128844410,17809,2023-07-20 17:36:00,2023-07-20 17:37:00,1,2.47,On Time,Traffic
6103869123,60764,2023-06-06 14:37:00,2023-06-06 14:37:00,0,3.31,On Time,
6595041423,53964,2024-07-23 11:06:00,2024-07-23 11:04:00,-2,3.32,On Time,
3991011923,4543,2024-02-07 09:21:00,2024-02-07 09:21:00,0,4.32,On Time,
5275440923,95040,2023-03-21 05:06:00,2023-03-21 05:20:00,14,4.23,Slightly Delayed,Traffic
6468633344,67358,2024-02-23 06:43:00,2024-02-23 06:40:00,-3,4.28,On Time,
9992859795,47148,2023-11-12 20:17:00,2023-11-12 20:30:00,13,1.55,Slightly Delayed,Traffic
7518488485,69310,2023-04-26 10:41:00,2023-04-26 10:46:00,5,4.45,On Time,Traffic
9746950023,50913,2023-11-02 06:39:00,2023-11-02 06:36:00,-3,2.54,On Time,
2721433550,99958,2023-06-07 14:28:00,2023-06-07 14:29:00,1,3.28,On Time,Traffic
6131680348,11536,2024-07-19 22:17:00,2024-07-19 22:18:00,1,1.27,On Time,Traffic
2281544500,65040,2023-06-09 10:26:00,2023-06-09 10:28:00,2,1.53,On Time,Traffic
4283802879,22353,2023-05-10 15:37:00,2023-05-10 15:32:00,-5,0.56,On Time,
8621732366,87688,2023-09-05 18:46:00,2023-09-05 18:50:00,4,2.97,On Time,Traffic
3797679856,81944,2023-12-10 05:27:00,2023-12-10 05:27:00,0,4.15,On Time,
8532100929,84664,2023-11-06 15:34:00,2023-11-06 15:39:00,5,1.36,On Time,Traffic
2973976544,71497,2024-09-19 17:30:00,2024-09-19 17:35:00,5,0.65,On Time,Traffic
814260962,23195,2023-09-14 16:26:00,2023-09-14 16:24:00,-2,3.56,On Time,
9411848231,44999,2024-05-15 21:51:00,2024-05-15 22:06:00,15,2.38,Slightly Delayed,Traffic
6637284724,30833,2023-09-08 10:44:00,2023-09-08 10:46:00,2,3.05,On Time,Traffic
6497594124,96186,2024-10-24 17:53:00,2024-10-24 17:58:00,5,2.57,On Time,Traffic
7213146086,68499,2023-03-23 20:21:00,2023-03-23 20:16:00,-5,3.21,On Time,
5110274761,17677,2024-05-23 03:15:00,2024-05-23 03:16:00,1,2.01,On Time,Traffic
1112110363,50590,2024-01-20 22:36:00,2024-01-20 22:44:00,8,2.43,Slightly Delayed,Traffic
1209202931,32217,2023-06-27 00:24:00,2023-06-27 00:26:00,2,4.29,On Time,Traffic
6384745391,65142,2024-08-17 16:05:00,2024-08-17 16:12:00,7,3.35,Slightly Delayed,Traffic
3367452972,6565,2024-08-31 14:22:00,2024-08-31 14:38:00,16,3.62,Significantly Delayed,Traffic
2317597587,30057,2024-06-17 00:42:00,2024-06-17 00:40:00,-2,4.65,On Time,
2254884198,62821,2023-07-01 02:19:00,2023-07-01 02:23:00,4,3.67,On Time,Traffic
679196318,77111,2024-08-19 23:03:00,2024-08-19 23:00:00,-3,2.17,On Time,
2185319815,43571,2024-03-02 20:56:00,2024-03-02 20:59:00,3,4.84,On Time,Traffic
5965281449,26992,2023-06-26 17:51:00,2023-06-26 17:53:00,2,2.03,On Time,Traffic
8616726869,13100,2024-01-10 22:21:00,2024-01-10 22:46:00,25,3.04,Significantly Delayed,Traffic
4786027510,27204,2024-09-30 12:33:00,2024-09-30 12:28:00,-5,1.63,On Time,
4910445344,18682,2024-05-18 09:11:00,2024-05-18 09:08:00,-3,3.9,On Time,
7629577899,524,2023-12-14 15:53:00,2023-12-14 16:02:00,9,4.06,Slightly Delayed,Traffic
4769055037,18445,2023-08-10 21:31:00,2023-08-10 21:46:00,15,1.95,Slightly Delayed,Traffic
8476029654,52921,2023-11-17 09:14:00,2023-11-17 09:19:00,5,1.46,On Time,Traffic
7809866112,3022,2024-07-11 09:41:00,2024-07-11 09:54:00,13,1.63,Slightly Delayed,Traffic
5453896364,24588,2023-06-24 00:43:00,2023-06-24 00:45:00,2,3.73,On Time,Traffic
9080432189,42351,2024-08-27 19:58:00,2024-08-27 20:02:00,4,2.76,On Time,Traffic
3079758919,27064,2024-08-22 16:14:00,2024-08-22 16:13:00,-1,0.68,On Time,
4076039325,79127,2024-08-12 19:45:00,2024-08-12 19:56:00,11,2.5,Slightly Delayed,Traffic
9239241275,48917,2024-02-07 03:34:00,2024-02-07 03:32:00,-2,3.42,On Time,
4864829217,25765,2023-09-19 05:23:00,2023-09-19 05:20:00,-3,3.51,On Time,
5108704843,75292,2024-04-04 15:04:00,2024-04-04 15:09:00,5,1.51,On Time,Traffic
8049805410,61504,2024-09-27 18:45:00,2024-09-27 19:11:00,26,2.86,Significantly Delayed,Traffic
4711642504,89819,2024-08-15 13:39:00,2024-08-15 13:44:00,5,2.72,On Time,Traffic
8952094523,83322,2023-11-14 18:30:00,2023-11-14 18:41:00,11,2.81,Slightly Delayed,Traffic
4285784267,54001,2024-04-15 18:58:00,2024-04-15 18:56:00,-2,4.13,On Time,
7494670835,184,2024-01-18 00:42:00,2024-01-18 00:45:00,3,1.24,On Time,Traffic
7667090453,96187,2023-06-23 23:49:00,2023-06-23 23:50:00,1,3.63,On Time,Traffic
2193572534,23297,2023-03-26 08:05:00,2023-03-26 08:33:00,28,1.4,Significantly Delayed,Traffic
5357089776,33831,2024-09-30 23:53:00,2024-09-30 23:55:00,2,2.27,On Time,Traffic
1191016829,31384,2023-06-27 20:36:00,2023-06-27 20:50:00,14,2.36,Slightly Delayed,Traffic
549484032,60679,2023-04-13 08:40:00,2023-04-13 08:42:00,2,4.35,On Time,Traffic
8164076900,63901,2023-06-18 00:23:00,2023-06-18 00:31:00,8,4.54,Slightly Delayed,Traffic
7136165651,68514,2024-09-30 13:07:00,2024-09-30 13:10:00,3,1.49,On Time,Traffic
5368349643,33226,2023-05-22 09:21:00,2023-05-22 09:49:00,28,4.54,Significantly Delayed,Traffic
6965901435,60857,2024-10-16 15:58:00,2024-10-16 15:55:00,-3,0.86,On Time,
6687307827,71891,2023-04-19 14:26:00,2023-04-19 14:31:00,5,3.74,On Time,Traffic
475294138,59790,2023-12-29 17:45:00,2023-12-29 17:46:00,1,1.52,On Time,Traffic
9047534059,59606,2023-12-08 14:21:00,2023-12-08 14:25:00,4,4.65,On Time,Traffic
2807487047,72837,2024-11-03 13:41:00,2024-11-03 13:43:00,2,3.8,On Time,Traffic
5840148195,61116,2024-01-22 10:16:00,2024-01-22 10:15:00,-1,3.64,On Time,
3758135932,62277,2023-08-25 01:17:00,2023-08-25 01:20:00,3,3.72,On Time,Traffic
1978476136,70123,2024-06-22 20:29:00,2024-06-22 20:30:00,1,1.43,On Time,Traffic
423648434,86520,2024-10-30 15:43:00,2024-10-30 15:45:00,2,0.82,On Time,Traffic
7201868330,80726,2024-02-20 21:11:00,2024-02-20 21:10:00,-1,1.86,On Time,
9710106935,84964,2023-04-17 15:57:00,2023-04-17 16:08:00,11,1.71,Slightly Delayed,Traffic
4432235479,28012,2024-09-27 17:17:00,2024-09-27 17:18:00,1,4.67,On Time,Traffic
6951956244,24830,2023-10-30 01:27:00,2023-10-30 01:27:00,0,2.61,On Time,
378485826,58783,2024-03-27 12:15:00,2024-03-27 12:15:00,0,1.95,On Time,
8982211913,42083,2024-09-19 18:14:00,2024-09-19 18:15:00,1,2.32,On Time,Traffic
6487868576,16376,2023-10-25 03:23:00,2023-10-25 03:35:00,12,4.82,Slightly Delayed,Traffic
2973502797,9894,2024-06-02 03:39:00,2024-06-02 03:41:00,2,2.06,On Time,Traffic
4105022903,9294,2023-08-20 19:19:00,2023-08-20 19:20:00,1,3.99,On Time,Traffic
3668828731,65268,2024-08-10 04:07:00,2024-08-10 04:03:00,-4,0.97,On Time,
8644734267,12535,2023-10-12 07:25:00,2023-10-12 07:20:00,-5,4.4,On Time,
3757871565,59600,2023-08-10 07:37:00,2023-08-10 07:32:00,-5,1.19,On Time,
5770510806,62246,2024-01-23 09:05:00,2024-01-23 09:16:00,11,1.72,Slightly Delayed,Traffic
4514836077,68618,2023-06-10 10:27:00,2023-06-10 10:41:00,14,1.31,Slightly Delayed,Traffic
5927852227,45911,2024-04-12 06:20:00,2024-04-12 06:18:00,-2,0.57,On Time,
350719542,14338,2024-10-06 07:17:00,2024-10-06 07:14:00,-3,3.02,On Time,
868288823,72354,2024-03-06 19:17:00,2024-03-06 19:27:00,10,1.4,Slightly Delayed,Traffic
7199670826,81311,2024-01-17 10:41:00,2024-01-17 11:08:00,27,3.65,Significantly Delayed,Traffic
3091948113,22775,2024-02-13 10:08:00,2024-02-13 10:22:00,14,3.86,Slightly Delayed,Traffic
5793742966,17016,2024-01-04 18:29:00,2024-01-04 18:34:00,5,0.78,On Time,Traffic
7347109009,50972,2023-09-24 19:42:00,2023-09-24 19:51:00,9,3.04,Slightly Delayed,Traffic
7078912146,96685,2023-09-18 11:49:00,2023-09-18 11:44:00,-5,4.11,On Time,
2480856222,46682,2023-11-08 16:38:00,2023-11-08 16:41:00,3,0.56,On Time,Traffic
281421547,20137,2023-05-20 20:22:00,2023-05-20 20:20:00,-2,1.58,On Time,
5226963306,85138,2024-06-23 07:02:00,2024-06-23 07:03:00,1,4.02,On Time,Traffic
7316642056,69898,2024-02-10 00:23:00,2024-02-10 00:31:00,8,2.16,Slightly Delayed,Traffic
8997415290,47066,2024-08-14 17:19:00,2024-08-14 17:40:00,21,2.44,Significantly Delayed,Traffic
6737025662,59670,2023-03-28 07:00:00,2023-03-28 07:01:00,1,3.17,On Time,Traffic
8395290763,51846,2024-05-31 19:15:00,2024-05-31 19:39:00,24,0.99,Significantly Delayed,Traffic
7261119579,35731,2024-07-06 06:38:00,2024-07-06 06:37:00,-1,0.96,On Time,
9938037878,48074,2024-10-29 11:44:00,2024-10-29 11:56:00,12,4.26,Slightly Delayed,Traffic
7154987905,19693,2024-10-06 02:52:00,2024-10-06 03:13:00,21,2.82,Significantly Delayed,Traffic
3605534244,94641,2024-01-17 12:28:00,2024-01-17 12:30:00,2,1.16,On Time,Traffic
5626601040,79158,2024-02-26 23:48:00,2024-02-26 23:57:00,9,4.46,Slightly Delayed,Traffic
2577064886,98272,2024-06-07 04:51:00,2024-06-07 04:53:00,2,3.15,On Time,Traffic
2561362173,26727,2023-05-30 07:58:00,2023-05-30 07:59:00,1,1.8,On Time,Traffic
2793120553,7048,2023-06-24 11:10:00,2023-06-24 11:11:00,1,4.94,On Time,Traffic
4476563699,60652,2023-09-11 02:47:00,2023-09-11 03:13:00,26,4.52,Significantly Delayed,Traffic
1580021952,42125,2024-10-24 14:36:00,2024-10-24 14:32:00,-4,2.93,On Time,
7263454149,73299,2023-10-14 01:51:00,2023-10-14 01:50:00,-1,0.97,On Time,
4371924002,24078,2024-10-21 13:32:00,2024-10-21 13:46:00,14,1.67,Slightly Delayed,Traffic
2955277471,59573,2023-12-06 13:15:00,2023-12-06 13:35:00,20,4.24,Significantly Delayed,Traffic
9445490338,66940,2023-05-23 23:07:00,2023-05-23 23:18:00,11,4.49,Slightly Delayed,Traffic
2668915104,19287,2023-12-01 20:44:00,2023-12-01 20:49:00,5,1.88,On Time,Traffic
1045621584,28894,2023-12-19 00:57:00,2023-12-19 01:20:00,23,0.92,Significantly Delayed,Traffic
4550545705,39869,2024-06-21 04:59:00,2024-06-21 05:04:00,5,1.82,On Time,Traffic
3373390154,42345,2024-07-24 09:18:00,2024-07-24 09:20:00,2,4.51,On Time,Traffic
5142985961,19720,2024-02-07 03:08:00,2024-02-07 03:10:00,2,2.28,On Time,Traffic
649220272,7867,2023-09-23 15:25:00,2023-09-23 15:24:00,-1,1.58,On Time,
5023958886,75426,2024-09-24 05:58:00,2024-09-24 06:09:00,11,0.74,Slightly Delayed,Traffic
9993542681,73532,2023-05-23 04:26:00,2023-05-23 04:41:00,15,4.21,Slightly Delayed,Traffic
4380367305,45530,2024-04-08 13:52:00,2024-04-08 13:55:00,3,3.66,On Time,Traffic
3626113485,17386,2024-03-26 01:51:00,2024-03-26 01:47:00,-4,3.77,On Time,
4399099668,36414,2023-06-18 17:29:00,2023-06-18 17:42:00,13,1.42,Slightly Delayed,Traffic
3760880745,97705,2024-10-13 22:15:00,2024-10-13 22:23:00,8,2.14,Slightly Delayed,Traffic
1803155516,16338,2023-06-21 01:51:00,2023-06-21 01:49:00,-2,2.72,On Time,
4413782983,94774,2023-06-01 18:31:00,2023-06-01 18:34:00,3,1.37,On Time,Traffic
6766424456,10642,2024-04-10 06:06:00,2024-04-10 06:11:00,5,3.12,On Time,Traffic
8701531535,84395,2024-09-03 00:10:00,2024-09-03 00:20:00,10,3.77,Slightly Delayed,Traffic
3961971562,66728,2024-04-19 19:55:00,2024-04-19 19:51:00,-4,3.58,On Time,
1337510774,37353,2024-07-19 12:57:00,2024-07-19 12:56:00,-1,0.76,On Time,
8859147707,40674,2024-03-29 22:03:00,2024-03-29 22:17:00,14,1.12,Slightly Delayed,Traffic
5850669672,78930,2023-06-10 09:01:00,2023-06-10 09:03:00,2,3.37,On Time,Traffic
1183906926,37000,2023-12-29 20:35:00,2023-12-29 20:46:00,11,1.57,Slightly Delayed,Traffic
6277509652,71254,2024-10-31 08:37:00,2024-10-31 09:00:00,23,2.61,Significantly Delayed,Traffic
72748189,69743,2023-06-18 06:47:00,2023-06-18 07:06:00,19,1.64,Significantly Delayed,Traffic
3164922639,64606,2024-05-05 23:18:00,2024-05-05 23:13:00,-5,0.86,On Time,
1768504415,59784,2023-09-15 19:59:00,2023-09-15 19:55:00,-4,3.46,On Time,
8173155169,69738,2024-01-06 15:05:00,2024-01-06 15:16:00,11,2.26,Slightly Delayed,Traffic
6164820061,90461,2023-05-26 23:18:00,2023-05-26 23:15:00,-3,0.58,On Time,
768283559,97341,2024-02-09 01:59:00,2024-02-09 01:57:00,-2,0.81,On Time,
5091744424,98123,2023-11-15 22:06:00,2023-11-15 22:22:00,16,2.34,Significantly Delayed,Traffic
932482893,4554,2024-07-24 23:12:00,2024-07-24 23:08:00,-4,2.93,On Time,
4588148640,95857,2023-03-19 19:27:00,2023-03-19 19:24:00,-3,4.87,On Time,
8120457107,20374,2024-01-27 19:02:00,2024-01-27 19:05:00,3,4.84,On Time,Traffic
6107471725,1329,2023-08-26 07:49:00,2023-08-26 07:53:00,4,3.63,On Time,Traffic
7001417958,97157,2024-03-28 04:03:00,2024-03-28 04:05:00,2,3.14,On Time,Traffic
7983443604,86341,2024-01-18 15:29:00,2024-01-18 15:31:00,2,4.46,On Time,Traffic
3057907418,51671,2024-04-04 22:59:00,2024-04-04 22:58:00,-1,0.84,On Time,
3312147996,12618,2024-06-06 06:52:00,2024-06-06 07:06:00,14,2.1,Slightly Delayed,Traffic
6822269883,51677,2024-01-15 07:44:00,2024-01-15 07:43:00,-1,1.99,On Time,
5004539711,91697,2023-07-28 00:10:00,2023-07-28 00:16:00,6,3.8,Slightly Delayed,Traffic
2426015858,62295,2024-06-03 00:36:00,2024-06-03 00:46:00,10,0.75,Slightly Delayed,Traffic
4415332793,23596,2024-04-25 00:16:00,2024-04-25 00:21:00,5,0.56,On Time,Traffic
1256813796,67012,2024-05-09 02:01:00,2024-05-09 02:02:00,1,1.78,On Time,Traffic
633633688,41759,2023-09-04 11:38:00,2023-09-04 11:47:00,9,0.56,Slightly Delayed,Traffic
8311814996,15205,2023-09-09 13:21:00,2023-09-09 13:34:00,13,1.32,Slightly Delayed,Traffic
1441735184,50605,2024-10-31 15:20:00,2024-10-31 15:25:00,5,2.86,On Time,Traffic
1525742840,32237,2024-06-24 12:29:00,2024-06-24 12:24:00,-5,3.19,On Time,
1947080315,61905,2023-10-09 16:35:00,2023-10-09 16:50:00,15,4.8,Slightly Delayed,Traffic
5682081545,45875,2024-07-11 16:23:00,2024-07-11 16:26:00,3,3.82,On Time,Traffic
8100817128,91888,2023-04-01 22:19:00,2023-04-01 22:31:00,12,4.58,Slightly Delayed,Traffic
6051792089,59903,2024-07-23 22:07:00,2024-07-23 22:09:00,2,4.95,On Time,Traffic
1158173915,58366,2023-08-13 01:42:00,2023-08-13 02:08:00,26,2.95,Significantly Delayed,Traffic
266072469,15434,2023-08-02 11:23:00,2023-08-02 11:36:00,13,1.84,Slightly Delayed,Traffic
2529883737,39897,2023-08-10 20:50:00,2023-08-10 20:47:00,-3,2.12,On Time,
9090089969,84901,2023-08-02 21:25:00,2023-08-02 21:33:00,8,1.53,Slightly Delayed,Traffic
7102272749,19086,2024-04-09 16:33:00,2024-04-09 16:36:00,3,1.68,On Time,Traffic
4948925080,74253,2023-04-27 12:54:00,2023-04-27 12:50:00,-4,3.58,On Time,
9463013186,11867,2023-06-29 17:38:00,2023-06-29 17:36:00,-2,4.55,On Time,
5581013292,54572,2024-09-17 19:14:00,2024-09-17 19:29:00,15,0.55,Slightly Delayed,Traffic
7009619835,83314,2024-10-28 06:36:00,2024-10-28 06:35:00,-1,1.39,On Time,
9177283950,76531,2023-08-25 00:14:00,2023-08-25 00:24:00,10,3.56,Slightly Delayed,Traffic
9359187866,2758,2023-12-18 09:43:00,2023-12-18 09:56:00,13,4.37,Slightly Delayed,Traffic
1524480475,95253,2024-06-23 21:13:00,2024-06-23 21:31:00,18,3.15,Significantly Delayed,Traffic
3829990099,51048,2024-02-05 18:49:00,2024-02-05 18:45:00,-4,0.58,On Time,
1058609445,24272,2024-07-09 19:14:00,2024-07-09 19:10:00,-4,4.14,On Time,
1022764286,16048,2024-04-21 14:46:00,2024-04-21 14:42:00,-4,0.55,On Time,
1913299658,36708,2023-12-25 13:19:00,2023-12-25 13:20:00,1,2.28,On Time,Traffic
5305443623,17051,2024-01-13 12:18:00,2024-01-13 12:14:00,-4,1.82,On Time,
4074369199,30054,2024-06-19 03:37:00,2024-06-19 03:39:00,2,2.09,On Time,Traffic
9966404015,89111,2023-08-10 12:09:00,2023-08-10 12:07:00,-2,1.18,On Time,
3192917514,10976,2024-05-10 09:18:00,2024-05-10 09:22:00,4,2.35,On Time,Traffic
1256718210,45443,2023-05-24 22:46:00,2023-05-24 22:56:00,10,3.15,Slightly Delayed,Traffic
6067839426,82492,2023-08-24 08:23:00,2023-08-24 08:22:00,-1,2.57,On Time,
2254923956,71496,2024-08-19 19:12:00,2024-08-19 19:35:00,23,0.52,Significantly Delayed,Traffic
7367673526,22866,2024-05-01 09:18:00,2024-05-01 09:20:00,2,1.77,On Time,Traffic
9467422683,23501,2023-09-21 00:11:00,2023-09-21 00:10:00,-1,2.96,On Time,
819853692,46537,2024-07-04 17:40:00,2024-07-04 17:35:00,-5,2.08,On Time,
3070834475,15125,2024-10-03 14:39:00,2024-10-03 14:44:00,5,0.72,On Time,Traffic
3620552357,26110,2024-06-19 03:05:00,2024-06-19 03:05:00,0,3.16,On Time,
5938542755,91330,2023-07-31 17:18:00,2023-07-31 17:14:00,-4,3.7,On Time,
9315535975,62494,2023-11-16 10:30:00,2023-11-16 10:57:00,27,1.92,Significantly Delayed,Traffic
3547873471,10442,2024-10-08 04:30:00,2024-10-08 04:35:00,5,2.93,On Time,Traffic
6546999829,90775,2023-10-06 18:15:00,2023-10-06 18:18:00,3,4.74,On Time,Traffic
9039495201,92126,2024-03-27 20:14:00,2024-03-27 20:09:00,-5,1.48,On Time,
99708985,8566,2023-11-19 04:46:00,2023-11-19 04:55:00,9,3.32,Slightly Delayed,Traffic
6312811061,59483,2024-08-31 14:03:00,2024-08-31 14:17:00,14,1.32,Slightly Delayed,Traffic
3915885220,75178,2024-06-21 10:53:00,2024-06-21 10:57:00,4,1.53,On Time,Traffic
6654736751,61095,2023-04-25 00:16:00,2023-04-25 00:12:00,-4,2.57,On Time,
841915361,25472,2024-10-31 19:17:00,2024-10-31 19:13:00,-4,4.98,On Time,
2543233800,76752,2023-09-23 17:31:00,2023-09-23 17:43:00,12,4.12,Slightly Delayed,Traffic
5271947935,70987,2024-08-26 23:22:00,2024-08-26 23:18:00,-4,2.41,On Time,
6339554317,28470,2023-06-14 01:09:00,2023-06-14 01:05:00,-4,4.17,On Time,
1840475676,92449,2024-05-27 03:55:00,2024-05-27 03:55:00,0,4.68,On Time,
6812031667,20307,2023-12-12 14:44:00,2023-12-12 14:47:00,3,3.86,On Time,Traffic
3031698482,43787,2024-10-11 07:34:00,2024-10-11 07:38:00,4,0.57,On Time,Traffic
7902025520,96782,2024-01-02 21:40:00,2024-01-02 21:46:00,6,3.29,Slightly Delayed,Traffic
1969446314,93399,2023-09-05 20:05:00,2023-09-05 20:09:00,4,4.35,On Time,Traffic
9949497098,92577,2024-10-28 22:31:00,2024-10-28 22:40:00,9,0.98,Slightly Delayed,Traffic
4572338018,11129,2023-05-04 11:00:00,2023-05-04 11:07:00,7,1.84,Slightly Delayed,Traffic
2964153358,60394,2023-06-12 00:42:00,2023-06-12 00:37:00,-5,1.46,On Time,
7642038633,99317,2024-03-10 11:50:00,2024-03-10 12:20:00,30,4.66,Significantly Delayed,Traffic
8208980848,53453,2024-02-21 23:57:00,2024-02-21 23:53:00,-4,3.18,On Time,
3343789681,53744,2023-05-27 21:57:00,2023-05-27 22:22:00,25,3.43,Significantly Delayed,Traffic
9478305481,33984,2024-02-02 04:12:00,2024-02-02 04:27:00,15,0.51,Slightly Delayed,Traffic
3475260976,37563,2023-03-26 19:09:00,2023-03-26 19:22:00,13,4.22,Slightly Delayed,Traffic
3665443705,33503,2024-08-09 13:30:00,2024-08-09 13:42:00,12,1.7,Slightly Delayed,Traffic
673592541,48217,2024-04-05 00:35:00,2024-04-05 00:35:00,0,3.39,On Time,
8074949320,81625,2023-08-17 13:35:00,2023-08-17 13:32:00,-3,2.17,On Time,
8056021378,67163,2023-11-04 22:32:00,2023-11-04 22:43:00,11,1.29,Slightly Delayed,Traffic
2331582000,12171,2024-03-16 09:38:00,2024-03-16 09:35:00,-3,1.51,On Time,
5844776722,57666,2024-01-10 12:17:00,2024-01-10 12:18:00,1,2.1,On Time,Traffic
8426465860,59023,2024-02-29 23:32:00,2024-02-29 23:27:00,-5,4.2,On Time,
9057555029,70770,2024-02-02 19:30:00,2024-02-02 19:36:00,6,2.9,Slightly Delayed,Traffic
2210486526,78433,2023-12-13 17:41:00,2023-12-13 17:41:00,0,3.8,On Time,
6421432903,36013,2024-01-30 17:47:00,2024-01-30 17:49:00,2,2.92,On Time,Traffic
3562901354,30335,2024-05-06 21:07:00,2024-05-06 21:07:00,0,4.33,On Time,
8194268842,31210,2024-08-15 08:08:00,2024-08-15 08:13:00,5,0.7,On Time,Traffic
7524467684,41508,2023-04-25 00:51:00,2023-04-25 00:50:00,-1,0.79,On Time,
1254195766,20073,2023-12-21 05:08:00,2023-12-21 05:06:00,-2,1.55,On Time,
6476646153,42014,2024-10-06 02:38:00,2024-10-06 02:47:00,9,1.3,Slightly Delayed,Traffic
8278568103,77200,2024-08-06 01:19:00,2024-08-06 01:16:00,-3,2.32,On Time,
8589621333,21113,2023-10-01 14:00:00,2023-10-01 13:57:00,-3,0.97,On Time,
8531683720,45775,2024-10-25 06:39:00,2024-10-25 06:43:00,4,3.67,On Time,Traffic
327291657,95819,2024-07-15 04:48:00,2024-07-15 04:44:00,-4,3.94,On Time,
6159164139,28967,2024-04-06 06:17:00,2024-04-06 06:22:00,5,2.49,On Time,Traffic
8029863164,94072,2023-10-22 16:17:00,2023-10-22 16:15:00,-2,3.57,On Time,
9387824629,92156,2023-12-30 18:30:00,2023-12-30 18:47:00,17,2.16,Significantly Delayed,Traffic
3289836195,76199,2024-05-29 02:48:00,2024-05-29 03:10:00,22,3.3,Significantly Delayed,Traffic
5001931575,22159,2024-10-28 20:14:00,2024-10-28 20:33:00,19,0.79,Significantly Delayed,Traffic
7258292820,51026,2023-08-13 22:22:00,2023-08-13 22:47:00,25,4.06,Significantly Delayed,Traffic
4924862857,41365,2023-08-08 17:14:00,2023-08-08 17:29:00,15,0.93,Slightly Delayed,Traffic
8666314034,50429,2023-04-21 19:14:00,2023-04-21 19:17:00,3,2.06,On Time,Traffic
6775326324,59090,2023-06-17 02:13:00,2023-06-17 02:21:00,8,2.08,Slightly Delayed,Traffic
6092636899,73041,2024-10-26 02:18:00,2024-10-26 02:19:00,1,1.85,On Time,Traffic
4115558056,20348,2024-04-17 02:49:00,2024-04-17 02:49:00,0,4.64,On Time,
2352136184,27659,2023-11-21 22:13:00,2023-11-21 22:37:00,24,3.87,Significantly Delayed,Traffic
1706445141,73737,2024-03-11 19:13:00,2024-03-11 19:22:00,9,3.29,Slightly Delayed,Traffic
9000165912,50130,2023-08-20 08:34:00,2023-08-20 08:57:00,23,0.75,Significantly Delayed,Traffic
7457305850,28367,2023-12-08 12:16:00,2023-12-08 12:21:00,5,0.78,On Time,Traffic
9685973820,22198,2024-04-20 03:36:00,2024-04-20 03:48:00,12,4.87,Slightly Delayed,Traffic
168067196,42592,2024-07-16 13:30:00,2024-07-16 13:35:00,5,2.65,On Time,Traffic
6105240201,59775,2024-05-22 23:40:00,2024-05-22 23:48:00,8,2.23,Slightly Delayed,Traffic
1888247163,77605,2024-02-09 11:49:00,2024-02-09 11:48:00,-1,1.35,On Time,
7145162326,64500,2023-06-23 22:41:00,2023-06-23 22:51:00,10,4.58,Slightly Delayed,Traffic
7611231659,1857,2023-09-22 12:21:00,2023-09-22 12:46:00,25,3.53,Significantly Delayed,Traffic
4508784747,45529,2024-03-11 01:58:00,2024-03-11 02:10:00,12,2.15,Slightly Delayed,Traffic
2567590825,2575,2023-10-10 20:19:00,2023-10-10 20:19:00,0,1.04,On Time,
9255982861,75663,2024-10-17 05:12:00,2024-10-17 05:17:00,5,3.98,On Time,Traffic
4102063254,14319,2024-01-13 12:44:00,2024-01-13 13:06:00,22,3.26,Significantly Delayed,Traffic
7373931740,4116,2024-08-27 00:22:00,2024-08-27 00:24:00,2,2.53,On Time,Traffic
5682816404,14009,2023-07-10 15:11:00,2023-07-10 15:15:00,4,2.61,On Time,Traffic
544018743,23075,2024-03-31 14:32:00,2024-03-31 14:38:00,6,3.05,Slightly Delayed,Traffic
3292929952,65834,2024-09-10 06:54:00,2024-09-10 07:05:00,11,3.13,Slightly Delayed,Traffic
9144790321,32954,2023-04-17 16:33:00,2023-04-17 16:48:00,15,1.54,Slightly Delayed,Traffic
9075991438,58668,2023-06-21 23:26:00,2023-06-21 23:27:00,1,2.31,On Time,Traffic
3634813810,73783,2024-08-12 05:18:00,2024-08-12 05:45:00,27,4.53,Significantly Delayed,Traffic
8250406975,64277,2023-12-07 11:22:00,2023-12-07 11:21:00,-1,4.77,On Time,
5877618756,23099,2023-07-07 11:24:00,2023-07-07 11:20:00,-4,3.29,On Time,
2419292139,21081,2024-05-31 22:50:00,2024-05-31 23:01:00,11,4.34,Slightly Delayed,Traffic
9547123332,86656,2023-06-07 13:58:00,2023-06-07 13:54:00,-4,1.9,On Time,
6968636396,60048,2024-04-02 19:50:00,2024-04-02 19:48:00,-2,4.28,On Time,
5247557644,72372,2023-05-20 08:27:00,2023-05-20 08:25:00,-2,4.88,On Time,
7731193394,10460,2024-10-15 13:16:00,2024-10-15 13:43:00,27,2.35,Significantly Delayed,Traffic
6048321120,48142,2024-07-25 10:59:00,2024-07-25 11:07:00,8,4.49,Slightly Delayed,Traffic
8494582006,29476,2023-05-04 16:07:00,2023-05-04 16:04:00,-3,1.97,On Time,
5600781757,96115,2023-06-18 10:32:00,2023-06-18 10:31:00,-1,4.6,On Time,
495091707,99245,2024-09-16 01:27:00,2024-09-16 01:39:00,12,4.94,Slightly Delayed,Traffic
3239613823,91047,2024-04-18 16:36:00,2024-04-18 16:37:00,1,3.19,On Time,Traffic
3643352219,94768,2023-09-15 09:53:00,2023-09-15 09:50:00,-3,4.43,On Time,
2051599638,97807,2023-04-22 10:55:00,2023-04-22 11:11:00,16,1.59,Significantly Delayed,Traffic
3514859549,33736,2023-12-21 14:45:00,2023-12-21 14:42:00,-3,3.69,On Time,
3907599008,68561,2023-12-12 01:08:00,2023-12-12 01:08:00,0,0.79,On Time,
1534993603,97084,2024-01-07 00:25:00,2024-01-07 00:20:00,-5,1.96,On Time,
8980701254,94420,2024-05-12 15:17:00,2024-05-12 15:25:00,8,3.18,Slightly Delayed,Traffic
6695408903,37440,2023-05-24 13:56:00,2023-05-24 14:08:00,12,1.18,Slightly Delayed,Traffic
3268455899,19152,2023-09-16 17:26:00,2023-09-16 17:26:00,0,1.82,On Time,
7809161755,84449,2023-04-10 16:32:00,2023-04-10 16:34:00,2,4.72,On Time,Traffic
8873697539,41581,2024-02-14 05:33:00,2024-02-14 05:34:00,1,1.04,On Time,Traffic
8603941640,20405,2024-01-06 08:16:00,2024-01-06 08:12:00,-4,4.57,On Time,
8308184279,64196,2023-06-19 08:21:00,2023-06-19 08:26:00,5,2.24,On Time,Traffic
7572826287,74511,2023-04-23 12:06:00,2023-04-23 12:04:00,-2,0.87,On Time,
7478396641,37146,2023-12-05 14:12:00,2023-12-05 14:24:00,12,3.92,Slightly Delayed,Traffic
3569283921,26141,2023-10-27 07:34:00,2023-10-27 07:33:00,-1,3.68,On Time,
9947619677,65941,2024-08-20 20:50:00,2024-08-20 20:46:00,-4,2.12,On Time,
5396237918,49918,2024-01-31 20:17:00,2024-01-31 20:22:00,5,4.88,On Time,Traffic
455878765,6556,2024-07-06 04:25:00,2024-07-06 04:26:00,1,1.66,On Time,Traffic
2079195080,84399,2024-03-30 02:52:00,2024-03-30 02:50:00,-2,2.75,On Time,
6104211214,5923,2024-07-21 02:44:00,2024-07-21 02:46:00,2,2.14,On Time,Traffic
9442939134,44610,2024-08-24 11:52:00,2024-08-24 11:47:00,-5,0.71,On Time,
3317293496,42288,2024-02-13 09:03:00,2024-02-13 09:00:00,-3,0.98,On Time,
8243326501,24700,2024-01-21 11:35:00,2024-01-21 11:36:00,1,2.33,On Time,Traffic
4109483569,22588,2024-03-10 19:01:00,2024-03-10 19:10:00,9,4.29,Slightly Delayed,Traffic
5390352336,17564,2024-07-15 04:47:00,2024-07-15 04:49:00,2,1.24,On Time,Traffic
2581584982,92740,2023-10-20 02:26:00,2023-10-20 02:27:00,1,2.11,On Time,Traffic
1668737869,21499,2023-03-24 00:00:00,2023-03-23 23:57:00,-3,0.92,On Time,
5046906329,55251,2023-08-07 08:00:00,2023-08-07 08:03:00,3,3.21,On Time,Traffic
2536833157,29809,2023-05-08 04:58:00,2023-05-08 04:56:00,-2,1.72,On Time,
9176170352,64871,2023-11-03 09:06:00,2023-11-03 09:06:00,0,3.69,On Time,
833930925,71285,2024-01-10 16:44:00,2024-01-10 16:40:00,-4,0.69,On Time,
8515226099,86830,2023-08-21 17:27:00,2023-08-21 17:25:00,-2,1.59,On Time,
2023020278,3627,2023-06-14 10:24:00,2023-06-14 10:37:00,13,2.68,Slightly Delayed,Traffic
2840526544,3957,2023-03-28 07:36:00,2023-03-28 07:38:00,2,3.86,On Time,Traffic
7267422945,24170,2023-05-03 12:29:00,2023-05-03 12:25:00,-4,1.87,On Time,
9400777426,22677,2023-11-17 00:31:00,2023-11-17 00:39:00,8,4.32,Slightly Delayed,Traffic
3298603544,64773,2023-06-15 23:54:00,2023-06-16 00:16:00,22,1.48,Significantly Delayed,Traffic
4479973293,76853,2024-09-11 19:11:00,2024-09-11 19:15:00,4,4.0,On Time,Traffic
356236208,89331,2023-08-08 13:31:00,2023-08-08 13:36:00,5,4.65,On Time,Traffic
6699845542,79038,2023-12-06 15:02:00,2023-12-06 14:57:00,-5,1.39,On Time,
3106057977,21621,2024-06-07 18:49:00,2024-06-07 18:46:00,-3,1.82,On Time,
1905367587,6217,2023-11-05 08:59:00,2023-11-05 08:57:00,-2,4.47,On Time,
169590729,45869,2024-05-23 05:28:00,2024-05-23 05:24:00,-4,3.47,On Time,
9820743709,57086,2023-12-03 10:32:00,2023-12-03 10:34:00,2,0.96,On Time,Traffic
6605882211,39274,2023-12-03 10:43:00,2023-12-03 11:08:00,25,2.51,Significantly Delayed,Traffic
9517765444,20603,2023-09-28 05:02:00,2023-09-28 04:59:00,-3,1.26,On Time,
7766311749,54135,2023-11-28 15:25:00,2023-11-28 15:23:00,-2,1.39,On Time,
742238239,59655,2023-12-21 21:41:00,2023-12-21 21:43:00,2,2.94,On Time,Traffic
3146141485,19370,2023-12-27 08:46:00,2023-12-27 08:50:00,4,1.05,On Time,Traffic
6633702824,32567,2024-06-19 09:08:00,2024-06-19 09:05:00,-3,3.5,On Time,
5033749011,78614,2023-10-22 14:00:00,2023-10-22 13:58:00,-2,2.88,On Time,
4009496217,19960,2023-07-22 03:21:00,2023-07-22 03:24:00,3,1.98,On Time,Traffic
4284473821,70335,2024-03-25 08:29:00,2024-03-25 08:32:00,3,2.84,On Time,Traffic
8860588793,44421,2023-08-03 15:32:00,2023-08-03 15:33:00,1,4.93,On Time,Traffic
5305428485,48428,2023-05-07 03:11:00,2023-05-07 03:15:00,4,2.59,On Time,Traffic
676278878,11530,2023-04-08 08:29:00,2023-04-08 08:28:00,-1,4.7,On Time,
9459854097,52270,2023-10-28 22:47:00,2023-10-28 22:45:00,-2,3.36,On Time,
3895596621,53909,2023-10-29 04:32:00,2023-10-29 04:29:00,-3,3.75,On Time,
7750915110,96593,2023-09-18 19:37:00,2023-09-18 19:44:00,7,3.28,Slightly Delayed,Traffic
5173951989,62728,2023-11-11 17:33:00,2023-11-11 17:29:00,-4,4.74,On Time,
6388954643,46446,2024-02-23 07:05:00,2024-02-23 07:03:00,-2,1.85,On Time,
5819387689,54590,2023-09-08 18:24:00,2023-09-08 18:19:00,-5,3.89,On Time,
4184037584,44659,2023-10-15 09:31:00,2023-10-15 09:31:00,0,2.1,On Time,
9525140554,52570,2024-10-15 09:26:00,2024-10-15 09:27:00,1,0.89,On Time,Traffic
1617927874,46223,2024-09-14 16:09:00,2024-09-14 16:12:00,3,3.25,On Time,Traffic
1543944105,21539,2024-10-21 18:00:00,2024-10-21 18:26:00,26,2.99,Significantly Delayed,Traffic
341580530,43564,2024-07-10 07:21:00,2024-07-10 07:42:00,21,3.77,Significantly Delayed,Traffic
5133661902,36138,2023-11-13 22:53:00,2023-11-13 23:04:00,11,3.39,Slightly Delayed,Traffic
4557328309,27324,2024-06-13 01:40:00,2024-06-13 01:44:00,4,2.79,On Time,Traffic
4479421205,78302,2024-07-02 12:28:00,2024-07-02 12:42:00,14,1.59,Slightly Delayed,Traffic
5740294639,3587,2023-07-31 13:16:00,2023-07-31 13:31:00,15,4.38,Slightly Delayed,Traffic
8114060961,27873,2023-10-12 17:54:00,2023-10-12 18:21:00,27,0.63,Significantly Delayed,Traffic
5744553133,78378,2024-04-19 03:28:00,2024-04-19 03:35:00,7,0.73,Slightly Delayed,Traffic
5029893308,23973,2024-01-26 14:58:00,2024-01-26 14:56:00,-2,0.97,On Time,
9663384689,60561,2023-03-24 17:15:00,2023-03-24 17:21:00,6,1.58,Slightly Delayed,Traffic
7919240958,65015,2023-05-19 00:12:00,2023-05-19 00:12:00,0,2.6,On Time,
5211751826,73273,2023-08-31 01:55:00,2023-08-31 02:06:00,11,0.53,Slightly Delayed,Traffic
8713129069,3028,2024-10-16 08:47:00,2024-10-16 08:47:00,0,2.31,On Time,
1407304162,56660,2023-03-31 18:59:00,2023-03-31 18:59:00,0,3.65,On Time,
3793875046,14372,2024-01-30 08:30:00,2024-01-30 08:33:00,3,0.63,On Time,Traffic
4903700958,68302,2024-05-30 09:56:00,2024-05-30 09:59:00,3,0.67,On Time,Traffic
1989547877,96259,2023-12-14 02:27:00,2023-12-14 02:28:00,1,3.76,On Time,Traffic
9584857115,24203,2023-12-28 23:23:00,2023-12-28 23:21:00,-2,4.52,On Time,
7236760938,61643,2024-06-29 12:15:00,2024-06-29 12:11:00,-4,4.05,On Time,
4346903287,5643,2024-10-28 23:59:00,2024-10-29 00:02:00,3,4.95,On Time,Traffic
6353755071,15507,2024-02-12 01:00:00,2024-02-12 01:03:00,3,1.21,On Time,Traffic
89194627,37946,2024-03-06 18:27:00,2024-03-06 18:24:00,-3,4.59,On Time,
544919267,96790,2024-09-25 14:16:00,2024-09-25 14:17:00,1,4.42,On Time,Traffic
6665075012,3646,2024-01-14 03:21:00,2024-01-14 03:22:00,1,2.06,On Time,Traffic
4461389660,23681,2023-07-30 15:12:00,2023-07-30 15:40:00,28,2.74,Significantly Delayed,Traffic
8789328634,34277,2024-06-01 01:32:00,2024-06-01 01:50:00,18,1.44,Significantly Delayed,Traffic
147066568,86173,2024-07-12 07:58:00,2024-07-12 07:55:00,-3,1.2,On Time,
6712947216,3996,2023-04-11 04:24:00,2023-04-11 04:28:00,4,4.42,On Time,Traffic
4731158560,59602,2024-03-14 18:37:00,2024-03-14 18:37:00,0,0.81,On Time,
6228958238,83846,2023-08-31 04:25:00,2023-08-31 04:52:00,27,1.54,Significantly Delayed,Traffic
8006440384,46105,2023-06-09 05:35:00,2023-06-09 05:34:00,-1,4.43,On Time,
7330672658,69442,2024-10-25 04:12:00,2024-10-25 04:08:00,-4,3.67,On Time,
1766200974,56216,2024-10-13 15:08:00,2024-10-13 15:03:00,-5,3.37,On Time,
2878422829,87135,2024-07-16 06:06:00,2024-07-16 06:01:00,-5,2.59,On Time,
5862535621,82460,2024-01-03 06:23:00,2024-01-03 06:25:00,2,4.02,On Time,Traffic
3781134163,89523,2024-02-03 03:01:00,2024-02-03 03:09:00,8,1.54,Slightly Delayed,Traffic
7835720444,69804,2024-01-10 23:24:00,2024-01-10 23:51:00,27,1.34,Significantly Delayed,Traffic
1952343673,23019,2024-02-24 06:16:00,2024-02-24 06:14:00,-2,1.52,On Time,
9406096007,84186,2023-11-24 09:17:00,2023-11-24 09:30:00,13,1.42,Slightly Delayed,Traffic
1136528533,99968,2023-08-22 22:46:00,2023-08-22 22:58:00,12,1.81,Slightly Delayed,Traffic
9137126466,42265,2023-08-05 10:03:00,2023-08-05 10:04:00,1,1.67,On Time,Traffic
1495517558,4039,2024-08-17 16:49:00,2024-08-17 17:14:00,25,4.82,Significantly Delayed,Traffic
1643011737,83118,2024-07-14 08:37:00,2024-07-14 08:42:00,5,3.49,On Time,Traffic
4067366774,78609,2024-02-23 19:39:00,2024-02-23 19:42:00,3,3.55,On Time,Traffic
1683118802,76106,2023-12-17 15:46:00,2023-12-17 15:49:00,3,1.25,On Time,Traffic
5770514189,50789,2023-12-08 16:31:00,2023-12-08 16:37:00,6,4.07,Slightly Delayed,Traffic
9612669334,77039,2023-06-24 17:25:00,2023-06-24 17:29:00,4,4.07,On Time,Traffic
3262295808,22950,2024-04-19 20:22:00,2024-04-19 20:26:00,4,2.17,On Time,Traffic
1593291198,98452,2024-09-30 22:40:00,2024-09-30 22:55:00,15,1.94,Slightly Delayed,Traffic
5327721432,45092,2024-09-28 20:16:00,2024-09-28 20:15:00,-1,4.03,On Time,
4879497185,29418,2023-10-17 11:55:00,2023-10-17 11:53:00,-2,2.7,On Time,
6883107728,55685,2024-02-11 18:29:00,2024-02-11 18:27:00,-2,2.99,On Time,
1643246998,33474,2023-10-29 17:12:00,2023-10-29 17:18:00,6,2.96,Slightly Delayed,Traffic
913309291,77500,2024-06-16 09:23:00,2024-06-16 09:20:00,-3,2.56,On Time,
8298829689,85725,2023-11-29 12:26:00,2023-11-29 12:29:00,3,1.55,On Time,Traffic
7155488252,56349,2024-09-28 21:39:00,2024-09-28 21:36:00,-3,2.56,On Time,
8316192789,93941,2023-07-07 02:33:00,2023-07-07 02:34:00,1,1.87,On Time,Traffic
3589756658,10246,2023-12-18 09:17:00,2023-12-18 09:22:00,5,3.7,On Time,Traffic
8371900149,37141,2024-08-31 13:27:00,2024-08-31 13:28:00,1,0.62,On Time,Traffic
6659686612,14050,2024-04-20 03:17:00,2024-04-20 03:12:00,-5,3.11,On Time,
2937676500,91316,2024-05-25 19:08:00,2024-05-25 19:16:00,8,3.16,Slightly Delayed,Traffic
9908301442,50218,2023-06-10 08:20:00,2023-06-10 08:25:00,5,1.18,On Time,Traffic
3325049330,70928,2023-03-31 19:20:00,2023-03-31 19:17:00,-3,0.78,On Time,
2330986566,80888,2023-03-26 16:41:00,2023-03-26 16:40:00,-1,1.59,On Time,
1495975802,91194,2024-01-27 16:41:00,2024-01-27 16:43:00,2,4.25,On Time,Traffic
4207249029,29507,2023-10-15 18:04:00,2023-10-15 18:05:00,1,1.5,On Time,Traffic
1150143976,17949,2023-08-12 10:41:00,2023-08-12 10:42:00,1,4.19,On Time,Traffic
8443390148,67582,2023-06-12 11:23:00,2023-06-12 11:23:00,0,3.62,On Time,
8358703267,47723,2023-08-20 11:05:00,2023-08-20 11:07:00,2,3.45,On Time,Traffic
1608084881,38092,2024-03-21 23:52:00,2024-03-21 23:53:00,1,1.86,On Time,Traffic
2744486953,59839,2024-09-29 20:15:00,2024-09-29 20:37:00,22,4.14,Significantly Delayed,Traffic
3036885153,28150,2024-02-29 21:20:00,2024-02-29 21:30:00,10,0.79,Slightly Delayed,Traffic
7335148205,54244,2023-06-30 02:08:00,2023-06-30 02:04:00,-4,1.6,On Time,
2356580295,58531,2023-08-21 01:48:00,2023-08-21 01:49:00,1,3.35,On Time,Traffic
8999547266,80008,2023-12-09 17:13:00,2023-12-09 17:17:00,4,4.14,On Time,Traffic
3094439783,72382,2023-11-30 04:13:00,2023-11-30 04:15:00,2,1.84,On Time,Traffic
2753579193,13373,2023-03-29 15:06:00,2023-03-29 15:05:00,-1,1.24,On Time,
7683077217,74017,2024-04-17 18:27:00,2024-04-17 18:27:00,0,2.16,On Time,
2366099898,5230,2023-05-10 20:56:00,2023-05-10 20:57:00,1,2.51,On Time,Traffic
1252810532,63346,2024-07-03 21:37:00,2024-07-03 21:48:00,11,1.13,Slightly Delayed,Traffic
6493039553,79356,2024-08-06 11:41:00,2024-08-06 11:38:00,-3,4.33,On Time,
9274842886,68120,2023-11-15 19:04:00,2023-11-15 18:59:00,-5,1.83,On Time,
8255275254,33069,2023-12-03 02:14:00,2023-12-03 02:22:00,8,0.93,Slightly Delayed,Traffic
2136873695,40846,2023-07-09 11:18:00,2023-07-09 11:14:00,-4,1.41,On Time,
3253225736,22694,2024-07-19 09:08:00,2024-07-19 09:11:00,3,1.95,On Time,Traffic
7712604853,645,2023-09-26 23:48:00,2023-09-26 23:50:00,2,1.48,On Time,Traffic
5698803942,38462,2024-10-10 13:26:00,2024-10-10 13:28:00,2,1.78,On Time,Traffic
4393804577,20781,2023-08-30 13:54:00,2023-08-30 13:56:00,2,4.67,On Time,Traffic
9307961643,69847,2024-04-24 17:40:00,2024-04-24 17:40:00,0,3.95,On Time,
14103943,25400,2023-11-24 09:07:00,2023-11-24 09:18:00,11,2.36,Slightly Delayed,Traffic
4183595096,5568,2024-01-09 06:40:00,2024-01-09 06:35:00,-5,2.36,On Time,
9915365099,36218,2023-05-19 11:48:00,2023-05-19 11:50:00,2,1.09,On Time,Traffic
7979108696,67463,2024-05-20 22:24:00,2024-05-20 22:33:00,9,4.75,Slightly Delayed,Traffic
8756485728,43987,2024-02-10 21:32:00,2024-02-10 21:33:00,1,4.73,On Time,Traffic
4859441294,6040,2024-05-30 06:11:00,2024-05-30 06:17:00,6,4.36,Slightly Delayed,Traffic
8100291984,70176,2023-08-21 19:31:00,2023-08-21 19:53:00,22,3.34,Significantly Delayed,Traffic
7825714018,92931,2024-08-27 20:16:00,2024-08-27 20:16:00,0,1.68,On Time,
1785144322,27342,2024-07-22 17:04:00,2024-07-22 17:14:00,10,3.1,Slightly Delayed,Traffic
242240959,62828,2024-01-26 15:30:00,2024-01-26 15:34:00,4,2.15,On Time,Traffic
3527621284,24006,2024-07-21 04:38:00,2024-07-21 04:35:00,-3,1.46,On Time,
2254856113,58706,2023-04-16 10:44:00,2023-04-16 10:44:00,0,2.46,On Time,
4295420935,81922,2024-09-04 11:51:00,2024-09-04 11:53:00,2,1.26,On Time,Traffic
8739415992,88278,2023-06-02 23:19:00,2023-06-02 23:19:00,0,1.32,On Time,
2123879653,87546,2024-10-31 08:43:00,2024-10-31 08:58:00,15,2.34,Slightly Delayed,Traffic
1054974834,12315,2023-05-14 18:58:00,2023-05-14 19:06:00,8,2.36,Slightly Delayed,Traffic
6660596550,22021,2024-06-21 03:15:00,2024-06-21 03:45:00,30,3.67,Significantly Delayed,Traffic
1633238374,37968,2023-08-12 10:52:00,2023-08-12 10:56:00,4,2.31,On Time,Traffic
8133246330,14324,2023-10-08 13:38:00,2023-10-08 13:40:00,2,0.6,On Time,Traffic
4696656818,95505,2023-04-11 13:12:00,2023-04-11 13:26:00,14,1.91,Slightly Delayed,Traffic
7590214417,98898,2024-05-09 22:31:00,2024-05-09 22:53:00,22,1.63,Significantly Delayed,Traffic
1736212920,59462,2024-09-10 15:30:00,2024-09-10 15:25:00,-5,1.68,On Time,
4507702369,25049,2023-04-24 00:04:00,2023-04-24 00:06:00,2,4.05,On Time,Traffic
6458765046,23030,2023-06-29 17:56:00,2023-06-29 17:53:00,-3,4.18,On Time,
47953423,90878,2024-02-27 00:28:00,2024-02-27 00:32:00,4,1.88,On Time,Traffic
1263714922,33460,2023-10-06 01:24:00,2023-10-06 01:25:00,1,4.13,On Time,Traffic
2061768860,13006,2023-09-19 17:01:00,2023-09-19 17:09:00,8,4.71,Slightly Delayed,Traffic
4264335652,66568,2023-09-08 06:41:00,2023-09-08 06:37:00,-4,2.57,On Time,
3087181728,27119,2023-07-05 06:21:00,2023-07-05 06:26:00,5,1.1,On Time,Traffic
599772156,62467,2023-03-24 04:49:00,2023-03-24 05:02:00,13,2.77,Slightly Delayed,Traffic
6074313668,11276,2024-09-27 10:57:00,2024-09-27 11:02:00,5,1.61,On Time,Traffic
5497551107,19502,2024-08-18 16:01:00,2024-08-18 15:57:00,-4,3.64,On Time,
9102202025,65234,2024-04-10 07:51:00,2024-04-10 08:15:00,24,0.88,Significantly Delayed,Traffic
8794436743,10214,2023-07-17 06:41:00,2023-07-17 06:47:00,6,1.14,Slightly Delayed,Traffic
3299603042,94982,2024-06-17 04:21:00,2024-06-17 04:26:00,5,2.9,On Time,Traffic
243077069,94987,2024-04-25 18:54:00,2024-04-25 19:04:00,10,3.63,Slightly Delayed,Traffic
6749594412,6570,2023-11-30 15:32:00,2023-11-30 15:45:00,13,2.73,Slightly Delayed,Traffic
5378344982,83534,2024-02-17 01:23:00,2024-02-17 01:49:00,26,3.38,Significantly Delayed,Traffic
9103834515,30973,2024-01-03 08:40:00,2024-01-03 08:38:00,-2,2.47,On Time,
6237437720,29950,2023-08-26 07:17:00,2023-08-26 07:29:00,12,1.37,Slightly Delayed,Traffic
2719670578,75330,2024-09-04 10:02:00,2024-09-04 10:21:00,19,4.73,Significantly Delayed,Traffic
2748681349,464,2024-05-15 05:53:00,2024-05-15 05:58:00,5,2.99,On Time,Traffic
9851618724,73930,2023-10-03 18:16:00,2023-10-03 18:22:00,6,4.91,Slightly Delayed,Traffic
7013533376,53934,2023-12-08 14:15:00,2023-12-08 14:11:00,-4,0.78,On Time,
9727047029,92601,2024-01-04 02:12:00,2024-01-04 02:13:00,1,3.34,On Time,Traffic
1191540022,72969,2024-09-15 00:26:00,2024-09-15 00:37:00,11,1.82,Slightly Delayed,Traffic
5733572517,33195,2024-08-05 00:21:00,2024-08-05 00:35:00,14,3.48,Slightly Delayed,Traffic
9647928644,25971,2023-05-19 13:58:00,2023-05-19 13:57:00,-1,0.9,On Time,
9696598689,54430,2023-08-24 18:25:00,2023-08-24 18:33:00,8,4.6,Slightly Delayed,Traffic
1091207520,29429,2024-10-05 19:12:00,2024-10-05 19:12:00,0,2.76,On Time,
7995971909,92899,2023-05-08 18:29:00,2023-05-08 18:57:00,28,4.25,Significantly Delayed,Traffic
6077755741,40233,2023-07-20 23:41:00,2023-07-20 23:50:00,9,2.49,Slightly Delayed,Traffic
1240745644,53221,2023-05-20 12:10:00,2023-05-20 12:06:00,-4,1.14,On Time,
1397810713,11268,2023-12-09 14:55:00,2023-12-09 14:53:00,-2,1.6,On Time,
5149614189,10265,2023-07-24 15:04:00,2023-07-24 15:19:00,15,3.96,Slightly Delayed,Traffic
7453349798,63046,2023-08-10 14:10:00,2023-08-10 14:06:00,-4,4.58,On Time,
7570986632,55977,2023-05-17 11:18:00,2023-05-17 11:17:00,-1,3.33,On Time,
5292931220,1662,2023-11-25 03:12:00,2023-11-25 03:14:00,2,4.37,On Time,Traffic
2654499230,38789,2023-06-10 18:01:00,2023-06-10 17:59:00,-2,1.81,On Time,
2327587597,44056,2024-06-29 17:44:00,2024-06-29 17:39:00,-5,4.1,On Time,
5852189277,95197,2024-10-13 14:27:00,2024-10-13 14:22:00,-5,0.98,On Time,
8943211530,24417,2023-09-23 18:28:00,2023-09-23 18:32:00,4,2.35,On Time,Traffic
3305649506,404,2023-11-15 00:45:00,2023-11-15 00:45:00,0,2.21,On Time,
538997323,68926,2023-04-17 03:45:00,2023-04-17 03:48:00,3,1.9,On Time,Traffic
2966187610,28872,2023-04-13 01:22:00,2023-04-13 01:31:00,9,3.73,Slightly Delayed,Traffic
866693541,47194,2024-06-24 19:32:00,2024-06-24 19:30:00,-2,3.94,On Time,
440721658,90194,2023-05-05 10:23:00,2023-05-05 10:28:00,5,2.99,On Time,Traffic
2084323012,79429,2024-06-03 13:29:00,2024-06-03 13:24:00,-5,4.6,On Time,
4876314410,99870,2024-11-01 07:15:00,2024-11-01 07:19:00,4,1.84,On Time,Traffic
2401282648,38150,2023-08-10 20:59:00,2023-08-10 21:04:00,5,1.05,On Time,Traffic
2117291471,73647,2023-06-21 15:46:00,2023-06-21 15:49:00,3,1.95,On Time,Traffic
5455295163,70293,2024-08-25 11:37:00,2024-08-25 11:55:00,18,0.59,Significantly Delayed,Traffic
3219761206,25134,2024-07-14 13:17:00,2024-07-14 13:18:00,1,2.6,On Time,Traffic
7423918026,14790,2024-04-27 10:09:00,2024-04-27 10:07:00,-2,0.97,On Time,
1793817443,53816,2023-11-15 00:04:00,2023-11-15 00:14:00,10,2.48,Slightly Delayed,Traffic
2644609220,43073,2024-05-22 08:03:00,2024-05-22 07:59:00,-4,1.16,On Time,
1353492780,38772,2024-03-06 16:40:00,2024-03-06 16:40:00,0,1.28,On Time,
1230061693,32382,2023-06-15 18:39:00,2023-06-15 18:40:00,1,2.85,On Time,Traffic
6299572675,51388,2023-08-17 19:01:00,2023-08-17 19:14:00,13,1.63,Slightly Delayed,Traffic
5956863364,6378,2024-02-20 23:47:00,2024-02-20 23:55:00,8,3.25,Slightly Delayed,Traffic
6788884093,53748,2024-10-06 20:13:00,2024-10-06 20:16:00,3,1.02,On Time,Traffic
6120799223,7467,2024-01-14 01:05:00,2024-01-14 01:18:00,13,4.14,Slightly Delayed,Traffic
3892854030,14424,2024-02-08 04:18:00,2024-02-08 04:18:00,0,3.22,On Time,
1883324334,36776,2024-07-27 04:43:00,2024-07-27 04:44:00,1,4.39,On Time,Traffic
4541530278,9182,2024-04-05 02:29:00,2024-04-05 02:51:00,22,4.13,Significantly Delayed,Traffic
8807380767,62692,2023-04-22 21:53:00,2023-04-22 21:57:00,4,2.17,On Time,Traffic
5865396281,95971,2024-02-06 02:27:00,2024-02-06 02:57:00,30,1.04,Significantly Delayed,Traffic
340451825,47152,2024-09-25 19:33:00,2024-09-25 19:31:00,-2,3.79,On Time,
3327784606,19928,2024-01-11 07:52:00,2024-01-11 07:56:00,4,1.91,On Time,Traffic
5990129875,94600,2024-07-13 09:01:00,2024-07-13 09:16:00,15,2.82,Slightly Delayed,Traffic
8808930721,29750,2023-10-21 21:39:00,2023-10-21 21:37:00,-2,2.36,On Time,
8116880443,19975,2023-07-23 01:57:00,2023-07-23 01:55:00,-2,2.35,On Time,
9933926720,87199,2023-08-17 05:30:00,2023-08-17 05:29:00,-1,3.62,On Time,
776562418,38320,2024-09-08 22:15:00,2024-09-08 22:19:00,4,3.05,On Time,Traffic
6105793582,46350,2023-04-13 01:38:00,2023-04-13 01:50:00,12,1.91,Slightly Delayed,Traffic
9247779866,5188,2024-10-24 03:02:00,2024-10-24 03:16:00,14,2.75,Slightly Delayed,Traffic
5456672526,21356,2024-09-23 18:05:00,2024-09-23 18:10:00,5,3.99,On Time,Traffic
6676994910,79068,2023-11-28 22:41:00,2023-11-28 22:44:00,3,4.47,On Time,Traffic
9353512235,32312,2023-11-29 11:32:00,2023-11-29 11:29:00,-3,0.75,On Time,
6539196955,44716,2024-05-27 08:32:00,2024-05-27 08:49:00,17,2.92,Significantly Delayed,Traffic
7886908865,34483,2023-04-07 03:05:00,2023-04-07 03:08:00,3,2.69,On Time,Traffic
7548844176,82860,2023-05-12 17:40:00,2023-05-12 17:40:00,0,2.49,On Time,
3375735380,70000,2024-06-15 05:05:00,2024-06-15 05:01:00,-4,1.31,On Time,
32604190,60196,2023-12-08 09:19:00,2023-12-08 09:16:00,-3,4.49,On Time,
5731985133,43899,2024-06-21 09:46:00,2024-06-21 09:53:00,7,2.56,Slightly Delayed,Traffic
7586577278,97897,2023-11-24 07:52:00,2023-11-24 07:47:00,-5,0.77,On Time,
7765930124,55007,2024-10-14 07:54:00,2024-10-14 07:59:00,5,2.62,On Time,Traffic
299059193,88355,2024-05-04 09:20:00,2024-05-04 09:23:00,3,4.76,On Time,Traffic
135053432,29782,2023-04-24 13:50:00,2023-04-24 13:52:00,2,3.66,On Time,Traffic
9618593702,57144,2024-03-31 09:36:00,2024-03-31 09:49:00,13,1.03,Slightly Delayed,Traffic
2802699236,18183,2024-05-08 21:20:00,2024-05-08 21:46:00,26,2.88,Significantly Delayed,Traffic
2044567188,87638,2023-05-19 10:46:00,2023-05-19 10:51:00,5,4.05,On Time,Traffic
913489768,92300,2023-06-27 01:04:00,2023-06-27 01:06:00,2,2.19,On Time,Traffic
6856986497,55218,2024-02-19 16:03:00,2024-02-19 16:01:00,-2,1.69,On Time,
7292898570,88703,2024-09-05 22:44:00,2024-09-05 23:03:00,19,4.4,Significantly Delayed,Traffic
6223087303,8124,2024-08-05 15:40:00,2024-08-05 15:42:00,2,0.89,On Time,Traffic
403352765,83523,2024-09-30 08:49:00,2024-09-30 08:58:00,9,3.67,Slightly Delayed,Traffic
7004560997,73176,2024-09-20 02:21:00,2024-09-20 02:27:00,6,4.78,Slightly Delayed,Traffic
8159868515,62375,2024-04-12 11:53:00,2024-04-12 11:55:00,2,4.18,On Time,Traffic
8854320668,74961,2023-11-17 08:37:00,2023-11-17 08:41:00,4,1.71,On Time,Traffic
2285302205,96870,2024-08-25 10:14:00,2024-08-25 10:10:00,-4,2.82,On Time,
5160584867,71087,2024-06-02 18:44:00,2024-06-02 18:40:00,-4,4.58,On Time,
4314105605,20540,2024-07-12 18:44:00,2024-07-12 18:39:00,-5,4.29,On Time,
9895756835,70732,2024-10-09 15:15:00,2024-10-09 15:31:00,16,2.18,Significantly Delayed,Traffic
1975300826,84506,2024-09-25 18:17:00,2024-09-25 18:16:00,-1,4.77,On Time,
2214666083,85027,2024-08-13 17:32:00,2024-08-13 17:31:00,-1,3.24,On Time,
4735339432,49478,2024-03-04 03:23:00,2024-03-04 03:19:00,-4,3.33,On Time,
9863540120,29135,2023-07-14 00:53:00,2023-07-14 01:01:00,8,2.41,Slightly Delayed,Traffic
8789376461,70720,2023-09-17 01:18:00,2023-09-17 01:48:00,30,4.37,Significantly Delayed,Traffic
4784591220,6251,2024-10-29 03:44:00,2024-10-29 03:43:00,-1,0.52,On Time,
6759658833,4233,2023-09-29 07:25:00,2023-09-29 07:24:00,-1,1.76,On Time,
1241631129,95532,2024-04-26 21:33:00,2024-04-26 21:38:00,5,0.77,On Time,Traffic
8803314647,98246,2024-08-17 04:58:00,2024-08-17 05:03:00,5,1.44,On Time,Traffic
1016410657,98504,2023-11-01 23:15:00,2023-11-01 23:10:00,-5,3.13,On Time,
8284240513,59760,2023-04-05 11:38:00,2023-04-05 11:42:00,4,0.57,On Time,Traffic
343239069,23690,2024-02-12 17:46:00,2024-02-12 17:45:00,-1,1.1,On Time,
3941137932,73638,2024-02-28 14:27:00,2024-02-28 14:46:00,19,3.67,Significantly Delayed,Traffic
8955573840,42461,2023-07-28 08:34:00,2023-07-28 08:48:00,14,4.61,Slightly Delayed,Traffic
6832435511,33260,2023-04-18 15:49:00,2023-04-18 15:44:00,-5,4.42,On Time,
3014319697,11218,2023-08-27 05:13:00,2023-08-27 05:11:00,-2,1.13,On Time,
7367717333,54707,2023-07-30 10:35:00,2023-07-30 10:33:00,-2,0.62,On Time,
9389677233,34925,2024-08-10 12:45:00,2024-08-10 12:56:00,11,4.47,Slightly Delayed,Traffic
2929883167,97076,2023-12-05 17:01:00,2023-12-05 17:12:00,11,2.6,Slightly Delayed,Traffic
9045592834,47395,2024-10-30 17:02:00,2024-10-30 17:07:00,5,4.52,On Time,Traffic
7128308885,48388,2023-12-14 10:56:00,2023-12-14 11:05:00,9,3.56,Slightly Delayed,Traffic
2060028411,87806,2023-11-15 19:06:00,2023-11-15 19:02:00,-4,1.55,On Time,
3856301920,57805,2024-07-05 04:19:00,2024-07-05 04:37:00,18,1.88,Significantly Delayed,Traffic
7248479077,81690,2023-09-23 13:46:00,2023-09-23 13:49:00,3,2.23,On Time,Traffic
2738466605,80973,2024-08-23 05:12:00,2024-08-23 05:15:00,3,0.57,On Time,Traffic
9801353230,97442,2023-05-18 12:16:00,2023-05-18 12:29:00,13,0.75,Slightly Delayed,Traffic
2103613260,21195,2024-07-01 20:00:00,2024-07-01 19:55:00,-5,3.53,On Time,
7624166218,20790,2024-01-04 00:35:00,2024-01-04 00:30:00,-5,4.56,On Time,
4692680597,35371,2023-06-20 23:09:00,2023-06-20 23:09:00,0,3.77,On Time,
2028074931,63636,2024-06-23 18:09:00,2024-06-23 18:10:00,1,4.81,On Time,Traffic
6247819401,7912,2023-03-30 06:11:00,2023-03-30 06:12:00,1,4.48,On Time,Traffic
6299879620,8965,2023-11-10 17:54:00,2023-11-10 18:04:00,10,4.94,Slightly Delayed,Traffic
3398014747,32690,2023-06-15 07:05:00,2023-06-15 07:08:00,3,3.48,On Time,Traffic
4526087670,23919,2023-11-03 06:34:00,2023-11-03 06:33:00,-1,4.14,On Time,
4473653758,63804,2024-08-26 16:34:00,2024-08-26 16:38:00,4,4.12,On Time,Traffic
1286821727,97332,2024-08-04 02:55:00,2024-08-04 02:59:00,4,4.57,On Time,Traffic
5566617391,63829,2024-08-21 19:58:00,2024-08-21 20:11:00,13,4.73,Slightly Delayed,Traffic
6630935939,87804,2024-10-31 10:48:00,2024-10-31 10:45:00,-3,3.34,On Time,
8676443273,91222,2024-05-24 11:05:00,2024-05-24 11:24:00,19,3.6,Significantly Delayed,Traffic
439562091,81799,2024-04-26 18:26:00,2024-04-26 18:28:00,2,1.95,On Time,Traffic
7361440096,94957,2024-02-12 12:39:00,2024-02-12 13:00:00,21,1.09,Significantly Delayed,Traffic
2480611325,78792,2024-02-25 16:42:00,2024-02-25 16:50:00,8,0.8,Slightly Delayed,Traffic
5091640382,10930,2024-01-31 07:17:00,2024-01-31 07:17:00,0,2.28,On Time,
1443292147,37003,2024-04-16 03:32:00,2024-04-16 03:28:00,-4,2.26,On Time,
3342653518,49750,2023-07-22 07:45:00,2023-07-22 07:40:00,-5,0.79,On Time,
3836073957,70427,2023-07-16 18:37:00,2023-07-16 18:44:00,7,3.2,Slightly Delayed,Traffic
4192669219,44206,2024-04-22 03:16:00,2024-04-22 03:12:00,-4,4.28,On Time,
6922121165,75795,2024-01-04 08:11:00,2024-01-04 08:29:00,18,0.68,Significantly Delayed,Traffic
4850653474,50658,2024-03-05 03:51:00,2024-03-05 03:56:00,5,3.96,On Time,Traffic
1229660813,35201,2023-11-02 19:45:00,2023-11-02 20:12:00,27,1.31,Significantly Delayed,Traffic
5194396051,9121,2024-10-26 18:30:00,2024-10-26 18:28:00,-2,1.52,On Time,
8971899775,17588,2024-03-04 12:22:00,2024-03-04 12:17:00,-5,2.15,On Time,
5619049608,86750,2024-05-06 13:30:00,2024-05-06 13:50:00,20,4.69,Significantly Delayed,Traffic
9943996342,55860,2023-09-12 23:07:00,2023-09-12 23:08:00,1,1.53,On Time,Traffic
4548721519,26714,2024-08-20 23:42:00,2024-08-20 23:46:00,4,4.85,On Time,Traffic
6211537502,99208,2023-09-06 23:24:00,2023-09-06 23:49:00,25,1.39,Significantly Delayed,Traffic
347093563,27801,2024-09-23 13:35:00,2024-09-23 13:53:00,18,3.88,Significantly Delayed,Traffic
1855924568,17039,2024-08-20 23:06:00,2024-08-20 23:04:00,-2,3.34,On Time,
5914484553,74330,2023-11-17 16:59:00,2023-11-17 16:57:00,-2,0.75,On Time,
8068903161,60117,2024-02-14 22:35:00,2024-02-14 22:37:00,2,2.88,On Time,Traffic
2147159735,11051,2023-05-13 04:08:00,2023-05-13 04:13:00,5,4.83,On Time,Traffic
9006983686,48159,2023-10-10 00:55:00,2023-10-10 01:10:00,15,2.49,Slightly Delayed,Traffic
7606134274,31574,2024-05-28 12:46:00,2024-05-28 12:59:00,13,0.52,Slightly Delayed,Traffic
4034750827,68331,2023-06-24 04:14:00,2023-06-24 04:16:00,2,4.34,On Time,Traffic
851062565,32026,2024-03-15 11:41:00,2024-03-15 11:47:00,6,0.95,Slightly Delayed,Traffic
4283323746,78455,2023-11-01 03:21:00,2023-11-01 03:33:00,12,1.35,Slightly Delayed,Traffic
7842390585,98082,2023-10-11 12:51:00,2023-10-11 12:47:00,-4,3.12,On Time,
2449548943,23429,2023-09-23 11:39:00,2023-09-23 11:53:00,14,3.28,Slightly Delayed,Traffic
7067924535,39985,2023-11-28 03:09:00,2023-11-28 03:27:00,18,3.87,Significantly Delayed,Traffic
1602291242,79235,2023-03-29 09:57:00,2023-03-29 09:58:00,1,0.67,On Time,Traffic
7067630786,25395,2023-09-28 08:16:00,2023-09-28 08:12:00,-4,0.97,On Time,
9726762425,32062,2023-08-13 21:55:00,2023-08-13 21:51:00,-4,1.89,On Time,
1129887168,35560,2024-02-16 03:34:00,2024-02-16 03:35:00,1,3.92,On Time,Traffic
3371892236,31710,2024-05-06 17:38:00,2024-05-06 17:37:00,-1,2.18,On Time,
6532953824,1025,2024-11-02 12:02:00,2024-11-02 12:24:00,22,3.77,Significantly Delayed,Traffic
252964377,41128,2024-05-31 08:33:00,2024-05-31 08:28:00,-5,4.34,On Time,
6270495384,10368,2023-09-11 22:57:00,2023-09-11 22:53:00,-4,4.21,On Time,
2450770184,71871,2023-08-11 09:18:00,2023-08-11 09:28:00,10,3.91,Slightly Delayed,Traffic
7543192113,82419,2023-12-28 05:55:00,2023-12-28 06:02:00,7,3.49,Slightly Delayed,Traffic
9890817032,69033,2023-04-24 06:38:00,2023-04-24 06:43:00,5,4.13,On Time,Traffic
183165359,57165,2023-05-24 07:03:00,2023-05-24 07:32:00,29,2.97,Significantly Delayed,Traffic
2136907826,16756,2023-12-21 14:34:00,2023-12-21 14:37:00,3,4.0,On Time,Traffic
2801605687,14972,2024-03-04 21:31:00,2024-03-04 21:27:00,-4,4.41,On Time,
8869292457,15395,2024-09-25 04:36:00,2024-09-25 04:39:00,3,1.29,On Time,Traffic
5414471648,60303,2023-05-20 03:37:00,2023-05-20 03:35:00,-2,1.07,On Time,
7827370415,59261,2023-06-23 12:42:00,2023-06-23 12:48:00,6,4.63,Slightly Delayed,Traffic
7216662926,71646,2024-07-11 22:14:00,2024-07-11 22:18:00,4,2.65,On Time,Traffic
349410429,20170,2024-01-29 02:15:00,2024-01-29 02:13:00,-2,3.42,On Time,
8512030806,64640,2024-10-26 11:36:00,2024-10-26 11:44:00,8,2.62,Slightly Delayed,Traffic
8003807551,76918,2024-08-25 12:00:00,2024-08-25 12:01:00,1,1.61,On Time,Traffic
274320517,53245,2024-08-23 04:28:00,2024-08-23 04:23:00,-5,2.96,On Time,
2150447285,23570,2024-06-13 10:43:00,2024-06-13 10:39:00,-4,1.51,On Time,
5089385450,51224,2023-06-16 14:54:00,2023-06-16 15:02:00,8,3.65,Slightly Delayed,Traffic
8622799862,87205,2024-02-10 03:16:00,2024-02-10 03:13:00,-3,1.37,On Time,
2773034272,69257,2024-06-27 04:45:00,2024-06-27 04:49:00,4,4.06,On Time,Traffic
4028266143,2633,2023-03-16 08:48:00,2023-03-16 08:50:00,2,1.37,On Time,Traffic
9691888826,45204,2023-10-31 16:39:00,2023-10-31 16:42:00,3,3.32,On Time,Traffic
8891340263,69702,2024-09-02 00:19:00,2024-09-02 00:14:00,-5,1.37,On Time,
1149293318,36971,2023-11-25 20:20:00,2023-11-25 20:24:00,4,2.23,On Time,Traffic
1288695184,20473,2023-10-03 01:47:00,2023-10-03 01:46:00,-1,2.66,On Time,
5229336544,91261,2023-09-22 21:10:00,2023-09-22 21:16:00,6,1.08,Slightly Delayed,Traffic
196885435,22558,2023-06-25 02:40:00,2023-06-25 02:42:00,2,2.91,On Time,Traffic
6961457996,79623,2024-10-26 21:44:00,2024-10-26 21:41:00,-3,1.53,On Time,
5059907679,10255,2024-04-18 11:57:00,2024-04-18 12:07:00,10,1.39,Slightly Delayed,Traffic
9046226901,45262,2024-02-28 07:30:00,2024-02-28 07:25:00,-5,0.88,On Time,
515408216,85348,2023-12-25 09:50:00,2023-12-25 09:59:00,9,0.91,Slightly Delayed,Traffic
9048597167,24877,2024-06-17 02:32:00,2024-06-17 03:00:00,28,4.08,Significantly Delayed,Traffic
4308216668,36727,2024-07-11 06:10:00,2024-07-11 06:28:00,18,4.65,Significantly Delayed,Traffic
8671875127,15112,2023-06-05 01:52:00,2023-06-05 01:57:00,5,4.82,On Time,Traffic
9622968817,45135,2023-06-12 23:15:00,2023-06-12 23:10:00,-5,3.48,On Time,
7832599414,51384,2023-08-07 07:29:00,2023-08-07 07:27:00,-2,2.92,On Time,
5533307028,56686,2023-05-27 10:51:00,2023-05-27 10:52:00,1,3.92,On Time,Traffic
752185231,5165,2024-03-02 04:19:00,2024-03-02 04:19:00,0,0.92,On Time,
5859787209,76845,2024-09-30 06:18:00,2024-09-30 06:28:00,10,1.92,Slightly Delayed,Traffic
1736713150,19501,2024-01-07 10:18:00,2024-01-07 10:24:00,6,1.45,Slightly Delayed,Traffic
3620570172,35025,2024-04-16 18:36:00,2024-04-16 19:03:00,27,3.85,Significantly Delayed,Traffic
5758119413,72740,2024-10-10 09:37:00,2024-10-10 09:44:00,7,1.36,Slightly Delayed,Traffic
2204489775,79497,2024-05-03 01:21:00,2024-05-03 01:26:00,5,4.87,On Time,Traffic
5881059783,75665,2023-08-01 10:15:00,2023-08-01 10:10:00,-5,0.74,On Time,
9475167773,44817,2023-07-24 17:43:00,2023-07-24 17:53:00,10,4.92,Slightly Delayed,Traffic
4635228647,88768,2023-08-27 19:44:00,2023-08-27 19:48:00,4,1.4,On Time,Traffic
8394536341,97145,2024-08-17 08:01:00,2024-08-17 08:11:00,10,1.2,Slightly Delayed,Traffic
4726427550,66248,2024-02-04 23:08:00,2024-02-04 23:22:00,14,3.09,Slightly Delayed,Traffic
5387935727,94937,2023-10-02 04:24:00,2023-10-02 04:20:00,-4,4.69,On Time,
1886705751,97590,2023-04-19 19:02:00,2023-04-19 18:57:00,-5,3.13,On Time,
4224014067,53348,2023-05-15 12:21:00,2023-05-15 12:22:00,1,3.33,On Time,Traffic
8726515908,68903,2024-10-01 16:15:00,2024-10-01 16:14:00,-1,1.45,On Time,
7388091459,64324,2024-10-16 15:49:00,2024-10-16 16:02:00,13,4.32,Slightly Delayed,Traffic
9320256091,42510,2024-01-11 17:25:00,2024-01-11 17:26:00,1,0.88,On Time,Traffic
3872093894,94703,2023-11-01 11:55:00,2023-11-01 12:22:00,27,0.79,Significantly Delayed,Traffic
992848455,77210,2024-09-18 13:00:00,2024-09-18 12:59:00,-1,1.53,On Time,
4458723519,66237,2024-09-01 17:41:00,2024-09-01 17:39:00,-2,2.32,On Time,
7755662096,39318,2024-01-30 12:58:00,2024-01-30 13:06:00,8,0.94,Slightly Delayed,Traffic
5779793224,66680,2024-05-13 02:11:00,2024-05-13 02:11:00,0,2.0,On Time,
8253576531,31219,2023-08-22 19:26:00,2023-08-22 19:34:00,8,2.25,Slightly Delayed,Traffic
4993169316,25105,2024-07-10 17:12:00,2024-07-10 17:21:00,9,2.68,Slightly Delayed,Traffic
828017545,1921,2024-03-12 02:44:00,2024-03-12 02:57:00,13,4.07,Slightly Delayed,Traffic
2012368621,70216,2024-07-21 04:44:00,2024-07-21 04:43:00,-1,4.14,On Time,
6603205997,30506,2024-05-17 07:30:00,2024-05-17 07:30:00,0,1.14,On Time,
833581472,7924,2023-08-19 15:48:00,2023-08-19 16:00:00,12,1.2,Slightly Delayed,Traffic
8755782101,43429,2023-12-30 16:55:00,2023-12-30 16:55:00,0,2.55,On Time,
1049830215,525,2024-08-06 01:57:00,2024-08-06 02:07:00,10,4.98,Slightly Delayed,Traffic
2399383238,38443,2023-11-09 18:27:00,2023-11-09 18:26:00,-1,3.96,On Time,
143399998,24612,2024-10-17 14:13:00,2024-10-17 14:24:00,11,3.42,Slightly Delayed,Traffic
2444273306,65109,2024-06-27 18:38:00,2024-06-27 18:36:00,-2,4.99,On Time,
1309618968,29830,2023-04-04 19:57:00,2023-04-04 19:55:00,-2,4.64,On Time,
3972788794,12838,2024-03-26 00:23:00,2024-03-26 00:26:00,3,2.95,On Time,Traffic
2356073413,43363,2024-03-16 23:43:00,2024-03-16 23:54:00,11,1.33,Slightly Delayed,Traffic
3775683944,43490,2024-07-31 21:08:00,2024-07-31 21:13:00,5,3.9,On Time,Traffic
8994776653,42895,2023-12-22 06:15:00,2023-12-22 06:27:00,12,0.69,Slightly Delayed,Traffic
8124075720,77902,2024-10-11 15:46:00,2024-10-11 15:46:00,0,2.76,On Time,
5534171862,47319,2023-11-19 00:50:00,2023-11-19 01:02:00,12,2.68,Slightly Delayed,Traffic
4825558658,69839,2024-08-11 23:14:00,2024-08-11 23:13:00,-1,1.64,On Time,
1541676341,65569,2023-08-26 23:47:00,2023-08-26 23:54:00,7,4.7,Slightly Delayed,Traffic
5360755658,13204,2023-06-22 01:15:00,2023-06-22 01:13:00,-2,0.98,On Time,
844328418,21982,2023-04-11 21:53:00,2023-04-11 22:20:00,27,4.68,Significantly Delayed,Traffic
1843468816,8630,2023-07-03 03:20:00,2023-07-03 03:21:00,1,1.23,On Time,Traffic
3771484570,12214,2023-08-15 21:03:00,2023-08-15 21:01:00,-2,2.61,On Time,
2458783424,20118,2023-06-02 16:56:00,2023-06-02 16:54:00,-2,3.63,On Time,
2272849018,46289,2024-11-04 00:34:00,2024-11-04 00:38:00,4,3.71,On Time,Traffic
8549503132,86962,2023-03-29 11:03:00,2023-03-29 11:00:00,-3,4.63,On Time,
4032847942,32388,2024-09-28 04:21:00,2024-09-28 04:24:00,3,2.67,On Time,Traffic
8224665612,37229,2023-07-16 12:53:00,2023-07-16 12:50:00,-3,2.66,On Time,
8007222259,14904,2024-02-05 01:32:00,2024-02-05 01:29:00,-3,2.77,On Time,
3522030676,61126,2023-06-01 15:43:00,2023-06-01 15:52:00,9,2.38,Slightly Delayed,Traffic
3224743071,43,2023-10-04 20:10:00,2023-10-04 20:15:00,5,4.4,On Time,Traffic
7474790671,97794,2023-10-13 19:11:00,2023-10-13 19:18:00,7,2.19,Slightly Delayed,Traffic
7884745950,90525,2024-04-09 22:10:00,2024-04-09 22:13:00,3,0.6,On Time,Traffic
8269502930,11674,2024-06-01 02:23:00,2024-06-01 02:24:00,1,4.93,On Time,Traffic
985347383,85773,2024-05-22 19:23:00,2024-05-22 19:24:00,1,1.44,On Time,Traffic
5932091553,14918,2024-10-22 11:26:00,2024-10-22 11:36:00,10,4.06,Slightly Delayed,Traffic
69932727,15976,2024-08-28 16:25:00,2024-08-28 16:20:00,-5,1.82,On Time,
2715027145,81723,2024-05-25 04:07:00,2024-05-25 04:13:00,6,4.0,Slightly Delayed,Traffic
5234261944,42968,2023-06-30 20:35:00,2023-06-30 20:38:00,3,2.11,On Time,Traffic
2818967815,39675,2024-04-08 21:35:00,2024-04-08 22:05:00,30,4.0,Significantly Delayed,Traffic
1598213217,41761,2023-08-09 12:53:00,2023-08-09 12:49:00,-4,4.73,On Time,
9087747856,35148,2024-05-28 20:01:00,2024-05-28 20:08:00,7,0.69,Slightly Delayed,Traffic
9606925547,22049,2024-03-10 21:02:00,2024-03-10 21:02:00,0,4.3,On Time,
9866554851,82357,2023-07-03 09:29:00,2023-07-03 09:26:00,-3,2.61,On Time,
3719294769,918,2024-08-27 17:09:00,2024-08-27 17:14:00,5,3.03,On Time,Traffic
3576529840,40696,2024-07-15 11:31:00,2024-07-15 11:37:00,6,3.58,Slightly Delayed,Traffic
5478986113,64855,2023-04-16 00:40:00,2023-04-16 00:49:00,9,3.47,Slightly Delayed,Traffic
6724582316,87179,2023-10-29 00:16:00,2023-10-29 00:11:00,-5,1.47,On Time,
4391559649,86088,2023-06-25 00:15:00,2023-06-25 00:11:00,-4,0.53,On Time,
9530258400,36249,2023-10-24 23:20:00,2023-10-24 23:21:00,1,4.16,On Time,Traffic
609162117,81927,2023-09-23 16:14:00,2023-09-23 16:33:00,19,1.8,Significantly Delayed,Traffic
755143077,18005,2023-07-31 08:43:00,2023-07-31 08:43:00,0,1.12,On Time,
5239439928,25997,2023-08-25 08:46:00,2023-08-25 08:56:00,10,2.22,Slightly Delayed,Traffic
1328248068,27695,2024-05-14 01:16:00,2024-05-14 01:29:00,13,0.85,Slightly Delayed,Traffic
1440606577,10954,2024-04-30 13:01:00,2024-04-30 13:06:00,5,1.04,On Time,Traffic
8884389971,82326,2024-08-18 17:40:00,2024-08-18 17:38:00,-2,4.32,On Time,
7307977336,93785,2023-09-02 09:01:00,2023-09-02 08:57:00,-4,1.74,On Time,
5953535252,18950,2024-06-08 19:11:00,2024-06-08 19:07:00,-4,1.2,On Time,
6133025410,11126,2023-09-09 09:19:00,2023-09-09 09:22:00,3,3.41,On Time,Traffic
798088726,53764,2023-09-07 08:10:00,2023-09-07 08:16:00,6,1.51,Slightly Delayed,Traffic
3372412988,56993,2024-01-22 20:12:00,2024-01-22 20:10:00,-2,1.33,On Time,
4910060567,19589,2023-04-02 11:02:00,2023-04-02 10:58:00,-4,3.42,On Time,
8708211566,4219,2023-04-30 20:37:00,2023-04-30 20:48:00,11,3.65,Slightly Delayed,Traffic
2126853184,9528,2024-10-15 21:05:00,2024-10-15 21:14:00,9,2.61,Slightly Delayed,Traffic
4390795259,28675,2023-09-20 09:59:00,2023-09-20 09:55:00,-4,4.26,On Time,
9030686359,24142,2023-05-01 23:12:00,2023-05-01 23:16:00,4,4.03,On Time,Traffic
8565611606,37301,2024-02-01 04:29:00,2024-02-01 04:54:00,25,0.75,Significantly Delayed,Traffic
6782020758,83133,2023-11-30 06:36:00,2023-11-30 06:40:00,4,4.61,On Time,Traffic
561884159,64474,2023-09-01 14:33:00,2023-09-01 14:37:00,4,3.3,On Time,Traffic
2767430579,16851,2023-10-21 08:04:00,2023-10-21 08:11:00,7,2.66,Slightly Delayed,Traffic
5934372451,81095,2023-04-10 02:10:00,2023-04-10 02:05:00,-5,4.74,On Time,
6833977302,66274,2023-06-05 04:57:00,2023-06-05 05:22:00,25,1.41,Significantly Delayed,Traffic
8396649871,66543,2024-02-27 16:26:00,2024-02-27 16:27:00,1,4.59,On Time,Traffic
1937188757,55848,2023-09-05 02:59:00,2023-09-05 03:04:00,5,4.83,On Time,Traffic
3142198801,7052,2024-07-16 01:25:00,2024-07-16 01:24:00,-1,4.85,On Time,
6087109745,77386,2023-03-18 19:21:00,2023-03-18 19:24:00,3,2.32,On Time,Traffic
8895262247,44279,2023-03-20 03:25:00,2023-03-20 03:40:00,15,4.62,Slightly Delayed,Traffic
5138524153,44843,2023-08-09 18:21:00,2023-08-09 18:16:00,-5,3.63,On Time,
9789995549,12282,2024-01-24 22:25:00,2024-01-24 22:29:00,4,1.37,On Time,Traffic
7485459856,77052,2023-09-15 07:22:00,2023-09-15 07:20:00,-2,2.58,On Time,
4033626537,15034,2023-05-03 23:09:00,2023-05-03 23:09:00,0,1.88,On Time,
9370915142,53012,2023-10-28 19:49:00,2023-10-28 19:59:00,10,3.06,Slightly Delayed,Traffic
7211325894,9731,2023-04-21 14:41:00,2023-04-21 14:36:00,-5,2.43,On Time,
3482827003,79094,2023-05-08 15:11:00,2023-05-08 15:23:00,12,1.16,Slightly Delayed,Traffic
6656246719,29942,2024-09-09 13:53:00,2024-09-09 14:07:00,14,2.61,Slightly Delayed,Traffic
6092663288,67487,2024-09-28 03:32:00,2024-09-28 03:27:00,-5,1.38,On Time,
9346041594,29892,2023-06-08 14:40:00,2023-06-08 14:39:00,-1,1.78,On Time,
9105127475,74365,2023-11-10 13:54:00,2023-11-10 14:06:00,12,3.03,Slightly Delayed,Traffic
6120818381,30114,2024-05-02 00:38:00,2024-05-02 00:34:00,-4,0.87,On Time,
5174370629,60359,2024-07-09 03:01:00,2024-07-09 03:05:00,4,2.4,On Time,Traffic
3244930036,88104,2023-05-15 01:33:00,2023-05-15 01:36:00,3,2.64,On Time,Traffic
2976493998,73434,2024-10-26 08:56:00,2024-10-26 09:03:00,7,0.83,Slightly Delayed,Traffic
7971593791,41540,2023-06-14 04:41:00,2023-06-14 04:57:00,16,2.44,Significantly Delayed,Traffic
4052544342,48904,2024-04-30 18:38:00,2024-04-30 18:54:00,16,1.7,Significantly Delayed,Traffic
6264003424,73469,2024-08-03 11:42:00,2024-08-03 11:42:00,0,2.75,On Time,
3436107152,6379,2024-04-04 18:29:00,2024-04-04 18:34:00,5,3.98,On Time,Traffic
8546631319,91729,2023-10-30 18:58:00,2023-10-30 19:02:00,4,3.23,On Time,Traffic
640960551,25009,2023-06-09 03:03:00,2023-06-09 03:05:00,2,4.95,On Time,Traffic
1141173434,62363,2023-11-24 04:38:00,2023-11-24 04:50:00,12,4.69,Slightly Delayed,Traffic
528309380,62555,2024-04-30 11:10:00,2024-04-30 11:19:00,9,1.73,Slightly Delayed,Traffic
2387509904,89577,2024-07-26 00:18:00,2024-07-26 00:23:00,5,4.53,On Time,Traffic
6791931269,51873,2024-07-05 01:45:00,2024-07-05 01:50:00,5,1.67,On Time,Traffic
4063689432,72992,2023-10-14 03:34:00,2023-10-14 03:33:00,-1,2.59,On Time,
1206887762,20391,2024-06-19 01:23:00,2024-06-19 01:37:00,14,4.48,Slightly Delayed,Traffic
6409437174,9955,2023-12-06 13:14:00,2023-12-06 13:36:00,22,4.46,Significantly Delayed,Traffic
1355164713,7902,2023-09-03 15:30:00,2023-09-03 15:31:00,1,2.79,On Time,Traffic
2604772138,8171,2024-05-21 11:44:00,2024-05-21 11:46:00,2,0.84,On Time,Traffic
5868093790,30003,2023-04-06 00:08:00,2023-04-06 00:11:00,3,4.17,On Time,Traffic
10161194,58293,2023-12-24 23:28:00,2023-12-24 23:31:00,3,4.44,On Time,Traffic
8930380639,4457,2023-10-03 03:09:00,2023-10-03 03:09:00,0,1.41,On Time,
2247940574,67154,2024-04-09 08:02:00,2024-04-09 08:07:00,5,1.35,On Time,Traffic
6190907327,9720,2023-11-03 00:52:00,2023-11-03 00:52:00,0,3.61,On Time,
127277515,87204,2023-09-30 08:37:00,2023-09-30 08:41:00,4,4.27,On Time,Traffic
8209093135,43473,2023-10-30 06:35:00,2023-10-30 06:37:00,2,1.97,On Time,Traffic
4419380079,19632,2023-12-15 15:33:00,2023-12-15 15:41:00,8,2.21,Slightly Delayed,Traffic
2954606845,96117,2024-10-26 08:58:00,2024-10-26 08:54:00,-4,2.33,On Time,
5128739359,37108,2024-07-25 04:00:00,2024-07-25 03:55:00,-5,1.39,On Time,
8183315245,14135,2024-02-27 15:33:00,2024-02-27 15:47:00,14,4.56,Slightly Delayed,Traffic
8820606892,75354,2023-04-13 06:14:00,2023-04-13 06:16:00,2,4.45,On Time,Traffic
7779228340,57356,2023-06-09 10:02:00,2023-06-09 09:57:00,-5,0.56,On Time,
8459230018,26266,2024-06-03 00:07:00,2024-06-03 00:07:00,0,1.37,On Time,
7060468800,76511,2024-07-03 03:54:00,2024-07-03 04:06:00,12,1.4,Slightly Delayed,Traffic
218821567,71006,2024-03-08 21:08:00,2024-03-08 21:04:00,-4,3.81,On Time,
7795766861,32999,2023-05-10 23:54:00,2023-05-10 23:53:00,-1,4.37,On Time,
4285804383,90470,2023-05-01 02:26:00,2023-05-01 02:37:00,11,2.97,Slightly Delayed,Traffic
5961051248,69003,2024-10-28 20:23:00,2024-10-28 20:26:00,3,4.38,On Time,Traffic
5630323534,5799,2024-03-08 13:51:00,2024-03-08 13:58:00,7,2.98,Slightly Delayed,Traffic
4642824835,42958,2024-07-07 02:51:00,2024-07-07 02:53:00,2,4.52,On Time,Traffic
3060527554,55714,2024-03-27 16:05:00,2024-03-27 16:13:00,8,4.74,Slightly Delayed,Traffic
4048252396,94706,2024-04-12 20:04:00,2024-04-12 20:00:00,-4,3.27,On Time,
1271431612,48259,2024-04-16 13:16:00,2024-04-16 13:22:00,6,3.85,Slightly Delayed,Traffic
8981940261,56327,2024-05-24 19:09:00,2024-05-24 19:07:00,-2,1.65,On Time,
3896239510,63917,2023-05-19 13:21:00,2023-05-19 13:35:00,14,1.08,Slightly Delayed,Traffic
711316410,6620,2024-02-20 10:30:00,2024-02-20 10:32:00,2,3.77,On Time,Traffic
9863502398,30168,2023-12-19 09:48:00,2023-12-19 09:50:00,2,4.82,On Time,Traffic
293770293,80022,2023-09-20 05:57:00,2023-09-20 06:02:00,5,1.6,On Time,Traffic
890800429,4235,2024-03-28 03:15:00,2024-03-28 03:17:00,2,1.96,On Time,Traffic
1270503169,87390,2024-07-09 11:52:00,2024-07-09 11:55:00,3,3.38,On Time,Traffic
168180571,41985,2023-03-16 15:06:00,2023-03-16 15:16:00,10,3.79,Slightly Delayed,Traffic
111296281,6245,2024-05-28 15:30:00,2024-05-28 15:28:00,-2,3.1,On Time,
7329085364,35350,2023-06-07 21:44:00,2023-06-07 21:45:00,1,2.96,On Time,Traffic
1129130498,63048,2023-12-01 16:52:00,2023-12-01 16:47:00,-5,3.89,On Time,
996939836,71808,2024-05-15 13:07:00,2024-05-15 13:06:00,-1,0.95,On Time,
8263379807,1156,2023-04-16 11:50:00,2023-04-16 11:49:00,-1,2.43,On Time,
5735975899,74786,2023-09-14 07:57:00,2023-09-14 07:59:00,2,1.19,On Time,Traffic
9651034668,69245,2024-09-07 09:57:00,2024-09-07 09:58:00,1,1.87,On Time,Traffic
3103539793,460,2023-07-31 00:08:00,2023-07-31 00:03:00,-5,4.13,On Time,
1611921781,14763,2023-06-01 13:10:00,2023-06-01 13:10:00,0,3.19,On Time,
7532381028,72118,2023-03-21 20:07:00,2023-03-21 20:04:00,-3,2.64,On Time,
7803665404,41752,2023-05-27 23:38:00,2023-05-27 23:42:00,4,3.19,On Time,Traffic
466184886,95724,2023-08-16 23:10:00,2023-08-16 23:06:00,-4,1.58,On Time,
4692518050,33265,2024-03-29 00:26:00,2024-03-29 00:25:00,-1,1.14,On Time,
9408428,76392,2023-08-30 13:54:00,2023-08-30 13:50:00,-4,2.17,On Time,
8766330526,98295,2023-04-14 13:29:00,2023-04-14 13:26:00,-3,1.09,On Time,
9221423039,54403,2024-10-27 13:55:00,2024-10-27 13:50:00,-5,4.51,On Time,
4268661538,33402,2023-10-24 03:59:00,2023-10-24 04:01:00,2,2.42,On Time,Traffic
1378809665,27819,2023-03-18 20:01:00,2023-03-18 20:06:00,5,1.73,On Time,Traffic
4917941248,86288,2024-05-19 04:11:00,2024-05-19 04:14:00,3,0.93,On Time,Traffic
5132792285,10112,2024-04-10 14:26:00,2024-04-10 14:23:00,-3,3.57,On Time,
3776678112,48559,2023-12-09 22:43:00,2023-12-09 22:59:00,16,2.47,Significantly Delayed,Traffic
6940411801,4371,2023-07-01 22:07:00,2023-07-01 22:20:00,13,3.53,Slightly Delayed,Traffic
7422521525,706,2024-03-16 01:59:00,2024-03-16 01:54:00,-5,3.95,On Time,
4419022028,44847,2023-12-13 09:37:00,2023-12-13 09:42:00,5,2.78,On Time,Traffic
8016651984,19538,2023-04-30 06:46:00,2023-04-30 06:48:00,2,0.76,On Time,Traffic
2361722422,89265,2023-04-27 10:07:00,2023-04-27 10:12:00,5,1.43,On Time,Traffic
1001453982,611,2023-07-31 05:13:00,2023-07-31 05:24:00,11,0.92,Slightly Delayed,Traffic
9093918346,65217,2024-03-31 23:04:00,2024-03-31 23:08:00,4,4.8,On Time,Traffic
3969014433,62397,2023-08-09 13:24:00,2023-08-09 13:19:00,-5,4.93,On Time,
9684561720,53523,2023-09-04 11:52:00,2023-09-04 11:56:00,4,1.14,On Time,Traffic
7031115362,93983,2024-10-25 07:59:00,2024-10-25 08:29:00,30,3.41,Significantly Delayed,Traffic
8204766849,1679,2024-07-29 03:06:00,2024-07-29 03:26:00,20,4.73,Significantly Delayed,Traffic
2785412612,96984,2024-03-18 21:35:00,2024-03-18 21:31:00,-4,4.99,On Time,
2624138741,2332,2024-04-18 01:23:00,2024-04-18 01:18:00,-5,3.37,On Time,
748376248,12777,2023-08-29 00:57:00,2023-08-29 00:53:00,-4,3.47,On Time,
6096787440,91233,2023-03-18 12:17:00,2023-03-18 12:14:00,-3,4.01,On Time,
8787660233,58570,2024-05-26 07:35:00,2024-05-26 07:46:00,11,3.34,Slightly Delayed,Traffic
3845481278,76640,2023-07-05 06:14:00,2023-07-05 06:15:00,1,4.74,On Time,Traffic
4636134267,75957,2024-02-28 19:49:00,2024-02-28 20:02:00,13,1.03,Slightly Delayed,Traffic
4538825340,53653,2024-04-05 10:44:00,2024-04-05 10:46:00,2,2.94,On Time,Traffic
4553101047,32873,2024-05-31 23:23:00,2024-05-31 23:20:00,-3,4.88,On Time,
2193853405,61506,2023-05-30 21:05:00,2023-05-30 21:15:00,10,3.54,Slightly Delayed,Traffic
1642059453,58385,2023-08-12 05:33:00,2023-08-12 05:36:00,3,3.07,On Time,Traffic
5890339330,84178,2024-05-21 16:31:00,2024-05-21 16:26:00,-5,3.81,On Time,
313663478,65113,2024-02-21 17:14:00,2024-02-21 17:17:00,3,1.45,On Time,Traffic
8591576320,39993,2023-07-29 06:38:00,2023-07-29 06:33:00,-5,3.5,On Time,
4728104591,87703,2023-11-06 03:00:00,2023-11-06 02:55:00,-5,4.27,On Time,
8276401643,18608,2024-10-17 06:36:00,2024-10-17 06:31:00,-5,2.78,On Time,
8709694061,70333,2024-10-17 11:30:00,2024-10-17 11:44:00,14,3.64,Slightly Delayed,Traffic
4080156881,11130,2024-04-03 18:58:00,2024-04-03 18:58:00,0,1.62,On Time,
7485829116,71081,2024-03-30 14:02:00,2024-03-30 14:03:00,1,0.88,On Time,Traffic
7378865582,44634,2023-05-23 18:21:00,2023-05-23 18:17:00,-4,3.36,On Time,
335575667,2018,2023-09-07 06:23:00,2023-09-07 06:24:00,1,3.15,On Time,Traffic
1621109077,83040,2024-03-25 17:59:00,2024-03-25 18:06:00,7,1.18,Slightly Delayed,Traffic
7468088555,80809,2023-05-10 11:44:00,2023-05-10 11:41:00,-3,4.93,On Time,
3676517886,82211,2024-06-08 19:26:00,2024-06-08 19:38:00,12,4.83,Slightly Delayed,Traffic
1746921111,82913,2024-08-28 18:41:00,2024-08-28 18:39:00,-2,0.83,On Time,
7774691391,34427,2023-07-20 08:53:00,2023-07-20 08:58:00,5,3.75,On Time,Traffic
8220678247,13272,2024-06-23 18:35:00,2024-06-23 18:33:00,-2,2.72,On Time,
6048604080,90276,2023-09-06 02:19:00,2023-09-06 02:16:00,-3,1.33,On Time,
8545716586,72311,2024-01-12 13:34:00,2024-01-12 13:48:00,14,0.89,Slightly Delayed,Traffic
530870056,48704,2024-08-15 13:11:00,2024-08-15 13:08:00,-3,2.27,On Time,
4055690435,25984,2023-04-05 02:20:00,2023-04-05 02:16:00,-4,3.9,On Time,
7096530350,13756,2024-06-26 04:39:00,2024-06-26 04:38:00,-1,2.56,On Time,
7083649345,44505,2023-05-20 10:24:00,2023-05-20 10:26:00,2,4.36,On Time,Traffic
836457367,81718,2024-06-02 06:14:00,2024-06-02 06:42:00,28,2.04,Significantly Delayed,Traffic
7698126312,58953,2023-10-31 03:51:00,2023-10-31 04:02:00,11,3.14,Slightly Delayed,Traffic
2267297760,85720,2024-01-29 12:03:00,2024-01-29 11:59:00,-4,1.84,On Time,
1717841423,56322,2024-01-31 20:44:00,2024-01-31 20:50:00,6,2.36,Slightly Delayed,Traffic
4330597536,26934,2023-04-11 15:08:00,2023-04-11 15:12:00,4,1.95,On Time,Traffic
3687593721,22476,2023-05-16 22:40:00,2023-05-16 22:49:00,9,1.33,Slightly Delayed,Traffic
6660740926,50382,2024-05-24 16:47:00,2024-05-24 16:58:00,11,4.87,Slightly Delayed,Traffic
9439713009,8281,2024-04-22 03:09:00,2024-04-22 03:06:00,-3,3.4,On Time,
5281121057,14666,2023-08-20 22:35:00,2023-08-20 22:49:00,14,4.11,Slightly Delayed,Traffic
7044351561,50051,2023-09-19 16:35:00,2023-09-19 16:34:00,-1,2.09,On Time,
9121393476,14938,2023-08-01 08:20:00,2023-08-01 08:19:00,-1,3.85,On Time,
7202170939,5907,2024-01-13 14:02:00,2024-01-13 14:06:00,4,4.22,On Time,Traffic
1429047127,53462,2023-12-09 20:57:00,2023-12-09 21:15:00,18,3.25,Significantly Delayed,Traffic
8551965787,97423,2024-10-16 11:36:00,2024-10-16 11:33:00,-3,2.64,On Time,
6756882357,20722,2024-06-23 09:58:00,2024-06-23 09:53:00,-5,3.0,On Time,
618929241,78204,2023-10-02 21:36:00,2023-10-02 21:53:00,17,1.01,Significantly Delayed,Traffic
9711157887,5779,2024-01-03 18:39:00,2024-01-03 18:40:00,1,4.03,On Time,Traffic
354149805,99775,2024-04-17 22:03:00,2024-04-17 22:04:00,1,0.84,On Time,Traffic
231328814,47916,2024-04-19 04:16:00,2024-04-19 04:25:00,9,4.71,Slightly Delayed,Traffic
523916986,35635,2024-09-19 08:05:00,2024-09-19 08:03:00,-2,0.89,On Time,
1930887811,30771,2023-08-10 05:11:00,2023-08-10 05:11:00,0,4.36,On Time,
9958741781,94839,2024-08-26 01:59:00,2024-08-26 02:08:00,9,2.52,Slightly Delayed,Traffic
6727230123,77576,2024-10-19 12:35:00,2024-10-19 12:51:00,16,2.72,Significantly Delayed,Traffic
9487368442,38330,2023-08-09 18:52:00,2023-08-09 18:55:00,3,2.01,On Time,Traffic
671459763,65075,2024-06-23 14:36:00,2024-06-23 14:41:00,5,2.78,On Time,Traffic
9129957352,65283,2023-09-06 17:01:00,2023-09-06 17:05:00,4,1.25,On Time,Traffic
9206073690,35739,2024-06-07 18:12:00,2024-06-07 18:16:00,4,4.94,On Time,Traffic
5587148302,6600,2024-09-23 21:21:00,2024-09-23 21:26:00,5,1.87,On Time,Traffic
6936256414,11559,2024-06-23 03:22:00,2024-06-23 03:27:00,5,1.21,On Time,Traffic
3341228576,49279,2023-05-05 02:21:00,2023-05-05 02:27:00,6,2.11,Slightly Delayed,Traffic
4817323453,73349,2023-09-07 06:51:00,2023-09-07 06:53:00,2,1.96,On Time,Traffic
1163454835,53545,2023-12-06 05:56:00,2023-12-06 06:01:00,5,2.82,On Time,Traffic
5236061455,14592,2023-04-07 00:05:00,2023-04-07 00:09:00,4,4.84,On Time,Traffic
5982829268,97197,2023-04-01 04:43:00,2023-04-01 04:43:00,0,1.56,On Time,
1901688056,13115,2023-09-13 16:20:00,2023-09-13 16:20:00,0,4.41,On Time,
5936051107,63513,2024-10-21 14:58:00,2024-10-21 15:10:00,12,4.52,Slightly Delayed,Traffic
3018272105,51005,2023-03-21 02:59:00,2023-03-21 02:56:00,-3,4.37,On Time,
3656191983,4230,2023-08-16 23:21:00,2023-08-16 23:20:00,-1,4.99,On Time,
5186692805,12223,2023-11-08 15:17:00,2023-11-08 15:37:00,20,3.88,Significantly Delayed,Traffic
7281243151,3056,2023-08-30 10:03:00,2023-08-30 10:00:00,-3,4.15,On Time,
7906004940,47649,2023-04-27 17:29:00,2023-04-27 17:32:00,3,4.5,On Time,Traffic
6354703603,3515,2024-05-17 22:08:00,2024-05-17 22:03:00,-5,3.2,On Time,
6444064733,17550,2023-10-11 11:21:00,2023-10-11 11:18:00,-3,2.5,On Time,
2405783093,70069,2023-03-18 08:32:00,2023-03-18 08:32:00,0,2.13,On Time,
63363146,89996,2023-07-12 01:50:00,2023-07-12 02:05:00,15,1.26,Slightly Delayed,Traffic
7040313500,22828,2024-10-14 15:33:00,2024-10-14 15:29:00,-4,3.06,On Time,
5844807259,56643,2023-10-14 02:52:00,2023-10-14 02:47:00,-5,2.95,On Time,
1931703221,60906,2023-05-08 08:57:00,2023-05-08 08:59:00,2,3.71,On Time,Traffic
3525336030,2314,2023-04-12 23:03:00,2023-04-12 23:18:00,15,4.32,Slightly Delayed,Traffic
4359807852,82810,2024-04-11 10:54:00,2024-04-11 10:55:00,1,1.95,On Time,Traffic
6946959356,88906,2023-12-15 22:05:00,2023-12-15 22:12:00,7,1.27,Slightly Delayed,Traffic
782338627,50557,2024-09-08 06:06:00,2024-09-08 06:31:00,25,3.34,Significantly Delayed,Traffic
4942714391,44975,2024-01-19 23:09:00,2024-01-19 23:12:00,3,0.66,On Time,Traffic
919307194,86545,2024-01-07 15:41:00,2024-01-07 15:59:00,18,4.66,Significantly Delayed,Traffic
6509263423,87487,2024-01-20 12:29:00,2024-01-20 12:26:00,-3,0.91,On Time,
7200105089,74324,2023-11-29 07:35:00,2023-11-29 07:48:00,13,4.3,Slightly Delayed,Traffic
7120372196,9785,2024-08-10 17:36:00,2024-08-10 17:47:00,11,4.32,Slightly Delayed,Traffic
8710393245,79417,2024-07-21 11:22:00,2024-07-21 11:20:00,-2,4.18,On Time,
8862036450,59711,2024-01-03 12:38:00,2024-01-03 12:36:00,-2,3.06,On Time,
2087769338,68170,2024-06-08 06:34:00,2024-06-08 06:34:00,0,3.33,On Time,
3349267712,58986,2023-09-25 01:10:00,2023-09-25 01:20:00,10,2.46,Slightly Delayed,Traffic
1689937124,14563,2024-01-17 06:09:00,2024-01-17 06:13:00,4,2.48,On Time,Traffic
4498769995,38919,2024-01-23 02:41:00,2024-01-23 02:46:00,5,1.68,On Time,Traffic
3729771871,32626,2023-11-10 11:00:00,2023-11-10 11:04:00,4,4.95,On Time,Traffic
9065518834,93566,2024-06-17 17:25:00,2024-06-17 17:27:00,2,0.57,On Time,Traffic
7524465290,93477,2024-01-06 16:01:00,2024-01-06 16:07:00,6,2.9,Slightly Delayed,Traffic
2319921666,4851,2024-05-01 11:57:00,2024-05-01 11:54:00,-3,1.97,On Time,
9541612277,43452,2024-03-31 06:48:00,2024-03-31 06:46:00,-2,3.14,On Time,
6303548068,40567,2024-06-30 00:29:00,2024-06-30 00:40:00,11,2.89,Slightly Delayed,Traffic
5867651793,84411,2023-11-09 11:51:00,2023-11-09 11:50:00,-1,4.61,On Time,
6405947025,29228,2024-09-28 22:18:00,2024-09-28 22:20:00,2,3.2,On Time,Traffic
2150790907,37465,2023-08-16 13:21:00,2023-08-16 13:33:00,12,4.13,Slightly Delayed,Traffic
212856641,86373,2024-11-02 11:02:00,2024-11-02 10:57:00,-5,2.66,On Time,
1686508921,37806,2024-07-22 22:32:00,2024-07-22 22:27:00,-5,1.62,On Time,
5879579208,29566,2024-09-10 11:07:00,2024-09-10 11:13:00,6,0.85,Slightly Delayed,Traffic
1882682579,78512,2023-05-13 23:21:00,2023-05-13 23:20:00,-1,3.81,On Time,
8370410622,10210,2024-06-01 13:19:00,2024-06-01 13:21:00,2,2.24,On Time,Traffic
368599691,57291,2024-10-22 16:36:00,2024-10-22 16:37:00,1,2.3,On Time,Traffic
9282982332,21658,2024-09-12 22:32:00,2024-09-12 22:34:00,2,1.07,On Time,Traffic
4874880100,81596,2024-09-09 23:14:00,2024-09-09 23:19:00,5,0.83,On Time,Traffic
102639985,25125,2023-08-27 07:12:00,2023-08-27 07:15:00,3,3.7,On Time,Traffic
5288207551,64001,2023-09-10 19:09:00,2023-09-10 19:23:00,14,2.52,Slightly Delayed,Traffic
693932743,34625,2023-06-06 20:45:00,2023-06-06 20:45:00,0,4.2,On Time,
2325405669,53132,2024-03-08 23:29:00,2024-03-08 23:27:00,-2,0.99,On Time,
8152364696,50040,2023-12-24 13:29:00,2023-12-24 13:29:00,0,2.01,On Time,
7682359398,70975,2024-09-15 05:16:00,2024-09-15 05:25:00,9,1.67,Slightly Delayed,Traffic
1742951029,62055,2023-05-07 23:20:00,2023-05-07 23:39:00,19,2.67,Significantly Delayed,Traffic
4799787645,61740,2023-10-07 07:24:00,2023-10-07 07:43:00,19,3.46,Significantly Delayed,Traffic
8498666384,94061,2024-03-08 18:13:00,2024-03-08 18:16:00,3,4.33,On Time,Traffic
5013572642,90675,2023-05-08 19:37:00,2023-05-08 19:50:00,13,3.25,Slightly Delayed,Traffic
8403006958,22292,2023-11-27 05:53:00,2023-11-27 05:48:00,-5,3.65,On Time,
4688831157,75752,2024-07-03 23:55:00,2024-07-03 23:59:00,4,1.4,On Time,Traffic
394578210,91958,2023-09-26 05:33:00,2023-09-26 05:38:00,5,0.68,On Time,Traffic
8681711802,50,2023-10-07 07:22:00,2023-10-07 07:17:00,-5,4.75,On Time,
9311399064,91086,2023-11-04 21:42:00,2023-11-04 21:45:00,3,1.16,On Time,Traffic
2620581496,38634,2023-04-21 02:46:00,2023-04-21 02:45:00,-1,3.47,On Time,
5116898322,93289,2024-07-18 13:37:00,2024-07-18 13:35:00,-2,1.52,On Time,
5995819849,2395,2023-08-19 04:35:00,2023-08-19 04:44:00,9,1.18,Slightly Delayed,Traffic
7690500286,39966,2024-07-12 18:27:00,2024-07-12 18:34:00,7,2.14,Slightly Delayed,Traffic
6107283203,21522,2024-09-09 20:41:00,2024-09-09 20:43:00,2,1.08,On Time,Traffic
3170417508,30064,2024-01-10 05:43:00,2024-01-10 05:56:00,13,4.22,Slightly Delayed,Traffic
805682701,84695,2023-07-30 23:02:00,2023-07-30 23:14:00,12,4.98,Slightly Delayed,Traffic
8960508625,57297,2023-10-07 10:13:00,2023-10-07 10:18:00,5,1.17,On Time,Traffic
5580397726,64619,2023-06-21 05:05:00,2023-06-21 05:24:00,19,3.75,Significantly Delayed,Traffic
1506599381,19253,2024-09-18 04:47:00,2024-09-18 04:50:00,3,3.36,On Time,Traffic
8424478165,37654,2023-04-21 18:36:00,2023-04-21 18:36:00,0,1.52,On Time,
6083333956,34580,2023-03-27 06:53:00,2023-03-27 07:06:00,13,2.12,Slightly Delayed,Traffic
9611327860,25443,2024-04-07 17:57:00,2024-04-07 17:55:00,-2,2.56,On Time,
9539444766,94753,2023-11-04 08:11:00,2023-11-04 08:16:00,5,2.89,On Time,Traffic
756168939,69292,2024-07-05 18:49:00,2024-07-05 18:44:00,-5,1.21,On Time,
7762624518,56407,2024-08-26 21:32:00,2024-08-26 21:46:00,14,4.0,Slightly Delayed,Traffic
3681781563,41664,2023-11-18 10:35:00,2023-11-18 10:33:00,-2,3.37,On Time,
1571085226,35840,2024-04-07 00:50:00,2024-04-07 00:57:00,7,4.62,Slightly Delayed,Traffic
4244306883,94771,2024-03-03 10:42:00,2024-03-03 10:56:00,14,2.9,Slightly Delayed,Traffic
7333141591,1610,2024-03-15 17:02:00,2024-03-15 17:20:00,18,0.8,Significantly Delayed,Traffic
1199945706,30489,2024-01-08 19:48:00,2024-01-08 19:47:00,-1,3.13,On Time,
5895644119,6452,2023-06-11 14:27:00,2023-06-11 14:27:00,0,2.16,On Time,
7112919210,58625,2024-02-01 22:18:00,2024-02-01 22:18:00,0,3.88,On Time,
8315937318,35071,2024-05-08 17:52:00,2024-05-08 18:01:00,9,3.07,Slightly Delayed,Traffic
5331800057,39782,2023-03-29 01:41:00,2023-03-29 01:54:00,13,4.9,Slightly Delayed,Traffic
5989265505,11502,2024-03-15 04:27:00,2024-03-15 04:22:00,-5,1.78,On Time,
7906361274,44821,2023-09-03 18:52:00,2023-09-03 18:51:00,-1,1.97,On Time,
6312476146,87880,2024-01-27 19:57:00,2024-01-27 20:06:00,9,2.18,Slightly Delayed,Traffic
9436272631,82287,2024-05-18 02:57:00,2024-05-18 02:56:00,-1,4.78,On Time,
8289791792,70314,2024-01-26 15:04:00,2024-01-26 15:00:00,-4,2.33,On Time,
7659532788,62888,2024-02-01 21:16:00,2024-02-01 21:19:00,3,3.26,On Time,Traffic
1498157233,13716,2024-02-08 06:44:00,2024-02-08 06:48:00,4,0.96,On Time,Traffic
8560951754,55642,2023-05-17 18:26:00,2023-05-17 18:32:00,6,0.99,Slightly Delayed,Traffic
8764192824,34121,2023-07-24 09:08:00,2023-07-24 09:23:00,15,1.34,Slightly Delayed,Traffic
1900542981,82683,2023-03-25 18:46:00,2023-03-25 18:50:00,4,1.16,On Time,Traffic
9445683691,70620,2023-11-12 20:17:00,2023-11-12 20:33:00,16,4.53,Significantly Delayed,Traffic
7719808335,80882,2023-04-26 18:00:00,2023-04-26 17:59:00,-1,2.74,On Time,
4865644960,11250,2023-09-11 08:59:00,2023-09-11 09:07:00,8,3.91,Slightly Delayed,Traffic
6518276143,99506,2024-01-25 23:29:00,2024-01-25 23:24:00,-5,1.5,On Time,
2211459584,69281,2023-12-25 14:34:00,2023-12-25 14:34:00,0,4.19,On Time,
6811633572,49915,2024-06-26 14:44:00,2024-06-26 14:48:00,4,2.15,On Time,Traffic
1821573240,45208,2024-04-10 16:39:00,2024-04-10 16:42:00,3,4.66,On Time,Traffic
8848227434,74756,2023-06-17 14:18:00,2023-06-17 14:16:00,-2,4.94,On Time,
7812276711,60140,2023-03-25 06:28:00,2023-03-25 06:40:00,12,2.45,Slightly Delayed,Traffic
939966106,267,2023-05-02 10:04:00,2023-05-02 10:06:00,2,2.05,On Time,Traffic
4099108156,21877,2024-04-10 04:40:00,2024-04-10 04:39:00,-1,0.91,On Time,
5684182622,6390,2024-03-03 16:31:00,2024-03-03 16:31:00,0,2.04,On Time,
4916740946,11753,2023-10-29 19:30:00,2023-10-29 19:34:00,4,1.38,On Time,Traffic
9732307600,91547,2024-01-31 09:03:00,2024-01-31 09:02:00,-1,4.44,On Time,
9280329883,44108,2023-09-10 23:19:00,2023-09-10 23:27:00,8,2.35,Slightly Delayed,Traffic
4284285927,29343,2024-08-04 21:12:00,2024-08-04 21:14:00,2,1.4,On Time,Traffic
8701796,41266,2024-08-19 19:14:00,2024-08-19 19:23:00,9,4.97,Slightly Delayed,Traffic
6834734512,76817,2023-08-31 23:28:00,2023-08-31 23:29:00,1,4.75,On Time,Traffic
7127377458,9342,2023-03-26 15:47:00,2023-03-26 15:55:00,8,3.89,Slightly Delayed,Traffic
4754481356,49314,2023-08-14 18:36:00,2023-08-14 18:35:00,-1,3.5,On Time,
4726007482,36892,2023-08-30 12:07:00,2023-08-30 12:11:00,4,2.57,On Time,Traffic
2320560482,7285,2024-02-18 13:21:00,2024-02-18 13:19:00,-2,3.15,On Time,
1456550348,97265,2024-05-02 00:38:00,2024-05-02 00:38:00,0,1.19,On Time,
5370744569,32084,2023-08-23 13:55:00,2023-08-23 14:08:00,13,3.16,Slightly Delayed,Traffic
5819887962,85744,2024-03-03 00:46:00,2024-03-03 01:08:00,22,2.97,Significantly Delayed,Traffic
1929465827,8263,2023-12-13 13:01:00,2023-12-13 13:00:00,-1,4.51,On Time,
9430139302,90056,2024-02-09 08:04:00,2024-02-09 08:05:00,1,2.53,On Time,Traffic
3632715912,72130,2024-08-18 17:35:00,2024-08-18 17:40:00,5,0.8,On Time,Traffic
3356214803,83239,2024-06-08 22:11:00,2024-06-08 22:08:00,-3,2.84,On Time,
2277864850,7967,2024-10-30 04:34:00,2024-10-30 04:30:00,-4,4.13,On Time,
1754472592,12994,2024-06-11 02:12:00,2024-06-11 02:13:00,1,2.88,On Time,Traffic
1833208408,91091,2023-08-16 07:43:00,2023-08-16 07:43:00,0,2.48,On Time,
6567954047,7493,2023-07-09 10:06:00,2023-07-09 10:28:00,22,0.53,Significantly Delayed,Traffic
9409585531,16318,2023-04-03 06:22:00,2023-04-03 06:29:00,7,4.52,Slightly Delayed,Traffic
731371161,78728,2024-09-25 10:09:00,2024-09-25 10:29:00,20,0.77,Significantly Delayed,Traffic
7863496069,11754,2024-02-09 19:09:00,2024-02-09 19:24:00,15,4.5,Slightly Delayed,Traffic
9043955242,89325,2024-04-13 05:19:00,2024-04-13 05:45:00,26,2.64,Significantly Delayed,Traffic
8257564936,84555,2024-03-31 08:22:00,2024-03-31 08:22:00,0,3.94,On Time,
7487631571,54412,2024-04-12 17:22:00,2024-04-12 17:31:00,9,3.79,Slightly Delayed,Traffic
4243307535,18181,2024-07-04 21:55:00,2024-07-04 22:03:00,8,3.93,Slightly Delayed,Traffic
5490221933,47119,2023-06-21 13:05:00,2023-06-21 13:01:00,-4,4.5,On Time,
577600718,15216,2024-04-06 03:56:00,2024-04-06 04:05:00,9,0.87,Slightly Delayed,Traffic
1815462789,62423,2023-09-09 05:03:00,2023-09-09 05:15:00,12,2.81,Slightly Delayed,Traffic
896786012,63700,2023-08-18 05:55:00,2023-08-18 06:05:00,10,1.61,Slightly Delayed,Traffic
2610552179,21304,2024-06-26 11:40:00,2024-06-26 11:42:00,2,1.91,On Time,Traffic
6244718082,9658,2024-05-22 14:27:00,2024-05-22 14:23:00,-4,4.95,On Time,
1837634871,26621,2023-05-06 13:50:00,2023-05-06 14:05:00,15,1.27,Slightly Delayed,Traffic
8684571382,19722,2023-10-04 22:51:00,2023-10-04 22:50:00,-1,3.84,On Time,
1659181364,4115,2023-08-26 23:49:00,2023-08-26 23:59:00,10,1.0,Slightly Delayed,Traffic
5626641031,65770,2024-05-19 01:47:00,2024-05-19 01:49:00,2,1.12,On Time,Traffic
1589326447,83945,2024-01-27 14:47:00,2024-01-27 14:52:00,5,1.75,On Time,Traffic
5018325783,41888,2024-02-11 04:37:00,2024-02-11 04:35:00,-2,1.96,On Time,
5111073873,77796,2024-02-02 19:56:00,2024-02-02 19:56:00,0,2.5,On Time,
5953426781,21723,2023-12-10 11:44:00,2023-12-10 11:42:00,-2,3.95,On Time,
8966870214,25007,2024-02-27 21:42:00,2024-02-27 21:48:00,6,2.15,Slightly Delayed,Traffic
6962915277,16407,2024-09-14 10:57:00,2024-09-14 10:57:00,0,1.07,On Time,
4309308088,44969,2023-12-02 20:44:00,2023-12-02 20:48:00,4,2.27,On Time,Traffic
5391068200,79700,2023-11-20 04:13:00,2023-11-20 04:08:00,-5,4.94,On Time,
4394681222,92464,2024-03-28 23:30:00,2024-03-28 23:45:00,15,1.8,Slightly Delayed,Traffic
4791895461,38858,2024-08-11 00:04:00,2024-08-11 00:28:00,24,2.47,Significantly Delayed,Traffic
7272011740,42857,2024-09-16 12:46:00,2024-09-16 12:48:00,2,4.2,On Time,Traffic
87784691,88685,2024-09-29 01:10:00,2024-09-29 01:13:00,3,4.58,On Time,Traffic
4939105270,84293,2023-11-02 03:00:00,2023-11-02 02:58:00,-2,3.43,On Time,
4622303035,26126,2023-08-03 11:25:00,2023-08-03 11:23:00,-2,2.53,On Time,
3460208027,75868,2024-04-19 21:56:00,2024-04-19 21:56:00,0,1.9,On Time,
2548125971,41755,2023-11-05 22:18:00,2023-11-05 22:13:00,-5,4.48,On Time,
2390111460,36389,2023-09-09 21:37:00,2023-09-09 21:42:00,5,4.29,On Time,Traffic
8309485249,3729,2023-12-02 20:46:00,2023-12-02 20:51:00,5,3.55,On Time,Traffic
8322543480,94614,2024-09-27 02:38:00,2024-09-27 03:02:00,24,4.99,Significantly Delayed,Traffic
2819200158,58827,2023-07-23 14:54:00,2023-07-23 14:56:00,2,1.95,On Time,Traffic
7087151227,25423,2023-11-26 01:10:00,2023-11-26 01:06:00,-4,2.61,On Time,
6704234561,91747,2024-01-03 07:40:00,2024-01-03 08:10:00,30,1.81,Significantly Delayed,Traffic
6998410196,97976,2023-07-25 15:51:00,2023-07-25 16:04:00,13,1.53,Slightly Delayed,Traffic
707035635,71996,2024-09-29 09:47:00,2024-09-29 09:43:00,-4,4.33,On Time,
543400704,60474,2023-10-27 00:54:00,2023-10-27 00:49:00,-5,1.06,On Time,
3604694195,6583,2023-09-03 16:41:00,2023-09-03 16:36:00,-5,0.64,On Time,
3560549947,87552,2024-07-21 02:39:00,2024-07-21 02:47:00,8,4.06,Slightly Delayed,Traffic
9982178143,53810,2023-12-08 14:17:00,2023-12-08 14:39:00,22,3.86,Significantly Delayed,Traffic
1423646541,19293,2023-12-10 10:45:00,2023-12-10 10:44:00,-1,1.73,On Time,
7441941402,79767,2023-12-22 22:33:00,2023-12-22 22:31:00,-2,3.22,On Time,
8395661807,9665,2024-08-19 08:09:00,2024-08-19 08:11:00,2,0.61,On Time,Traffic
5480656353,34982,2024-03-05 19:33:00,2024-03-05 19:28:00,-5,3.58,On Time,
4561602092,28344,2024-09-18 09:45:00,2024-09-18 09:44:00,-1,3.44,On Time,
1695982633,44739,2024-01-13 18:59:00,2024-01-13 18:55:00,-4,0.65,On Time,
6309447153,52804,2023-05-18 21:38:00,2023-05-18 21:38:00,0,4.09,On Time,
4796733514,22316,2023-04-03 18:48:00,2023-04-03 19:17:00,29,1.07,Significantly Delayed,Traffic
2858966982,5328,2024-04-25 10:34:00,2024-04-25 10:29:00,-5,3.77,On Time,
6948607495,47202,2024-08-28 09:56:00,2024-08-28 10:01:00,5,2.0,On Time,Traffic
4959271803,52469,2024-02-22 01:31:00,2024-02-22 01:44:00,13,2.07,Slightly Delayed,Traffic
5669689881,17862,2023-07-11 21:32:00,2023-07-11 21:43:00,11,4.57,Slightly Delayed,Traffic
5352265711,73582,2024-02-29 19:48:00,2024-02-29 20:01:00,13,1.05,Slightly Delayed,Traffic
5498551836,65877,2023-11-02 13:45:00,2023-11-02 13:47:00,2,2.78,On Time,Traffic
6556845822,47070,2023-05-13 19:23:00,2023-05-13 19:28:00,5,1.46,On Time,Traffic
5167008199,26989,2024-05-31 21:41:00,2024-05-31 21:36:00,-5,2.76,On Time,
966294309,92606,2024-05-02 06:03:00,2024-05-02 06:06:00,3,2.48,On Time,Traffic
3163611427,67659,2024-01-17 06:37:00,2024-01-17 06:42:00,5,1.11,On Time,Traffic
203136866,676,2024-06-11 12:37:00,2024-06-11 12:36:00,-1,0.74,On Time,
1815555165,3304,2023-09-11 12:01:00,2023-09-11 12:01:00,0,3.61,On Time,
1874499212,88852,2024-05-30 00:23:00,2024-05-30 00:25:00,2,3.16,On Time,Traffic
4012779165,59519,2024-09-16 09:44:00,2024-09-16 09:47:00,3,3.74,On Time,Traffic
3669023899,289,2024-05-12 09:53:00,2024-05-12 10:04:00,11,4.1,Slightly Delayed,Traffic
9296381620,93839,2024-04-28 01:44:00,2024-04-28 01:43:00,-1,3.27,On Time,
2725513934,27735,2023-10-07 06:37:00,2023-10-07 06:39:00,2,0.65,On Time,Traffic
5564338561,99128,2024-03-31 23:16:00,2024-03-31 23:14:00,-2,3.96,On Time,
4701778121,18398,2024-06-06 21:40:00,2024-06-06 21:44:00,4,1.24,On Time,Traffic
9529272337,34837,2023-12-11 00:17:00,2023-12-11 00:17:00,0,2.06,On Time,
869910650,45055,2024-05-27 00:57:00,2024-05-27 00:52:00,-5,4.69,On Time,
2127080399,55501,2024-09-16 15:17:00,2024-09-16 15:25:00,8,1.72,Slightly Delayed,Traffic
3547439109,91588,2023-04-13 00:41:00,2023-04-13 00:39:00,-2,2.46,On Time,
997535715,35602,2023-03-27 11:35:00,2023-03-27 11:37:00,2,4.02,On Time,Traffic
2442453181,21860,2023-03-26 07:40:00,2023-03-26 07:45:00,5,4.46,On Time,Traffic
1182120536,6560,2024-05-26 15:51:00,2024-05-26 15:53:00,2,2.91,On Time,Traffic
2819297954,93978,2024-04-07 16:05:00,2024-04-07 16:08:00,3,0.52,On Time,Traffic
9870956079,42784,2023-10-26 07:43:00,2023-10-26 07:45:00,2,3.76,On Time,Traffic
6032675432,29641,2024-09-29 05:22:00,2024-09-29 05:19:00,-3,4.47,On Time,
329790912,43584,2024-08-04 10:38:00,2024-08-04 10:34:00,-4,2.32,On Time,
6459815532,10758,2023-05-16 21:57:00,2023-05-16 22:09:00,12,1.63,Slightly Delayed,Traffic
9214523757,45153,2023-10-20 21:41:00,2023-10-20 21:37:00,-4,4.86,On Time,
9450279027,31584,2023-09-30 04:51:00,2023-09-30 04:47:00,-4,4.62,On Time,
6265551101,43283,2023-11-13 22:02:00,2023-11-13 21:58:00,-4,1.46,On Time,
4138526838,24981,2023-10-25 00:22:00,2023-10-25 00:35:00,13,3.73,Slightly Delayed,Traffic
8005579633,98172,2023-08-16 05:37:00,2023-08-16 06:01:00,24,1.66,Significantly Delayed,Traffic
3442984170,52151,2024-09-16 23:48:00,2024-09-16 23:49:00,1,3.2,On Time,Traffic
8711550413,15340,2023-05-30 14:32:00,2023-05-30 14:54:00,22,3.32,Significantly Delayed,Traffic
2509593585,87829,2023-05-05 02:02:00,2023-05-05 01:59:00,-3,2.85,On Time,
6126557370,37656,2024-04-20 08:00:00,2024-04-20 08:05:00,5,0.68,On Time,Traffic
9876119035,83597,2023-04-15 01:22:00,2023-04-15 01:35:00,13,3.58,Slightly Delayed,Traffic
3739042166,52760,2024-07-23 01:02:00,2024-07-23 01:07:00,5,4.28,On Time,Traffic
7938944124,43293,2024-03-30 02:13:00,2024-03-30 02:18:00,5,4.82,On Time,Traffic
506804807,29740,2024-07-10 05:02:00,2024-07-10 04:57:00,-5,3.71,On Time,
3577900599,32303,2024-02-02 08:27:00,2024-02-02 08:22:00,-5,1.71,On Time,
8337599633,23191,2023-11-21 13:08:00,2023-11-21 13:07:00,-1,2.04,On Time,
8611745429,97499,2024-05-12 03:41:00,2024-05-12 03:40:00,-1,1.3,On Time,
2990223879,2555,2023-08-11 18:25:00,2023-08-11 18:35:00,10,2.77,Slightly Delayed,Traffic
52324496,54293,2024-02-23 17:47:00,2024-02-23 17:52:00,5,2.39,On Time,Traffic
6594929133,30251,2023-04-14 10:02:00,2023-04-14 10:01:00,-1,0.65,On Time,
2480235830,58919,2023-09-19 05:54:00,2023-09-19 05:58:00,4,4.28,On Time,Traffic
9667072962,31515,2023-04-11 21:09:00,2023-04-11 21:15:00,6,3.97,Slightly Delayed,Traffic
277700053,29553,2023-08-15 19:26:00,2023-08-15 19:29:00,3,4.98,On Time,Traffic
5691623788,3949,2024-03-16 19:17:00,2024-03-16 19:17:00,0,1.63,On Time,
6845696161,77587,2023-07-14 07:49:00,2023-07-14 08:03:00,14,1.83,Slightly Delayed,Traffic
4098488449,5718,2023-03-31 13:48:00,2023-03-31 13:48:00,0,2.85,On Time,
5653623743,59281,2023-03-30 08:53:00,2023-03-30 09:19:00,26,1.2,Significantly Delayed,Traffic
6416399784,31405,2023-08-07 02:45:00,2023-08-07 02:54:00,9,1.32,Slightly Delayed,Traffic
4365565386,24899,2023-06-30 04:25:00,2023-06-30 04:21:00,-4,1.5,On Time,
6423269418,67311,2024-08-23 10:13:00,2024-08-23 10:27:00,14,1.78,Slightly Delayed,Traffic
1020534590,16201,2023-12-12 10:13:00,2023-12-12 10:21:00,8,4.37,Slightly Delayed,Traffic
4015289878,53358,2024-03-22 07:09:00,2024-03-22 07:19:00,10,1.79,Slightly Delayed,Traffic
9959668334,81433,2024-01-07 08:28:00,2024-01-07 08:25:00,-3,1.31,On Time,
8054387790,66757,2023-05-08 18:44:00,2023-05-08 18:40:00,-4,1.95,On Time,
4795344310,34016,2024-04-12 16:07:00,2024-04-12 16:37:00,30,0.93,Significantly Delayed,Traffic
2205862234,68306,2023-10-02 14:01:00,2023-10-02 13:57:00,-4,2.33,On Time,
4686249863,34524,2024-08-31 03:41:00,2024-08-31 03:38:00,-3,2.6,On Time,
1270524770,95994,2023-10-11 07:33:00,2023-10-11 07:35:00,2,3.7,On Time,Traffic
5743550453,95126,2024-05-19 05:24:00,2024-05-19 05:29:00,5,1.21,On Time,Traffic
5309699078,65578,2023-08-02 17:53:00,2023-08-02 18:07:00,14,0.51,Slightly Delayed,Traffic
7565768030,54027,2024-02-10 03:08:00,2024-02-10 03:07:00,-1,0.73,On Time,
3210260715,12745,2023-04-06 15:21:00,2023-04-06 15:16:00,-5,3.86,On Time,
6657245289,45050,2024-05-20 02:14:00,2024-05-20 02:33:00,19,2.38,Significantly Delayed,Traffic
7854526965,53207,2023-08-18 08:06:00,2023-08-18 08:15:00,9,4.21,Slightly Delayed,Traffic
2770948451,81011,2023-04-27 08:03:00,2023-04-27 08:22:00,19,0.91,Significantly Delayed,Traffic
624070426,343,2023-10-07 17:05:00,2023-10-07 17:02:00,-3,4.96,On Time,
891583492,98655,2024-04-07 05:01:00,2024-04-07 05:02:00,1,2.72,On Time,Traffic
5811206654,71923,2023-05-17 05:34:00,2023-05-17 05:48:00,14,2.73,Slightly Delayed,Traffic
809894905,86857,2023-12-28 16:51:00,2023-12-28 16:56:00,5,2.71,On Time,Traffic
8209000496,15353,2023-03-28 20:10:00,2023-03-28 20:25:00,15,2.17,Slightly Delayed,Traffic
4901288364,36597,2023-07-31 22:26:00,2023-07-31 22:38:00,12,4.65,Slightly Delayed,Traffic
5890338566,58543,2023-04-29 03:11:00,2023-04-29 03:12:00,1,1.74,On Time,Traffic
2745295248,85960,2024-05-28 21:34:00,2024-05-28 21:33:00,-1,1.29,On Time,
5708700204,4397,2023-05-05 18:08:00,2023-05-05 18:07:00,-1,0.51,On Time,
8643851643,17189,2023-04-21 01:41:00,2023-04-21 02:11:00,30,4.32,Significantly Delayed,Traffic
4525287277,72834,2023-06-29 00:20:00,2023-06-29 00:23:00,3,3.71,On Time,Traffic
6154459753,16231,2024-06-12 09:28:00,2024-06-12 09:39:00,11,2.4,Slightly Delayed,Traffic
2587790388,60426,2024-06-09 18:18:00,2024-06-09 18:16:00,-2,2.31,On Time,
2665891587,40904,2024-03-18 16:10:00,2024-03-18 16:05:00,-5,2.28,On Time,
6996561687,75938,2024-06-29 04:52:00,2024-06-29 04:53:00,1,2.31,On Time,Traffic
961607638,23890,2023-08-03 23:57:00,2023-08-04 00:25:00,28,4.81,Significantly Delayed,Traffic
4385491839,48535,2024-06-07 20:35:00,2024-06-07 20:30:00,-5,0.93,On Time,
1279200190,63446,2024-07-10 06:18:00,2024-07-10 06:25:00,7,1.17,Slightly Delayed,Traffic
9668698616,23600,2023-11-01 14:24:00,2023-11-01 14:24:00,0,4.51,On Time,
4813038298,69529,2024-05-23 13:43:00,2024-05-23 13:53:00,10,2.75,Slightly Delayed,Traffic
2030125421,88936,2024-05-03 15:06:00,2024-05-03 15:10:00,4,4.4,On Time,Traffic
6997235339,98293,2024-01-12 09:05:00,2024-01-12 09:04:00,-1,1.3,On Time,
7438342576,25965,2023-05-09 22:11:00,2023-05-09 22:16:00,5,1.63,On Time,Traffic
9958423263,97375,2024-03-15 06:10:00,2024-03-15 06:07:00,-3,0.67,On Time,
3416693628,93184,2024-10-03 00:38:00,2024-10-03 00:39:00,1,3.28,On Time,Traffic
3440579647,76028,2024-08-05 15:48:00,2024-08-05 15:48:00,0,1.99,On Time,
5307231496,84740,2024-04-23 06:36:00,2024-04-23 06:35:00,-1,2.58,On Time,
4779055734,49398,2023-06-30 06:04:00,2023-06-30 06:14:00,10,2.8,Slightly Delayed,Traffic
3834705841,78388,2023-09-09 07:38:00,2023-09-09 08:01:00,23,1.58,Significantly Delayed,Traffic
9080324081,88838,2023-05-27 09:34:00,2023-05-27 09:33:00,-1,4.49,On Time,
2500757555,52455,2024-10-27 11:03:00,2024-10-27 11:00:00,-3,3.91,On Time,
1292986566,28341,2023-07-12 04:14:00,2023-07-12 04:10:00,-4,4.62,On Time,
6602362287,89221,2024-02-01 21:18:00,2024-02-01 21:23:00,5,2.37,On Time,Traffic
184844043,18845,2023-12-07 05:13:00,2023-12-07 05:08:00,-5,4.04,On Time,
936587253,93251,2023-07-18 10:00:00,2023-07-18 10:04:00,4,1.78,On Time,Traffic
2834429147,62176,2023-10-04 05:08:00,2023-10-04 05:15:00,7,0.93,Slightly Delayed,Traffic
114306835,60947,2024-02-06 20:47:00,2024-02-06 20:52:00,5,3.9,On Time,Traffic
1675849477,70336,2024-06-11 20:13:00,2024-06-11 20:18:00,5,4.47,On Time,Traffic
5191052705,97676,2023-06-19 05:49:00,2023-06-19 05:53:00,4,3.52,On Time,Traffic
7068834722,97953,2023-11-19 08:43:00,2023-11-19 08:48:00,5,0.98,On Time,Traffic
5051330893,49311,2024-07-04 02:47:00,2024-07-04 03:01:00,14,4.22,Slightly Delayed,Traffic
6065496420,49744,2023-05-16 16:44:00,2023-05-16 16:55:00,11,0.93,Slightly Delayed,Traffic
7574848635,74349,2023-06-28 02:31:00,2023-06-28 02:43:00,12,2.14,Slightly Delayed,Traffic
8793868975,47869,2024-02-01 17:32:00,2024-02-01 17:36:00,4,2.76,On Time,Traffic
5381466176,48307,2023-06-01 21:05:00,2023-06-01 21:08:00,3,4.54,On Time,Traffic
7709366480,92788,2024-08-28 02:38:00,2024-08-28 02:38:00,0,0.98,On Time,
4936667930,36661,2023-06-20 10:08:00,2023-06-20 10:09:00,1,2.69,On Time,Traffic
6860925755,7299,2023-09-29 09:20:00,2023-09-29 09:19:00,-1,1.74,On Time,
5486433396,87165,2024-01-20 18:27:00,2024-01-20 18:32:00,5,0.61,On Time,Traffic
7089292009,70015,2023-04-05 23:29:00,2023-04-05 23:30:00,1,2.56,On Time,Traffic
5350760367,56321,2023-08-13 06:22:00,2023-08-13 06:26:00,4,1.78,On Time,Traffic
5581769906,80281,2024-04-14 04:17:00,2024-04-14 04:30:00,13,2.26,Slightly Delayed,Traffic
6256637306,57954,2023-11-07 11:37:00,2023-11-07 11:46:00,9,2.47,Slightly Delayed,Traffic
2999946056,6882,2024-06-28 10:50:00,2024-06-28 10:50:00,0,3.1,On Time,
5218488175,38184,2024-01-03 20:39:00,2024-01-03 20:39:00,0,4.64,On Time,
8297436592,20223,2024-10-20 08:46:00,2024-10-20 08:41:00,-5,4.13,On Time,
1806118907,22727,2023-12-25 05:43:00,2023-12-25 05:45:00,2,3.65,On Time,Traffic
6999224625,29986,2023-04-16 00:38:00,2023-04-16 00:39:00,1,4.49,On Time,Traffic
1809997641,56471,2023-11-10 10:33:00,2023-11-10 10:56:00,23,1.51,Significantly Delayed,Traffic
7528090614,91659,2024-06-29 18:07:00,2024-06-29 18:10:00,3,2.32,On Time,Traffic
4884904912,45668,2023-08-24 14:13:00,2023-08-24 14:08:00,-5,0.73,On Time,
9811235698,50768,2024-03-02 11:21:00,2024-03-02 11:33:00,12,2.74,Slightly Delayed,Traffic
5616653529,34530,2023-12-23 03:32:00,2023-12-23 03:37:00,5,0.97,On Time,Traffic
7188183056,84857,2023-08-06 13:52:00,2023-08-06 13:52:00,0,2.9,On Time,
7898301143,68227,2023-08-10 21:28:00,2023-08-10 21:31:00,3,3.32,On Time,Traffic
5222677885,53731,2024-07-15 11:03:00,2024-07-15 11:10:00,7,2.29,Slightly Delayed,Traffic
8544952346,2103,2023-11-23 05:02:00,2023-11-23 05:03:00,1,2.38,On Time,Traffic
9403371764,20589,2023-06-08 03:29:00,2023-06-08 03:42:00,13,4.38,Slightly Delayed,Traffic
3956205476,30143,2023-06-12 01:18:00,2023-06-12 01:17:00,-1,1.61,On Time,
5678362658,90700,2024-07-22 05:06:00,2024-07-22 05:06:00,0,2.6,On Time,
8131610255,56625,2024-03-22 16:15:00,2024-03-22 16:12:00,-3,2.47,On Time,
4722653990,35362,2023-07-19 16:19:00,2023-07-19 16:23:00,4,1.65,On Time,Traffic
6613853662,57477,2024-01-26 14:17:00,2024-01-26 14:27:00,10,2.2,Slightly Delayed,Traffic
8274987671,25394,2024-10-03 08:02:00,2024-10-03 08:04:00,2,2.61,On Time,Traffic
5519983123,16320,2024-04-11 14:28:00,2024-04-11 14:26:00,-2,1.85,On Time,
2746329488,91841,2023-08-26 16:09:00,2023-08-26 16:08:00,-1,4.54,On Time,
6443285614,51921,2023-08-29 03:47:00,2023-08-29 03:48:00,1,0.51,On Time,Traffic
6932426427,24784,2023-08-01 19:56:00,2023-08-01 19:51:00,-5,1.03,On Time,
1796512004,6966,2023-06-13 13:56:00,2023-06-13 13:59:00,3,4.54,On Time,Traffic
1464518253,86453,2023-07-04 02:26:00,2023-07-04 02:30:00,4,2.9,On Time,Traffic
3585105627,68268,2024-10-10 03:56:00,2024-10-10 03:53:00,-3,1.88,On Time,
5387247994,13031,2024-04-28 20:39:00,2024-04-28 20:42:00,3,1.93,On Time,Traffic
7568171531,71881,2023-12-02 12:57:00,2023-12-02 13:00:00,3,4.73,On Time,Traffic
4111193446,84313,2024-01-22 09:25:00,2024-01-22 09:25:00,0,4.78,On Time,
8683154153,95782,2024-09-07 06:50:00,2024-09-07 06:52:00,2,3.05,On Time,Traffic
5712367183,92876,2024-06-13 19:31:00,2024-06-13 19:45:00,14,2.5,Slightly Delayed,Traffic
3952854723,76903,2023-09-15 02:54:00,2023-09-15 02:50:00,-4,1.39,On Time,
4631387671,79609,2024-10-08 09:00:00,2024-10-08 09:23:00,23,1.13,Significantly Delayed,Traffic
2145309969,30573,2023-09-17 17:01:00,2023-09-17 17:01:00,0,1.93,On Time,
4314762741,5623,2023-06-17 09:46:00,2023-06-17 09:42:00,-4,2.57,On Time,
7401889152,91633,2024-09-20 02:01:00,2024-09-20 01:57:00,-4,1.45,On Time,
1932040824,54078,2024-03-15 20:59:00,2024-03-15 21:04:00,5,3.81,On Time,Traffic
9836424713,1086,2023-11-19 03:38:00,2023-11-19 03:42:00,4,2.6,On Time,Traffic
9882312203,65591,2024-05-15 05:53:00,2024-05-15 06:23:00,30,4.21,Significantly Delayed,Traffic
3082649585,79821,2023-09-26 18:20:00,2023-09-26 18:22:00,2,0.67,On Time,Traffic
6033878151,5041,2023-11-11 18:42:00,2023-11-11 18:37:00,-5,4.49,On Time,
6395547592,94212,2024-10-23 10:53:00,2024-10-23 11:23:00,30,2.69,Significantly Delayed,Traffic
372962997,46745,2024-04-18 00:28:00,2024-04-18 00:41:00,13,4.98,Slightly Delayed,Traffic
2988215377,20480,2024-08-18 15:23:00,2024-08-18 15:22:00,-1,1.27,On Time,
7081583361,8253,2024-08-01 20:45:00,2024-08-01 20:50:00,5,2.58,On Time,Traffic
1860491452,12552,2024-04-18 11:59:00,2024-04-18 12:12:00,13,1.11,Slightly Delayed,Traffic
7499656197,28004,2024-03-27 09:46:00,2024-03-27 10:01:00,15,3.34,Slightly Delayed,Traffic
4507112412,49476,2023-09-30 22:27:00,2023-09-30 22:22:00,-5,3.92,On Time,
9214595868,34254,2024-07-01 23:55:00,2024-07-02 00:08:00,13,2.45,Slightly Delayed,Traffic
253430904,65198,2023-07-08 01:13:00,2023-07-08 01:09:00,-4,3.98,On Time,
5574588218,98523,2024-06-28 09:07:00,2024-06-28 09:14:00,7,3.37,Slightly Delayed,Traffic
2817281674,83817,2023-09-16 13:39:00,2023-09-16 13:40:00,1,3.05,On Time,Traffic
4932779616,72875,2024-07-26 05:24:00,2024-07-26 05:29:00,5,2.26,On Time,Traffic
7932879650,77996,2023-05-07 19:09:00,2023-05-07 19:35:00,26,4.03,Significantly Delayed,Traffic
997698125,83779,2023-11-29 06:04:00,2023-11-29 06:04:00,0,4.32,On Time,
2403547563,38539,2024-05-20 17:08:00,2024-05-20 17:04:00,-4,3.32,On Time,
8875483494,43097,2024-03-12 05:38:00,2024-03-12 05:44:00,6,2.2,Slightly Delayed,Traffic
883548284,16742,2024-05-23 04:36:00,2024-05-23 04:42:00,6,0.85,Slightly Delayed,Traffic
2364229435,23696,2024-07-13 05:51:00,2024-07-13 05:47:00,-4,1.42,On Time,
6845869445,73284,2024-05-27 17:39:00,2024-05-27 17:59:00,20,1.71,Significantly Delayed,Traffic
397818832,89520,2023-12-22 13:18:00,2023-12-22 13:45:00,27,3.64,Significantly Delayed,Traffic
304166272,14802,2023-10-29 01:37:00,2023-10-29 01:42:00,5,3.89,On Time,Traffic
1575626085,36728,2023-05-19 13:43:00,2023-05-19 13:39:00,-4,2.65,On Time,
3945644714,74071,2023-05-16 14:23:00,2023-05-16 14:26:00,3,4.4,On Time,Traffic
8370213291,40650,2023-05-20 14:16:00,2023-05-20 14:30:00,14,3.94,Slightly Delayed,Traffic
2185375786,10502,2024-04-25 10:58:00,2024-04-25 11:13:00,15,1.44,Slightly Delayed,Traffic
1828975788,39589,2024-01-30 13:25:00,2024-01-30 13:32:00,7,3.81,Slightly Delayed,Traffic
4319450104,58079,2024-09-16 10:15:00,2024-09-16 10:21:00,6,4.89,Slightly Delayed,Traffic
5059765199,10225,2023-10-19 06:09:00,2023-10-19 06:15:00,6,4.53,Slightly Delayed,Traffic
5360089735,11907,2023-05-04 05:25:00,2023-05-04 05:28:00,3,4.41,On Time,Traffic
8008211695,5891,2023-09-07 16:39:00,2023-09-07 16:41:00,2,2.15,On Time,Traffic
4400031082,85402,2023-07-08 20:58:00,2023-07-08 20:55:00,-3,2.37,On Time,
9582738204,35952,2023-08-17 03:10:00,2023-08-17 03:29:00,19,3.87,Significantly Delayed,Traffic
1368450162,96642,2023-09-11 00:16:00,2023-09-11 00:13:00,-3,1.92,On Time,
56705032,77287,2023-11-16 04:40:00,2023-11-16 04:54:00,14,3.67,Slightly Delayed,Traffic
2407168640,31314,2024-07-25 10:04:00,2024-07-25 10:17:00,13,0.96,Slightly Delayed,Traffic
530588807,97484,2024-02-01 13:50:00,2024-02-01 14:12:00,22,1.08,Significantly Delayed,Traffic
9975541696,65401,2023-06-12 23:01:00,2023-06-12 23:10:00,9,3.57,Slightly Delayed,Traffic
8602707005,18347,2024-04-02 13:15:00,2024-04-02 13:20:00,5,2.58,On Time,Traffic
2382595056,12155,2023-12-09 12:42:00,2023-12-09 12:41:00,-1,4.12,On Time,
8056162498,21033,2023-05-08 22:27:00,2023-05-08 22:48:00,21,1.56,Significantly Delayed,Traffic
4593039089,58970,2024-09-14 07:15:00,2024-09-14 07:20:00,5,0.97,On Time,Traffic
7311288658,96125,2024-08-15 15:51:00,2024-08-15 15:51:00,0,1.64,On Time,
9157217130,22520,2023-06-18 20:12:00,2023-06-18 20:07:00,-5,4.52,On Time,
9328094731,87082,2024-08-21 04:43:00,2024-08-21 04:41:00,-2,1.48,On Time,
3259266120,98390,2024-07-08 13:00:00,2024-07-08 13:14:00,14,1.62,Slightly Delayed,Traffic
4656541041,12258,2024-10-30 19:24:00,2024-10-30 19:49:00,25,0.55,Significantly Delayed,Traffic
730839483,56532,2023-07-24 00:12:00,2023-07-24 00:08:00,-4,2.68,On Time,
6185824257,1663,2024-08-05 07:15:00,2024-08-05 07:15:00,0,1.45,On Time,
225195662,41237,2024-08-30 19:41:00,2024-08-30 19:48:00,7,3.42,Slightly Delayed,Traffic
6771104541,57250,2023-05-10 10:59:00,2023-05-10 10:58:00,-1,1.49,On Time,
6146830622,47626,2024-10-04 13:31:00,2024-10-04 13:27:00,-4,2.26,On Time,
1380326453,81223,2023-08-29 21:11:00,2023-08-29 21:14:00,3,4.45,On Time,Traffic
728523620,56472,2023-08-31 19:30:00,2023-08-31 19:33:00,3,2.89,On Time,Traffic
27296314,97704,2024-10-17 16:24:00,2024-10-17 16:46:00,22,4.39,Significantly Delayed,Traffic
2608278705,47002,2023-10-22 02:40:00,2023-10-22 02:46:00,6,4.52,Slightly Delayed,Traffic
6786366774,24511,2024-03-21 02:38:00,2024-03-21 02:35:00,-3,4.36,On Time,
5572475750,40263,2023-04-25 09:54:00,2023-04-25 09:55:00,1,2.33,On Time,Traffic
8276417383,12207,2024-06-18 02:33:00,2024-06-18 02:36:00,3,1.38,On Time,Traffic
784435014,92792,2023-10-11 14:58:00,2023-10-11 14:56:00,-2,1.72,On Time,
9442274046,54659,2023-09-01 11:08:00,2023-09-01 11:14:00,6,2.71,Slightly Delayed,Traffic
2470025903,86113,2024-06-06 08:07:00,2024-06-06 08:02:00,-5,0.72,On Time,
6774241153,43384,2024-09-23 05:46:00,2024-09-23 05:44:00,-2,2.82,On Time,
3874644184,94851,2024-06-23 23:43:00,2024-06-23 23:48:00,5,4.04,On Time,Traffic
8078065454,61678,2024-05-19 11:31:00,2024-05-19 12:01:00,30,0.56,Significantly Delayed,Traffic
340113260,75601,2024-02-27 15:38:00,2024-02-27 15:51:00,13,4.84,Slightly Delayed,Traffic
2978839318,28270,2024-01-11 16:18:00,2024-01-11 16:18:00,0,2.08,On Time,
3896922017,65400,2024-08-25 17:55:00,2024-08-25 17:59:00,4,4.95,On Time,Traffic
7621954956,54741,2023-07-07 04:14:00,2023-07-07 04:10:00,-4,2.73,On Time,
581178324,47464,2024-02-17 04:22:00,2024-02-17 04:19:00,-3,4.11,On Time,
8469170680,63716,2023-03-16 19:14:00,2023-03-16 19:18:00,4,1.51,On Time,Traffic
6779626333,76974,2024-05-11 01:31:00,2024-05-11 01:42:00,11,4.69,Slightly Delayed,Traffic
6335704206,20524,2024-05-22 12:48:00,2024-05-22 12:49:00,1,2.69,On Time,Traffic
8314342490,66981,2023-04-05 01:23:00,2023-04-05 01:23:00,0,0.64,On Time,
1948795658,77748,2023-10-23 07:57:00,2023-10-23 07:55:00,-2,2.73,On Time,
9187864807,69796,2024-06-22 10:17:00,2024-06-22 10:16:00,-1,4.86,On Time,
8399666962,970,2023-04-08 10:04:00,2023-04-08 09:59:00,-5,4.01,On Time,
6196321055,42302,2024-05-17 18:38:00,2024-05-17 18:37:00,-1,0.54,On Time,
8128518434,69854,2023-08-12 17:06:00,2023-08-12 17:03:00,-3,1.46,On Time,
9854897999,91060,2023-10-04 18:11:00,2023-10-04 18:10:00,-1,4.05,On Time,
2603584546,65439,2024-05-21 22:05:00,2024-05-21 22:09:00,4,3.85,On Time,Traffic
1295119665,2255,2024-03-19 08:26:00,2024-03-19 08:21:00,-5,4.34,On Time,
599975885,71620,2023-06-07 06:13:00,2023-06-07 06:11:00,-2,1.45,On Time,
5834861324,35944,2023-07-04 12:29:00,2023-07-04 12:50:00,21,1.72,Significantly Delayed,Traffic
2032005162,34670,2024-10-21 07:19:00,2024-10-21 07:23:00,4,2.55,On Time,Traffic
8391900458,24889,2023-05-17 05:51:00,2023-05-17 05:48:00,-3,4.37,On Time,
1887687323,33348,2024-02-08 03:09:00,2024-02-08 03:07:00,-2,3.78,On Time,
2120411967,57032,2023-12-21 01:38:00,2023-12-21 02:00:00,22,4.54,Significantly Delayed,Traffic
3158340906,87614,2024-07-19 01:41:00,2024-07-19 01:48:00,7,4.42,Slightly Delayed,Traffic
2387343456,95322,2024-10-19 03:22:00,2024-10-19 03:34:00,12,1.67,Slightly Delayed,Traffic
338609144,30432,2024-10-26 05:55:00,2024-10-26 05:52:00,-3,3.64,On Time,
9056190831,80716,2023-07-17 07:08:00,2023-07-17 07:08:00,0,3.38,On Time,
2803081135,91761,2023-06-10 22:06:00,2023-06-10 22:07:00,1,1.92,On Time,Traffic
5970759669,77115,2024-03-19 10:42:00,2024-03-19 10:41:00,-1,1.14,On Time,
3226693729,63788,2023-08-06 13:46:00,2023-08-06 13:45:00,-1,0.5,On Time,
8132845656,59176,2024-07-10 12:12:00,2024-07-10 12:36:00,24,2.73,Significantly Delayed,Traffic
7850550725,95256,2023-12-31 06:00:00,2023-12-31 06:04:00,4,3.45,On Time,Traffic
2934547619,93096,2024-06-01 21:11:00,2024-06-01 21:12:00,1,3.68,On Time,Traffic
608179182,62860,2024-08-01 08:41:00,2024-08-01 08:57:00,16,2.94,Significantly Delayed,Traffic
5191326847,18931,2023-05-13 21:45:00,2023-05-13 21:40:00,-5,1.48,On Time,
7614561036,12416,2023-09-10 06:13:00,2023-09-10 06:09:00,-4,1.58,On Time,
2947791133,27180,2023-11-28 07:29:00,2023-11-28 07:25:00,-4,1.02,On Time,
6538760883,6246,2024-04-19 14:06:00,2024-04-19 14:06:00,0,2.26,On Time,
8872250952,56371,2023-10-04 05:09:00,2023-10-04 05:25:00,16,4.38,Significantly Delayed,Traffic
8173258734,65288,2023-11-03 03:51:00,2023-11-03 03:59:00,8,4.19,Slightly Delayed,Traffic
5465833352,43563,2023-03-28 20:10:00,2023-03-28 20:12:00,2,1.06,On Time,Traffic
2106569369,6531,2024-01-02 11:45:00,2024-01-02 11:45:00,0,3.91,On Time,
9039440500,30254,2024-07-12 05:53:00,2024-07-12 05:54:00,1,2.47,On Time,Traffic
8281482042,42297,2023-06-28 15:38:00,2023-06-28 15:42:00,4,4.44,On Time,Traffic
479528548,48749,2023-07-17 23:45:00,2023-07-17 23:47:00,2,1.05,On Time,Traffic
8087519921,45580,2023-10-19 08:49:00,2023-10-19 08:45:00,-4,3.71,On Time,
4869691623,83043,2023-05-05 04:29:00,2023-05-05 04:24:00,-5,1.07,On Time,
7155177625,30422,2024-08-25 23:59:00,2024-08-26 00:04:00,5,3.68,On Time,Traffic
7254499390,86803,2023-11-29 13:46:00,2023-11-29 13:46:00,0,1.11,On Time,
7394439260,12528,2024-10-21 06:44:00,2024-10-21 07:11:00,27,4.36,Significantly Delayed,Traffic
6581715589,58622,2023-05-09 00:54:00,2023-05-09 00:53:00,-1,3.09,On Time,
9457009010,2554,2024-02-06 00:23:00,2024-02-06 00:37:00,14,2.95,Slightly Delayed,Traffic
2859660695,16252,2023-08-02 04:53:00,2023-08-02 05:06:00,13,3.37,Slightly Delayed,Traffic
6392348668,45949,2024-01-29 20:06:00,2024-01-29 20:11:00,5,2.44,On Time,Traffic
6933011590,61242,2023-08-01 23:34:00,2023-08-01 23:29:00,-5,1.3,On Time,
5809441378,5755,2024-07-29 21:11:00,2024-07-29 21:35:00,24,0.97,Significantly Delayed,Traffic
411113020,67832,2024-06-29 01:48:00,2024-06-29 01:51:00,3,4.93,On Time,Traffic
5512796364,26740,2023-06-21 15:38:00,2023-06-21 15:38:00,0,2.62,On Time,
2610813239,70178,2023-11-26 04:21:00,2023-11-26 04:20:00,-1,4.63,On Time,
3236748462,22715,2024-06-26 10:30:00,2024-06-26 10:34:00,4,2.9,On Time,Traffic
6652395897,9118,2024-07-11 03:52:00,2024-07-11 03:49:00,-3,3.42,On Time,
5517901926,44062,2023-06-25 00:01:00,2023-06-25 00:05:00,4,0.65,On Time,Traffic
2174753933,24246,2024-10-12 05:29:00,2024-10-12 05:26:00,-3,3.68,On Time,
1525700767,84226,2023-05-29 00:22:00,2023-05-29 00:37:00,15,4.55,Slightly Delayed,Traffic
7232692149,77791,2023-12-01 20:42:00,2023-12-01 20:46:00,4,4.28,On Time,Traffic
8556607504,26730,2024-02-20 06:47:00,2024-02-20 06:48:00,1,4.45,On Time,Traffic
5841260317,46790,2023-04-28 19:44:00,2023-04-28 19:58:00,14,2.69,Slightly Delayed,Traffic
9471427840,3518,2023-07-08 06:55:00,2023-07-08 07:10:00,15,2.42,Slightly Delayed,Traffic
2070610257,79253,2023-07-20 05:08:00,2023-07-20 05:08:00,0,1.67,On Time,
1884811437,85987,2023-03-21 20:21:00,2023-03-21 20:16:00,-5,1.8,On Time,
5331747573,21022,2024-09-30 16:58:00,2024-09-30 16:55:00,-3,1.98,On Time,
9977285985,9310,2023-08-11 15:18:00,2023-08-11 15:20:00,2,2.17,On Time,Traffic
1715175070,81041,2023-09-27 05:03:00,2023-09-27 05:25:00,22,1.99,Significantly Delayed,Traffic
4117790162,67561,2023-05-11 23:36:00,2023-05-11 23:39:00,3,3.4,On Time,Traffic
9051644316,3338,2024-07-23 17:31:00,2024-07-23 17:38:00,7,1.59,Slightly Delayed,Traffic
4903335316,78579,2023-04-30 19:51:00,2023-04-30 20:01:00,10,3.96,Slightly Delayed,Traffic
3341481363,5676,2023-11-22 02:33:00,2023-11-22 02:49:00,16,1.45,Significantly Delayed,Traffic
4074537770,35318,2024-04-30 07:12:00,2024-04-30 07:16:00,4,4.12,On Time,Traffic
5374589112,5005,2023-10-26 14:31:00,2023-10-26 14:55:00,24,1.35,Significantly Delayed,Traffic
6401406847,73083,2023-11-04 14:14:00,2023-11-04 14:25:00,11,2.91,Slightly Delayed,Traffic
698439139,11532,2024-09-07 07:25:00,2024-09-07 07:23:00,-2,3.38,On Time,
881367843,44968,2024-10-14 08:22:00,2024-10-14 08:18:00,-4,2.67,On Time,
6438115781,4344,2023-10-29 13:46:00,2023-10-29 13:46:00,0,4.89,On Time,
1706198744,71880,2024-06-03 18:30:00,2024-06-03 18:29:00,-1,2.71,On Time,
3115167739,72022,2024-07-25 18:43:00,2024-07-25 18:43:00,0,3.24,On Time,
8608111158,12818,2023-04-14 02:57:00,2023-04-14 03:06:00,9,3.77,Slightly Delayed,Traffic
8167540645,58084,2023-07-23 13:35:00,2023-07-23 13:39:00,4,3.63,On Time,Traffic
898210033,12413,2024-06-13 03:57:00,2024-06-13 03:55:00,-2,2.34,On Time,
5415454466,34853,2024-07-09 12:19:00,2024-07-09 12:20:00,1,1.91,On Time,Traffic
9240312177,95973,2023-04-06 12:41:00,2023-04-06 12:48:00,7,1.54,Slightly Delayed,Traffic
4880265969,27914,2023-05-22 01:32:00,2023-05-22 01:32:00,0,1.64,On Time,
5056583192,92613,2023-11-30 05:20:00,2023-11-30 05:16:00,-4,1.43,On Time,
1921412688,73146,2023-10-04 14:48:00,2023-10-04 14:51:00,3,2.91,On Time,Traffic
5829741995,19670,2023-12-25 23:10:00,2023-12-25 23:20:00,10,4.54,Slightly Delayed,Traffic
9830742370,76449,2024-02-09 16:32:00,2024-02-09 16:38:00,6,1.98,Slightly Delayed,Traffic
509041342,46033,2024-01-05 15:21:00,2024-01-05 15:21:00,0,2.24,On Time,
8420144998,23389,2023-11-25 19:50:00,2023-11-25 19:47:00,-3,1.9,On Time,
7353766541,31980,2023-06-28 21:43:00,2023-06-28 21:43:00,0,3.61,On Time,
8617979440,58649,2023-09-10 11:59:00,2023-09-10 12:17:00,18,4.5,Significantly Delayed,Traffic
680476823,57248,2024-09-23 14:23:00,2024-09-23 14:27:00,4,3.13,On Time,Traffic
5424536852,62091,2024-08-18 12:35:00,2024-08-18 12:37:00,2,2.27,On Time,Traffic
1142004448,26520,2024-06-05 07:54:00,2024-06-05 07:50:00,-4,1.46,On Time,
1814491335,88279,2024-02-24 07:57:00,2024-02-24 08:10:00,13,1.13,Slightly Delayed,Traffic
445929405,56215,2023-07-18 17:19:00,2023-07-18 17:22:00,3,4.08,On Time,Traffic
3849003596,32753,2023-10-07 17:31:00,2023-10-07 17:57:00,26,1.56,Significantly Delayed,Traffic
6367757670,87431,2024-09-08 16:48:00,2024-09-08 16:44:00,-4,3.34,On Time,
4925321106,88488,2024-02-04 06:39:00,2024-02-04 06:40:00,1,1.86,On Time,Traffic
4463294381,53108,2023-12-31 23:06:00,2023-12-31 23:21:00,15,1.15,Slightly Delayed,Traffic
9077946933,36570,2024-04-19 15:41:00,2024-04-19 15:50:00,9,1.91,Slightly Delayed,Traffic
6688079478,94088,2024-04-18 12:25:00,2024-04-18 12:23:00,-2,1.83,On Time,
8712304346,62302,2023-06-10 02:57:00,2023-06-10 02:52:00,-5,1.53,On Time,
3748957111,90798,2023-04-30 15:09:00,2023-04-30 15:17:00,8,2.78,Slightly Delayed,Traffic
2388792163,16233,2024-02-20 17:27:00,2024-02-20 17:40:00,13,3.8,Slightly Delayed,Traffic
2583035857,94223,2023-11-15 21:59:00,2023-11-15 22:02:00,3,1.63,On Time,Traffic
2649487718,74371,2024-03-01 14:11:00,2024-03-01 14:15:00,4,3.51,On Time,Traffic
5936628691,50066,2023-10-01 11:37:00,2023-10-01 11:49:00,12,4.61,Slightly Delayed,Traffic
7662682121,67053,2024-09-12 04:29:00,2024-09-12 04:30:00,1,4.85,On Time,Traffic
736115661,29600,2023-05-22 01:40:00,2023-05-22 01:50:00,10,2.86,Slightly Delayed,Traffic
2448741950,91140,2023-11-26 19:42:00,2023-11-26 19:45:00,3,1.44,On Time,Traffic
9321629905,93938,2024-02-08 20:36:00,2024-02-08 20:40:00,4,1.5,On Time,Traffic
9020583379,45361,2023-06-20 18:27:00,2023-06-20 18:29:00,2,2.17,On Time,Traffic
2642275862,13165,2023-12-18 06:28:00,2023-12-18 06:53:00,25,4.11,Significantly Delayed,Traffic
6932431317,17468,2024-07-16 04:22:00,2024-07-16 04:20:00,-2,4.75,On Time,
9126871366,52905,2023-05-18 09:04:00,2023-05-18 09:20:00,16,1.36,Significantly Delayed,Traffic
3244572785,94129,2024-01-16 21:32:00,2024-01-16 21:57:00,25,3.71,Significantly Delayed,Traffic
6485432691,89800,2023-05-13 21:38:00,2023-05-13 21:40:00,2,4.02,On Time,Traffic
6047222755,19111,2023-09-23 06:59:00,2023-09-23 06:58:00,-1,2.63,On Time,
6167501412,16808,2024-01-24 23:56:00,2024-01-25 00:23:00,27,1.27,Significantly Delayed,Traffic
2052163872,36843,2023-06-21 22:43:00,2023-06-21 22:43:00,0,0.99,On Time,
7740339645,8704,2023-12-04 01:32:00,2023-12-04 01:41:00,9,0.76,Slightly Delayed,Traffic
2761855959,21232,2023-10-24 07:17:00,2023-10-24 07:12:00,-5,3.92,On Time,
8010347195,37264,2023-12-14 20:35:00,2023-12-14 20:38:00,3,2.16,On Time,Traffic
2384153985,57668,2023-10-09 12:22:00,2023-10-09 12:32:00,10,2.06,Slightly Delayed,Traffic
3584794157,9727,2024-04-04 05:20:00,2024-04-04 05:18:00,-2,1.81,On Time,
8186709947,23823,2023-11-18 09:16:00,2023-11-18 09:38:00,22,4.09,Significantly Delayed,Traffic
6027355216,89884,2023-06-27 21:07:00,2023-06-27 21:08:00,1,2.01,On Time,Traffic
9823160533,80889,2024-06-05 05:30:00,2024-06-05 05:35:00,5,2.28,On Time,Traffic
8694663463,42844,2024-01-16 01:25:00,2024-01-16 01:23:00,-2,4.36,On Time,
1296772969,61392,2024-06-02 02:13:00,2024-06-02 02:14:00,1,4.48,On Time,Traffic
5856838171,7117,2023-12-20 18:44:00,2023-12-20 19:09:00,25,1.84,Significantly Delayed,Traffic
915473142,93166,2024-05-30 02:24:00,2024-05-30 02:39:00,15,3.12,Slightly Delayed,Traffic
6992097680,74334,2023-11-13 22:21:00,2023-11-13 22:34:00,13,4.17,Slightly Delayed,Traffic
6870670122,89533,2023-11-24 12:15:00,2023-11-24 12:16:00,1,0.66,On Time,Traffic
6626994121,18323,2024-07-16 00:57:00,2024-07-16 01:10:00,13,3.53,Slightly Delayed,Traffic
6125813500,31926,2023-07-23 17:29:00,2023-07-23 17:41:00,12,4.34,Slightly Delayed,Traffic
6899859775,12202,2024-04-30 16:48:00,2024-04-30 16:51:00,3,1.78,On Time,Traffic
1825560091,1440,2024-01-31 21:08:00,2024-01-31 21:13:00,5,2.81,On Time,Traffic
1320638425,38512,2023-04-26 22:11:00,2023-04-26 22:11:00,0,2.0,On Time,
5320995509,63710,2023-06-12 09:27:00,2023-06-12 09:32:00,5,3.48,On Time,Traffic
4249535395,45901,2023-03-25 11:31:00,2023-03-25 11:26:00,-5,1.15,On Time,
804881381,61383,2024-05-26 10:18:00,2024-05-26 10:14:00,-4,1.57,On Time,
4858560187,16416,2023-10-21 20:43:00,2023-10-21 20:47:00,4,4.42,On Time,Traffic
6425666148,19912,2023-08-07 21:05:00,2023-08-07 21:01:00,-4,1.13,On Time,
9021754099,54647,2024-08-01 02:38:00,2024-08-01 02:40:00,2,1.68,On Time,Traffic
7728205680,63693,2024-06-15 21:48:00,2024-06-15 21:48:00,0,2.34,On Time,
9346166799,40234,2024-10-23 00:38:00,2024-10-23 00:45:00,7,4.33,Slightly Delayed,Traffic
3377313085,83445,2023-09-23 23:34:00,2023-09-23 23:41:00,7,1.26,Slightly Delayed,Traffic
8167716321,69644,2024-05-02 03:23:00,2024-05-02 03:23:00,0,1.96,On Time,
2024637181,3368,2023-06-04 21:39:00,2023-06-04 21:40:00,1,3.78,On Time,Traffic
9310630290,47069,2023-10-04 06:54:00,2023-10-04 06:52:00,-2,2.55,On Time,
2276505075,40432,2024-07-05 13:51:00,2024-07-05 13:51:00,0,4.98,On Time,
6615188116,42073,2023-08-30 13:22:00,2023-08-30 13:27:00,5,3.51,On Time,Traffic
6858336318,18825,2024-06-29 07:48:00,2024-06-29 07:46:00,-2,1.48,On Time,
7601638642,8313,2024-09-10 06:23:00,2024-09-10 06:39:00,16,1.38,Significantly Delayed,Traffic
1191565627,13574,2023-11-04 12:20:00,2023-11-04 12:16:00,-4,3.4,On Time,
4785021992,14692,2023-12-20 12:30:00,2023-12-20 12:35:00,5,3.06,On Time,Traffic
3452964753,56030,2024-06-15 19:09:00,2024-06-15 19:13:00,4,3.92,On Time,Traffic
3490919801,59239,2023-10-18 07:08:00,2023-10-18 07:06:00,-2,1.15,On Time,
105578518,97558,2024-03-03 02:13:00,2024-03-03 02:27:00,14,0.57,Slightly Delayed,Traffic
2978719561,39241,2023-11-09 09:53:00,2023-11-09 10:00:00,7,1.83,Slightly Delayed,Traffic
9979010790,41655,2024-02-13 01:36:00,2024-02-13 01:46:00,10,4.05,Slightly Delayed,Traffic
4435636116,45294,2023-04-07 14:22:00,2023-04-07 14:20:00,-2,3.54,On Time,
5909879259,48039,2024-08-06 19:31:00,2024-08-06 19:42:00,11,4.87,Slightly Delayed,Traffic
2686390867,21025,2024-02-04 17:17:00,2024-02-04 17:15:00,-2,4.72,On Time,
6698537000,50375,2024-01-16 05:55:00,2024-01-16 05:54:00,-1,1.13,On Time,
4395604675,608,2023-11-11 11:11:00,2023-11-11 11:18:00,7,3.77,Slightly Delayed,Traffic
3475041787,93068,2024-07-27 13:00:00,2024-07-27 13:14:00,14,4.34,Slightly Delayed,Traffic
5817989751,53533,2023-11-22 11:48:00,2023-11-22 11:49:00,1,2.38,On Time,Traffic
1433129858,25333,2024-05-27 14:57:00,2024-05-27 14:52:00,-5,2.5,On Time,
3571922553,84788,2024-01-04 14:22:00,2024-01-04 14:26:00,4,4.45,On Time,Traffic
7940229189,40127,2024-03-20 21:49:00,2024-03-20 22:06:00,17,4.09,Significantly Delayed,Traffic
3801240688,82311,2024-08-26 01:02:00,2024-08-26 01:02:00,0,0.82,On Time,
1295268290,30358,2024-02-16 22:53:00,2024-02-16 22:50:00,-3,0.84,On Time,
4552636670,32309,2024-08-12 18:16:00,2024-08-12 18:19:00,3,4.94,On Time,Traffic
6805071689,85430,2024-03-30 05:06:00,2024-03-30 05:29:00,23,2.64,Significantly Delayed,Traffic
8026827967,72056,2023-06-17 22:41:00,2023-06-17 22:41:00,0,1.97,On Time,
6417774057,96532,2024-03-06 19:14:00,2024-03-06 19:20:00,6,2.95,Slightly Delayed,Traffic
7877665931,72800,2023-12-24 09:34:00,2023-12-24 09:39:00,5,4.69,On Time,Traffic
7754237266,9779,2023-05-09 13:48:00,2023-05-09 13:46:00,-2,3.12,On Time,
7985418058,72721,2024-09-10 04:10:00,2024-09-10 04:10:00,0,3.68,On Time,
5287733777,40327,2024-10-24 16:30:00,2024-10-24 16:28:00,-2,4.66,On Time,
7112725384,18999,2024-02-10 08:03:00,2024-02-10 08:03:00,0,0.77,On Time,
6261926473,21242,2024-06-16 19:17:00,2024-06-16 19:13:00,-4,2.86,On Time,
1495465938,53172,2023-10-15 07:38:00,2023-10-15 07:43:00,5,0.64,On Time,Traffic
7891205593,43532,2024-07-14 18:00:00,2024-07-14 17:56:00,-4,4.55,On Time,
924888012,28336,2024-03-10 08:47:00,2024-03-10 08:57:00,10,4.89,Slightly Delayed,Traffic
943278538,84473,2024-04-06 05:37:00,2024-04-06 06:04:00,27,4.7,Significantly Delayed,Traffic
9981950902,74591,2024-07-28 05:59:00,2024-07-28 06:04:00,5,1.23,On Time,Traffic
7769253886,34392,2023-09-25 23:50:00,2023-09-25 23:55:00,5,3.06,On Time,Traffic
9350977708,93092,2023-08-18 05:33:00,2023-08-18 05:32:00,-1,1.27,On Time,
4525211942,33706,2024-06-24 23:51:00,2024-06-24 23:50:00,-1,3.89,On Time,
7232049635,86311,2023-03-25 16:07:00,2023-03-25 16:02:00,-5,0.51,On Time,
679546532,40781,2024-05-28 17:17:00,2024-05-28 17:26:00,9,1.64,Slightly Delayed,Traffic
4665187954,39743,2024-04-03 05:33:00,2024-04-03 05:30:00,-3,4.23,On Time,
3914760118,52436,2023-03-21 20:29:00,2023-03-21 20:30:00,1,3.38,On Time,Traffic
155568486,59769,2023-12-26 05:07:00,2023-12-26 05:09:00,2,0.6,On Time,Traffic
3773972929,42110,2023-10-19 11:35:00,2023-10-19 11:34:00,-1,2.85,On Time,
2168808412,23293,2023-05-23 10:36:00,2023-05-23 10:50:00,14,1.34,Slightly Delayed,Traffic
7697315553,74363,2023-12-10 03:13:00,2023-12-10 03:16:00,3,3.93,On Time,Traffic
804414742,98191,2024-07-15 21:34:00,2024-07-15 21:46:00,12,4.21,Slightly Delayed,Traffic
918328199,20173,2023-12-18 02:05:00,2023-12-18 02:16:00,11,2.24,Slightly Delayed,Traffic
3084493525,89201,2023-04-11 19:06:00,2023-04-11 19:08:00,2,2.14,On Time,Traffic
8047256000,73002,2024-08-08 20:12:00,2024-08-08 20:23:00,11,4.53,Slightly Delayed,Traffic
5176597414,41701,2024-01-25 04:46:00,2024-01-25 04:54:00,8,0.72,Slightly Delayed,Traffic
110303417,66500,2024-05-24 02:08:00,2024-05-24 02:08:00,0,2.49,On Time,
1809212176,68256,2023-04-08 09:36:00,2023-04-08 09:32:00,-4,4.43,On Time,
1765001264,16034,2023-07-06 11:13:00,2023-07-06 11:40:00,27,0.54,Significantly Delayed,Traffic
4220306391,74233,2024-01-08 04:51:00,2024-01-08 05:03:00,12,3.39,Slightly Delayed,Traffic
1275637731,29837,2023-12-21 10:53:00,2023-12-21 11:14:00,21,2.19,Significantly Delayed,Traffic
7729557529,14931,2024-09-24 11:08:00,2024-09-24 11:11:00,3,0.89,On Time,Traffic
9279017414,72785,2023-05-29 15:09:00,2023-05-29 15:10:00,1,2.03,On Time,Traffic
8726185624,8736,2024-09-25 20:26:00,2024-09-25 20:31:00,5,2.67,On Time,Traffic
3192177869,2439,2024-08-10 04:39:00,2024-08-10 04:36:00,-3,4.51,On Time,
5033541164,78526,2024-05-26 04:39:00,2024-05-26 04:57:00,18,2.85,Significantly Delayed,Traffic
4495977117,30929,2023-05-02 10:23:00,2023-05-02 10:35:00,12,3.96,Slightly Delayed,Traffic
8866977450,60421,2024-09-03 09:31:00,2024-09-03 09:32:00,1,0.55,On Time,Traffic
7542030170,157,2023-12-21 00:45:00,2023-12-21 00:45:00,0,3.21,On Time,
8782031586,89181,2024-06-19 19:21:00,2024-06-19 19:28:00,7,0.58,Slightly Delayed,Traffic
7177553918,13012,2023-03-31 22:17:00,2023-03-31 22:31:00,14,3.48,Slightly Delayed,Traffic
9157563215,20285,2023-05-31 20:46:00,2023-05-31 20:45:00,-1,2.25,On Time,
989452284,34208,2024-07-07 22:23:00,2024-07-07 22:25:00,2,2.71,On Time,Traffic
9972678893,56834,2024-08-13 07:42:00,2024-08-13 07:42:00,0,1.06,On Time,
8561203503,70087,2024-04-14 05:23:00,2024-04-14 05:20:00,-3,4.49,On Time,
1388300707,48870,2024-04-08 22:12:00,2024-04-08 22:16:00,4,1.98,On Time,Traffic
4054816025,2786,2024-07-19 14:49:00,2024-07-19 14:51:00,2,3.89,On Time,Traffic
9943206333,86716,2023-03-22 09:57:00,2023-03-22 10:01:00,4,2.89,On Time,Traffic
3948498236,71487,2024-08-30 05:34:00,2024-08-30 05:43:00,9,4.87,Slightly Delayed,Traffic
8096169523,24856,2024-09-15 05:52:00,2024-09-15 05:55:00,3,4.87,On Time,Traffic
8803091944,70237,2024-05-18 03:24:00,2024-05-18 03:19:00,-5,2.41,On Time,
7409519974,63789,2024-01-16 21:41:00,2024-01-16 21:42:00,1,2.81,On Time,Traffic
456278500,70639,2024-05-06 16:27:00,2024-05-06 16:39:00,12,4.64,Slightly Delayed,Traffic
9912965340,38348,2023-08-20 17:31:00,2023-08-20 17:59:00,28,3.28,Significantly Delayed,Traffic
2802653261,8096,2024-10-07 16:47:00,2024-10-07 16:43:00,-4,1.99,On Time,
8629948751,57001,2023-08-31 15:08:00,2023-08-31 15:14:00,6,3.0,Slightly Delayed,Traffic
9169008097,11475,2024-05-18 09:37:00,2024-05-18 09:42:00,5,2.16,On Time,Traffic
3186513319,2924,2023-04-14 00:19:00,2023-04-14 00:28:00,9,4.76,Slightly Delayed,Traffic
8837578937,59526,2023-08-14 09:06:00,2023-08-14 09:07:00,1,1.07,On Time,Traffic
1468095888,73298,2023-06-17 06:24:00,2023-06-17 06:19:00,-5,2.18,On Time,
3055120492,10184,2023-12-19 16:53:00,2023-12-19 17:03:00,10,4.52,Slightly Delayed,Traffic
6083457185,5319,2024-08-19 20:54:00,2024-08-19 20:58:00,4,2.23,On Time,Traffic
7154956248,38167,2023-07-17 20:02:00,2023-07-17 19:58:00,-4,4.48,On Time,
246971181,10315,2023-07-30 14:32:00,2023-07-30 14:34:00,2,1.37,On Time,Traffic
2452915406,59616,2024-07-17 12:43:00,2024-07-17 12:46:00,3,1.89,On Time,Traffic
9458183390,9443,2023-03-17 01:39:00,2023-03-17 01:37:00,-2,2.14,On Time,
576571858,3179,2024-09-23 05:25:00,2024-09-23 05:26:00,1,2.39,On Time,Traffic
9544803182,13919,2024-03-27 02:53:00,2024-03-27 02:55:00,2,3.83,On Time,Traffic
2121652047,63262,2024-02-03 18:13:00,2024-02-03 18:30:00,17,2.48,Significantly Delayed,Traffic
8891725854,16971,2023-05-16 21:23:00,2023-05-16 21:22:00,-1,4.44,On Time,
4870772869,4732,2024-03-31 08:25:00,2024-03-31 08:26:00,1,1.87,On Time,Traffic
262562615,4045,2023-04-09 04:55:00,2023-04-09 04:59:00,4,4.08,On Time,Traffic
5142912812,90866,2023-11-16 22:28:00,2023-11-16 22:48:00,20,1.24,Significantly Delayed,Traffic
1225289500,77780,2024-03-31 22:04:00,2024-03-31 22:07:00,3,3.86,On Time,Traffic
7337555525,99482,2024-03-09 19:48:00,2024-03-09 19:49:00,1,1.77,On Time,Traffic
5719806088,88036,2024-01-08 13:50:00,2024-01-08 13:55:00,5,0.59,On Time,Traffic
6890191424,28164,2024-06-13 00:57:00,2024-06-13 01:03:00,6,1.22,Slightly Delayed,Traffic
5695198653,29646,2024-09-20 01:36:00,2024-09-20 01:38:00,2,2.19,On Time,Traffic
482670263,90648,2024-06-05 05:00:00,2024-06-05 04:59:00,-1,1.97,On Time,
7857904467,83539,2023-04-25 12:55:00,2023-04-25 12:56:00,1,2.73,On Time,Traffic
614435661,34007,2023-08-01 21:44:00,2023-08-01 21:48:00,4,4.98,On Time,Traffic
2284551326,48499,2023-10-07 04:55:00,2023-10-07 04:57:00,2,2.86,On Time,Traffic
8614991290,85862,2024-10-17 13:33:00,2024-10-17 13:54:00,21,3.87,Significantly Delayed,Traffic
9865566300,66125,2023-11-28 02:46:00,2023-11-28 02:53:00,7,0.52,Slightly Delayed,Traffic
6672582413,18435,2024-06-13 22:22:00,2024-06-13 22:36:00,14,1.95,Slightly Delayed,Traffic
3004834987,1554,2023-10-12 02:36:00,2023-10-12 02:31:00,-5,1.41,On Time,
4486349175,93191,2024-04-20 01:29:00,2024-04-20 01:34:00,5,1.93,On Time,Traffic
3098655541,58041,2023-05-06 07:03:00,2023-05-06 07:07:00,4,1.85,On Time,Traffic
1912293606,72857,2024-07-17 19:47:00,2024-07-17 19:49:00,2,0.56,On Time,Traffic
7465280557,44449,2024-03-13 13:35:00,2024-03-13 13:40:00,5,1.54,On Time,Traffic
343050015,72401,2023-04-21 06:40:00,2023-04-21 07:01:00,21,0.66,Significantly Delayed,Traffic
6414606364,32432,2024-01-26 05:05:00,2024-01-26 05:06:00,1,2.33,On Time,Traffic
4092550629,73303,2023-04-09 16:30:00,2023-04-09 16:30:00,0,1.69,On Time,
9810964144,28405,2024-02-08 20:11:00,2024-02-08 20:10:00,-1,2.88,On Time,
6513851276,36145,2023-08-24 15:58:00,2023-08-24 16:10:00,12,1.93,Slightly Delayed,Traffic
6080784069,78499,2023-07-19 11:58:00,2023-07-19 12:07:00,9,4.57,Slightly Delayed,Traffic
1967283733,37938,2023-08-01 07:20:00,2023-08-01 07:35:00,15,3.06,Slightly Delayed,Traffic
2683672396,18256,2023-08-27 05:02:00,2023-08-27 04:58:00,-4,1.2,On Time,
1464736195,21637,2024-08-23 16:17:00,2024-08-23 16:27:00,10,4.66,Slightly Delayed,Traffic
3258963661,53738,2024-05-17 08:14:00,2024-05-17 08:11:00,-3,0.54,On Time,
9956872454,31304,2023-11-20 05:23:00,2023-11-20 05:38:00,15,2.59,Slightly Delayed,Traffic
867630114,49041,2023-06-26 18:38:00,2023-06-26 18:38:00,0,0.64,On Time,
3333752740,84844,2023-07-10 17:14:00,2023-07-10 17:09:00,-5,4.57,On Time,
4835197446,20579,2024-01-02 08:26:00,2024-01-02 08:29:00,3,4.91,On Time,Traffic
1888517793,3529,2023-10-02 06:55:00,2023-10-02 06:58:00,3,3.53,On Time,Traffic
5148599328,57593,2024-05-07 13:47:00,2024-05-07 13:58:00,11,3.5,Slightly Delayed,Traffic
3405089431,66223,2024-02-23 15:45:00,2024-02-23 15:58:00,13,1.12,Slightly Delayed,Traffic
9286199495,61907,2023-09-10 21:08:00,2023-09-10 21:10:00,2,2.57,On Time,Traffic
6418255337,34687,2024-02-13 18:06:00,2024-02-13 18:06:00,0,1.03,On Time,
7442478777,81710,2023-10-17 08:25:00,2023-10-17 08:22:00,-3,0.52,On Time,
5170777528,48906,2023-05-01 09:59:00,2023-05-01 10:02:00,3,1.33,On Time,Traffic
1255941187,75245,2024-02-10 06:14:00,2024-02-10 06:27:00,13,1.2,Slightly Delayed,Traffic
4704980993,56079,2024-05-24 04:22:00,2024-05-24 04:34:00,12,1.69,Slightly Delayed,Traffic
7310604669,44693,2023-07-09 06:28:00,2023-07-09 06:37:00,9,4.17,Slightly Delayed,Traffic
7970608721,23409,2024-01-31 07:00:00,2024-01-31 07:14:00,14,1.18,Slightly Delayed,Traffic
3164727163,99751,2023-05-09 08:48:00,2023-05-09 08:54:00,6,2.47,Slightly Delayed,Traffic
2388064449,30915,2024-05-26 06:22:00,2024-05-26 06:27:00,5,3.4,On Time,Traffic
757816226,62043,2023-03-16 14:24:00,2023-03-16 14:42:00,18,1.86,Significantly Delayed,Traffic
259772553,96120,2023-09-27 02:25:00,2023-09-27 02:23:00,-2,3.1,On Time,
8388644219,29917,2024-04-21 10:05:00,2024-04-21 10:02:00,-3,3.72,On Time,
1545044936,95370,2023-08-24 23:50:00,2023-08-24 23:54:00,4,3.86,On Time,Traffic
6995571310,35644,2024-03-24 07:24:00,2024-03-24 07:22:00,-2,1.89,On Time,
8801161214,16061,2024-04-11 02:15:00,2024-04-11 02:19:00,4,2.44,On Time,Traffic
1751319400,13729,2024-06-25 11:09:00,2024-06-25 11:09:00,0,3.32,On Time,
10448052,47308,2023-08-05 10:21:00,2023-08-05 10:26:00,5,4.53,On Time,Traffic
3047076079,19052,2023-05-22 08:47:00,2023-05-22 08:43:00,-4,4.22,On Time,
5085860780,38853,2023-12-13 18:39:00,2023-12-13 18:34:00,-5,3.9,On Time,
6213909425,28346,2023-12-05 21:21:00,2023-12-05 21:23:00,2,4.18,On Time,Traffic
3712789789,67269,2024-02-02 20:03:00,2024-02-02 20:05:00,2,0.95,On Time,Traffic
278794976,56515,2023-03-18 11:46:00,2023-03-18 11:50:00,4,3.84,On Time,Traffic
3420357591,49383,2024-07-10 22:14:00,2024-07-10 22:11:00,-3,2.6,On Time,
4551386734,92089,2023-03-18 00:46:00,2023-03-18 00:59:00,13,3.13,Slightly Delayed,Traffic
7609681987,97077,2023-10-16 15:14:00,2023-10-16 15:18:00,4,1.0,On Time,Traffic
1721655048,44050,2024-04-15 13:45:00,2024-04-15 13:53:00,8,0.62,Slightly Delayed,Traffic
7040151151,55045,2023-03-28 17:07:00,2023-03-28 17:07:00,0,1.94,On Time,
6719661881,74581,2023-05-13 05:13:00,2023-05-13 05:13:00,0,1.93,On Time,
5195004299,52894,2024-01-09 06:57:00,2024-01-09 07:02:00,5,3.81,On Time,Traffic
5441946621,4469,2024-02-01 08:08:00,2024-02-01 08:27:00,19,1.05,Significantly Delayed,Traffic
3508992095,32093,2023-12-09 10:17:00,2023-12-09 10:44:00,27,3.38,Significantly Delayed,Traffic
8454449180,2578,2024-02-18 21:10:00,2024-02-18 21:18:00,8,1.97,Slightly Delayed,Traffic
9251851237,94666,2023-11-25 13:58:00,2023-11-25 14:02:00,4,3.59,On Time,Traffic
6739811103,93027,2024-01-01 23:10:00,2024-01-01 23:14:00,4,3.83,On Time,Traffic
7590827828,14664,2023-11-06 00:00:00,2023-11-05 23:59:00,-1,4.15,On Time,
310213322,13885,2023-09-30 04:38:00,2023-09-30 04:46:00,8,3.14,Slightly Delayed,Traffic
934908369,90844,2024-08-15 12:50:00,2024-08-15 12:54:00,4,2.21,On Time,Traffic
3817617199,37598,2024-08-28 00:33:00,2024-08-28 01:00:00,27,4.38,Significantly Delayed,Traffic
2622709030,10007,2024-07-11 13:04:00,2024-07-11 13:28:00,24,3.38,Significantly Delayed,Traffic
3843689992,11827,2024-10-13 14:06:00,2024-10-13 14:09:00,3,4.61,On Time,Traffic
8732395640,24839,2024-03-17 13:57:00,2024-03-17 13:54:00,-3,1.54,On Time,
3889721330,36020,2024-05-16 10:13:00,2024-05-16 10:41:00,28,4.82,Significantly Delayed,Traffic
7064093619,12886,2023-05-23 05:49:00,2023-05-23 05:49:00,0,4.63,On Time,
6798661163,29752,2024-07-23 10:34:00,2024-07-23 10:36:00,2,3.67,On Time,Traffic
2878307830,56966,2024-05-01 15:22:00,2024-05-01 15:37:00,15,1.94,Slightly Delayed,Traffic
4133369643,76053,2023-07-03 22:55:00,2023-07-03 23:01:00,6,3.69,Slightly Delayed,Traffic
3394787348,74478,2024-06-23 05:09:00,2024-06-23 05:23:00,14,2.69,Slightly Delayed,Traffic
4830380663,41847,2023-12-24 10:29:00,2023-12-24 10:30:00,1,4.73,On Time,Traffic
3441042301,80455,2023-08-05 10:00:00,2023-08-05 09:56:00,-4,1.89,On Time,
3984353474,94156,2024-05-19 07:02:00,2024-05-19 07:25:00,23,3.64,Significantly Delayed,Traffic
4495916529,63656,2023-04-01 11:51:00,2023-04-01 11:54:00,3,3.47,On Time,Traffic
5075205264,21123,2024-04-22 13:54:00,2024-04-22 14:00:00,6,3.43,Slightly Delayed,Traffic
6129180304,41630,2024-01-17 22:05:00,2024-01-17 22:06:00,1,0.59,On Time,Traffic
3311686914,95107,2024-05-06 21:02:00,2024-05-06 21:05:00,3,3.43,On Time,Traffic
3907403745,767,2023-06-19 16:51:00,2023-06-19 16:46:00,-5,0.63,On Time,
9924696305,93204,2023-04-30 14:53:00,2023-04-30 14:55:00,2,3.98,On Time,Traffic
7348508805,67512,2024-05-23 22:39:00,2024-05-23 22:49:00,10,3.22,Slightly Delayed,Traffic
1665004352,75219,2023-08-01 05:52:00,2023-08-01 05:50:00,-2,4.68,On Time,
1049800958,95346,2023-07-02 09:16:00,2023-07-02 09:16:00,0,0.54,On Time,
2937550786,59192,2023-08-06 08:18:00,2023-08-06 08:14:00,-4,4.47,On Time,
486724008,50502,2024-07-12 04:52:00,2024-07-12 05:04:00,12,0.84,Slightly Delayed,Traffic
9361578823,83234,2023-08-18 13:53:00,2023-08-18 13:55:00,2,2.51,On Time,Traffic
6249585672,56043,2023-07-09 08:50:00,2023-07-09 08:54:00,4,1.61,On Time,Traffic
2111712383,19726,2024-01-23 18:23:00,2024-01-23 18:26:00,3,5.0,On Time,Traffic
2962076108,54302,2024-06-13 05:02:00,2024-06-13 05:02:00,0,4.38,On Time,
7509638056,75144,2024-02-13 01:03:00,2024-02-13 01:08:00,5,3.25,On Time,Traffic
6074743537,91918,2024-09-12 06:43:00,2024-09-12 06:44:00,1,2.37,On Time,Traffic
3560026527,56514,2024-06-09 18:43:00,2024-06-09 19:07:00,24,4.71,Significantly Delayed,Traffic
7005103077,2513,2024-05-14 03:11:00,2024-05-14 03:11:00,0,4.26,On Time,
8175826750,45838,2024-09-17 20:24:00,2024-09-17 20:27:00,3,3.14,On Time,Traffic
8572946020,36711,2024-04-26 04:42:00,2024-04-26 04:42:00,0,1.45,On Time,
2936701883,69765,2024-03-02 09:10:00,2024-03-02 09:13:00,3,2.77,On Time,Traffic
9948324640,17187,2023-10-31 04:21:00,2023-10-31 04:25:00,4,2.7,On Time,Traffic
2865872281,62950,2024-09-14 00:02:00,2024-09-14 00:13:00,11,2.55,Slightly Delayed,Traffic
5785351358,31077,2024-11-03 14:41:00,2024-11-03 14:38:00,-3,2.65,On Time,
5204776107,66003,2023-08-24 23:47:00,2023-08-24 23:45:00,-2,2.93,On Time,
8689865723,15816,2024-03-28 15:31:00,2024-03-28 15:27:00,-4,2.88,On Time,
7822329516,16858,2023-11-19 23:12:00,2023-11-19 23:18:00,6,3.31,Slightly Delayed,Traffic
5995393950,47824,2023-08-06 08:09:00,2023-08-06 08:07:00,-2,4.57,On Time,
5458784818,23513,2024-07-24 03:16:00,2024-07-24 03:14:00,-2,4.17,On Time,
5611686165,61000,2023-07-02 08:27:00,2023-07-02 08:25:00,-2,2.93,On Time,
6390653932,54208,2023-05-19 08:18:00,2023-05-19 08:13:00,-5,3.01,On Time,
1215008706,6321,2024-03-04 23:15:00,2024-03-04 23:11:00,-4,2.83,On Time,
7357727116,10076,2024-06-15 09:45:00,2024-06-15 09:40:00,-5,2.36,On Time,
7562975685,7822,2023-07-02 04:59:00,2023-07-02 05:10:00,11,2.5,Slightly Delayed,Traffic
3118070064,84527,2023-06-05 04:41:00,2023-06-05 04:37:00,-4,2.61,On Time,
8255753870,87331,2023-09-09 08:35:00,2023-09-09 08:36:00,1,3.79,On Time,Traffic
5924715529,96349,2024-03-24 04:26:00,2024-03-24 04:29:00,3,3.37,On Time,Traffic
9593816617,39095,2023-05-28 01:56:00,2023-05-28 01:51:00,-5,3.28,On Time,
6143213997,11720,2024-03-21 10:15:00,2024-03-21 10:17:00,2,1.53,On Time,Traffic
4516009647,41620,2024-07-19 01:34:00,2024-07-19 01:36:00,2,2.54,On Time,Traffic
291900074,5023,2024-10-02 17:27:00,2024-10-02 17:22:00,-5,3.99,On Time,
3178700341,3879,2024-06-10 04:58:00,2024-06-10 04:53:00,-5,1.41,On Time,
4231742059,98347,2023-11-21 08:12:00,2023-11-21 08:26:00,14,4.62,Slightly Delayed,Traffic
7437613292,59329,2023-12-30 01:43:00,2023-12-30 01:52:00,9,2.2,Slightly Delayed,Traffic
5609346062,24295,2023-08-08 20:33:00,2023-08-08 20:32:00,-1,3.37,On Time,
909033820,51543,2023-10-11 10:36:00,2023-10-11 10:51:00,15,3.04,Slightly Delayed,Traffic
470624828,51227,2023-08-21 03:39:00,2023-08-21 03:40:00,1,0.57,On Time,Traffic
9608676386,71226,2023-08-14 19:43:00,2023-08-14 19:40:00,-3,1.12,On Time,
6846160702,89788,2023-07-20 16:17:00,2023-07-20 16:13:00,-4,1.81,On Time,
4248168019,30671,2024-03-26 14:43:00,2024-03-26 14:39:00,-4,3.42,On Time,
9057909300,74314,2024-01-17 16:38:00,2024-01-17 16:37:00,-1,3.47,On Time,
2171816966,6125,2024-01-30 19:26:00,2024-01-30 19:22:00,-4,1.08,On Time,
1387025817,5633,2024-06-15 20:46:00,2024-06-15 20:50:00,4,3.3,On Time,Traffic
6801124715,15655,2024-04-10 06:46:00,2024-04-10 06:44:00,-2,0.68,On Time,
6117979297,69314,2023-12-23 05:32:00,2023-12-23 05:32:00,0,3.3,On Time,
4902314626,35281,2024-05-25 16:01:00,2024-05-25 15:58:00,-3,2.83,On Time,
361595059,12549,2023-10-21 06:25:00,2023-10-21 06:21:00,-4,3.98,On Time,
5309683159,90567,2023-04-21 05:19:00,2023-04-21 05:36:00,17,2.43,Significantly Delayed,Traffic
2300265337,48275,2024-01-01 01:23:00,2024-01-01 01:26:00,3,3.53,On Time,Traffic
199903168,93719,2023-04-16 11:14:00,2023-04-16 11:11:00,-3,1.37,On Time,
4923840119,27171,2024-09-04 05:56:00,2024-09-04 05:53:00,-3,1.33,On Time,
2209550085,80992,2024-09-07 13:42:00,2024-09-07 13:41:00,-1,2.99,On Time,
120178110,73380,2024-01-21 01:37:00,2024-01-21 01:47:00,10,1.82,Slightly Delayed,Traffic
6647259959,45832,2023-06-20 22:42:00,2023-06-20 23:05:00,23,1.13,Significantly Delayed,Traffic
3859980017,15085,2023-05-15 05:27:00,2023-05-15 05:29:00,2,4.71,On Time,Traffic
9196827234,96615,2023-10-31 05:05:00,2023-10-31 05:17:00,12,1.43,Slightly Delayed,Traffic
3499440849,72321,2023-10-10 21:47:00,2023-10-10 21:43:00,-4,1.24,On Time,
7114775833,84672,2024-07-08 13:09:00,2024-07-08 13:04:00,-5,1.29,On Time,
7812364366,82685,2023-08-26 23:53:00,2023-08-26 23:50:00,-3,4.03,On Time,
7525899857,98968,2023-09-04 04:31:00,2023-09-04 04:26:00,-5,1.75,On Time,
3917847107,17488,2024-08-13 22:37:00,2024-08-13 22:38:00,1,1.84,On Time,Traffic
1229828587,1392,2023-10-27 01:39:00,2023-10-27 01:43:00,4,0.91,On Time,Traffic
4249345096,31425,2023-05-31 19:00:00,2023-05-31 19:00:00,0,0.53,On Time,
4002407580,96978,2023-11-17 17:30:00,2023-11-17 17:35:00,5,4.85,On Time,Traffic
5982122427,58401,2023-04-23 20:15:00,2023-04-23 20:18:00,3,0.52,On Time,Traffic
3280431261,26604,2024-03-13 22:15:00,2024-03-13 22:10:00,-5,3.51,On Time,
5066338759,62785,2023-11-21 05:05:00,2023-11-21 05:00:00,-5,1.11,On Time,
9087426355,34521,2023-11-03 17:25:00,2023-11-03 17:24:00,-1,1.59,On Time,
5512907,44545,2023-04-30 21:11:00,2023-04-30 21:26:00,15,0.59,Slightly Delayed,Traffic
4174741467,13853,2023-12-17 02:10:00,2023-12-17 02:22:00,12,3.05,Slightly Delayed,Traffic
6270463968,66084,2023-10-03 03:57:00,2023-10-03 03:53:00,-4,0.97,On Time,
1239385001,73973,2023-09-27 14:15:00,2023-09-27 14:17:00,2,3.3,On Time,Traffic
5250202756,20751,2023-09-10 12:07:00,2023-09-10 12:27:00,20,1.21,Significantly Delayed,Traffic
4099185509,58500,2024-01-24 20:38:00,2024-01-24 20:37:00,-1,1.1,On Time,
7875903450,58175,2024-03-14 04:51:00,2024-03-14 04:51:00,0,1.86,On Time,
7561642939,2481,2024-07-24 20:29:00,2024-07-24 20:25:00,-4,0.71,On Time,
5438908316,72583,2024-04-03 00:58:00,2024-04-03 00:58:00,0,3.27,On Time,
357437373,18049,2023-05-10 06:20:00,2023-05-10 06:25:00,5,2.34,On Time,Traffic
8972877222,33125,2024-10-26 05:12:00,2024-10-26 05:13:00,1,2.43,On Time,Traffic
1163798451,42721,2023-10-04 03:20:00,2023-10-04 03:47:00,27,0.79,Significantly Delayed,Traffic
3588229485,49352,2024-08-01 00:48:00,2024-08-01 01:09:00,21,3.52,Significantly Delayed,Traffic
1205823348,49614,2024-07-29 10:32:00,2024-07-29 10:41:00,9,2.62,Slightly Delayed,Traffic
2867008541,91284,2023-12-20 17:59:00,2023-12-20 18:11:00,12,0.86,Slightly Delayed,Traffic
5794917332,49073,2024-02-16 14:02:00,2024-02-16 13:57:00,-5,4.96,On Time,
4726520098,78911,2023-04-19 21:49:00,2023-04-19 21:46:00,-3,4.96,On Time,
6251716165,11366,2023-09-27 21:50:00,2023-09-27 22:01:00,11,4.49,Slightly Delayed,Traffic
5991829458,38043,2023-08-12 07:17:00,2023-08-12 07:14:00,-3,1.56,On Time,
1142626566,96797,2024-05-31 05:31:00,2024-05-31 05:28:00,-3,3.79,On Time,
2595161999,55560,2023-08-12 02:29:00,2023-08-12 02:26:00,-3,0.91,On Time,
8865698939,63903,2023-09-09 19:31:00,2023-09-09 19:33:00,2,0.67,On Time,Traffic
1776582175,24098,2024-03-29 23:56:00,2024-03-30 00:01:00,5,0.7,On Time,Traffic
7323157341,62964,2024-07-01 22:57:00,2024-07-01 23:02:00,5,2.98,On Time,Traffic
8997413283,66681,2024-10-02 10:39:00,2024-10-02 10:43:00,4,1.29,On Time,Traffic
2548452255,24605,2023-09-18 02:24:00,2023-09-18 02:45:00,21,1.7,Significantly Delayed,Traffic
7906839225,60479,2023-10-28 15:55:00,2023-10-28 15:54:00,-1,2.58,On Time,
4113927200,27208,2023-05-19 05:32:00,2023-05-19 05:29:00,-3,1.91,On Time,
4233626614,92251,2024-07-28 05:30:00,2024-07-28 05:35:00,5,1.05,On Time,Traffic
2886463378,84279,2023-12-24 19:31:00,2023-12-24 19:54:00,23,2.15,Significantly Delayed,Traffic
1823348306,67696,2023-06-27 10:08:00,2023-06-27 10:07:00,-1,2.12,On Time,
8706556166,62877,2024-09-11 23:27:00,2024-09-11 23:38:00,11,2.42,Slightly Delayed,Traffic
5139433840,51831,2023-05-25 21:02:00,2023-05-25 21:05:00,3,0.67,On Time,Traffic
769731596,68989,2024-10-10 06:55:00,2024-10-10 06:59:00,4,1.87,On Time,Traffic
1346090496,12853,2023-08-18 08:03:00,2023-08-18 08:08:00,5,2.76,On Time,Traffic
9339629293,84873,2023-05-28 02:45:00,2023-05-28 02:56:00,11,3.68,Slightly Delayed,Traffic
3043993017,17792,2023-11-25 00:51:00,2023-11-25 01:00:00,9,4.14,Slightly Delayed,Traffic
274863669,28216,2024-04-11 17:50:00,2024-04-11 17:48:00,-2,3.0,On Time,
3736611791,74097,2024-10-05 08:05:00,2024-10-05 08:01:00,-4,4.97,On Time,
9628875555,41405,2024-03-09 04:09:00,2024-03-09 04:07:00,-2,4.05,On Time,
6367306297,66042,2023-09-25 11:33:00,2023-09-25 11:29:00,-4,3.58,On Time,
4393113152,65563,2024-06-02 08:24:00,2024-06-02 08:39:00,15,3.86,Slightly Delayed,Traffic
1239928207,32011,2023-09-11 00:47:00,2023-09-11 00:46:00,-1,3.82,On Time,
5473002872,32746,2024-07-07 16:53:00,2024-07-07 16:51:00,-2,2.29,On Time,
6536847919,94795,2023-06-10 19:48:00,2023-06-10 19:48:00,0,3.79,On Time,
5480709564,12013,2023-12-16 23:20:00,2023-12-16 23:17:00,-3,3.07,On Time,
1393100618,29783,2024-09-25 01:47:00,2024-09-25 01:44:00,-3,4.83,On Time,
6999330116,52664,2023-04-13 00:24:00,2023-04-13 00:47:00,23,3.9,Significantly Delayed,Traffic
7816842690,65271,2023-08-01 19:31:00,2023-08-01 19:34:00,3,3.39,On Time,Traffic
3186586558,65286,2024-02-21 14:09:00,2024-02-21 14:08:00,-1,4.78,On Time,
7927955136,68889,2023-08-28 00:07:00,2023-08-28 00:07:00,0,4.64,On Time,
3518172697,30283,2023-05-13 19:37:00,2023-05-13 19:33:00,-4,3.73,On Time,
4557188271,95152,2024-05-16 06:49:00,2024-05-16 06:53:00,4,0.79,On Time,Traffic
2893244627,27027,2024-10-10 18:28:00,2024-10-10 18:39:00,11,4.59,Slightly Delayed,Traffic
1996683408,88615,2024-01-30 23:40:00,2024-01-30 23:53:00,13,3.25,Slightly Delayed,Traffic
1673794089,8299,2024-02-06 16:24:00,2024-02-06 16:19:00,-5,3.1,On Time,
9931161723,71373,2023-07-12 20:16:00,2023-07-12 20:13:00,-3,1.7,On Time,
856799416,9261,2023-09-10 15:03:00,2023-09-10 15:05:00,2,2.31,On Time,Traffic
6668508959,28017,2024-08-31 19:40:00,2024-08-31 19:36:00,-4,3.98,On Time,
4914874727,87545,2023-06-13 19:47:00,2023-06-13 19:50:00,3,3.99,On Time,Traffic
7869104895,40351,2023-10-01 21:42:00,2023-10-01 21:41:00,-1,4.36,On Time,
5094989752,58224,2024-06-01 12:28:00,2024-06-01 12:32:00,4,3.05,On Time,Traffic
4305377896,98259,2024-08-08 00:45:00,2024-08-08 01:10:00,25,3.68,Significantly Delayed,Traffic
7017136473,97218,2024-03-11 20:32:00,2024-03-11 20:28:00,-4,3.48,On Time,
3303209513,51536,2024-03-09 03:58:00,2024-03-09 03:53:00,-5,1.82,On Time,
8607953669,43374,2023-06-10 10:53:00,2023-06-10 10:50:00,-3,0.92,On Time,
1940918101,36605,2023-10-03 18:47:00,2023-10-03 18:42:00,-5,2.6,On Time,
6494615659,98218,2023-11-19 19:02:00,2023-11-19 19:15:00,13,2.58,Slightly Delayed,Traffic
4280890409,14063,2024-10-30 14:52:00,2024-10-30 14:56:00,4,4.99,On Time,Traffic
7598489331,15197,2024-07-20 16:08:00,2024-07-20 16:15:00,7,1.57,Slightly Delayed,Traffic
8755280486,88931,2024-07-30 17:45:00,2024-07-30 17:52:00,7,2.04,Slightly Delayed,Traffic
8281093933,49094,2024-02-18 14:00:00,2024-02-18 13:55:00,-5,4.31,On Time,
7415765726,80897,2023-08-05 09:36:00,2023-08-05 09:51:00,15,4.38,Slightly Delayed,Traffic
6266072804,53113,2024-06-23 06:35:00,2024-06-23 06:39:00,4,1.93,On Time,Traffic
1542448934,43749,2023-10-13 08:40:00,2023-10-13 08:39:00,-1,2.36,On Time,
2896979776,61426,2023-05-24 06:01:00,2023-05-24 05:57:00,-4,4.68,On Time,
169867835,73090,2023-08-16 22:39:00,2023-08-16 22:37:00,-2,2.09,On Time,
9493456526,32972,2023-04-02 07:25:00,2023-04-02 07:22:00,-3,3.86,On Time,
9423261830,65046,2023-08-24 06:36:00,2023-08-24 06:39:00,3,0.75,On Time,Traffic
5793453795,52204,2024-04-13 02:43:00,2024-04-13 02:48:00,5,3.36,On Time,Traffic
2141680269,87339,2024-10-25 02:20:00,2024-10-25 02:23:00,3,4.35,On Time,Traffic
6457122136,18328,2023-05-19 07:54:00,2023-05-19 08:19:00,25,1.9,Significantly Delayed,Traffic
8447536518,60151,2023-12-21 00:03:00,2023-12-21 00:08:00,5,3.83,On Time,Traffic
3191672889,74528,2024-07-07 18:02:00,2024-07-07 18:03:00,1,2.17,On Time,Traffic
2521995712,80597,2023-08-21 01:59:00,2023-08-21 01:57:00,-2,4.53,On Time,
8194578267,18189,2023-10-11 14:06:00,2023-10-11 14:10:00,4,4.82,On Time,Traffic
2811341619,57713,2024-05-24 20:27:00,2024-05-24 20:30:00,3,1.75,On Time,Traffic
5562576298,77071,2023-11-08 13:41:00,2023-11-08 13:48:00,7,3.4,Slightly Delayed,Traffic
7446009755,72606,2023-06-15 21:08:00,2023-06-15 21:19:00,11,4.92,Slightly Delayed,Traffic
7343262659,84731,2023-04-07 06:46:00,2023-04-07 06:49:00,3,3.25,On Time,Traffic
7147677361,85980,2024-07-12 10:09:00,2024-07-12 10:09:00,0,4.23,On Time,
8732072897,81555,2023-06-14 10:48:00,2023-06-14 10:53:00,5,0.58,On Time,Traffic
6418604551,53773,2023-07-25 19:41:00,2023-07-25 19:36:00,-5,2.03,On Time,
4989511905,13120,2023-04-03 01:07:00,2023-04-03 01:06:00,-1,5.0,On Time,
2520527893,59389,2024-10-02 01:53:00,2024-10-02 02:10:00,17,1.14,Significantly Delayed,Traffic
4753989820,25584,2023-10-06 20:08:00,2023-10-06 20:08:00,0,3.16,On Time,
8285547588,15091,2024-01-02 23:27:00,2024-01-02 23:32:00,5,2.86,On Time,Traffic
5824924668,22803,2023-11-19 17:24:00,2023-11-19 17:25:00,1,1.97,On Time,Traffic
7703854141,53317,2024-05-13 17:18:00,2024-05-13 17:14:00,-4,3.6,On Time,
7380361209,84748,2023-06-27 10:48:00,2023-06-27 10:44:00,-4,0.61,On Time,
5053033745,39933,2024-04-09 13:59:00,2024-04-09 13:59:00,0,1.31,On Time,
4859489972,14184,2023-07-15 17:42:00,2023-07-15 17:40:00,-2,3.04,On Time,
9690396315,21543,2024-09-29 11:19:00,2024-09-29 11:15:00,-4,3.24,On Time,
448732557,18718,2023-12-01 00:00:00,2023-11-30 23:58:00,-2,3.93,On Time,
4927306668,69647,2023-06-08 23:32:00,2023-06-08 23:30:00,-2,1.12,On Time,
1669690997,90914,2023-12-25 16:05:00,2023-12-25 16:10:00,5,1.86,On Time,Traffic
8340761903,27952,2023-11-27 09:38:00,2023-11-27 09:36:00,-2,3.31,On Time,
5936301790,9590,2024-06-21 19:23:00,2024-06-21 19:26:00,3,2.44,On Time,Traffic
5710579377,29940,2024-06-06 15:12:00,2024-06-06 15:10:00,-2,1.76,On Time,
2494813730,32851,2023-08-23 12:20:00,2023-08-23 12:21:00,1,2.7,On Time,Traffic
